ISO-10303-21;
HEADER;
FILE_DESCRIPTION(('KiCad electronic assembly'),'2;1');
FILE_NAME('Nova Clock.step','2026-09-17T19:48:02',('Pcbnew'),('Kicad'),
  'Open CASCADE STEP processor 7.9','KiCad to STEP converter','Unknown'
  );
FILE_SCHEMA(('AUTOMOTIVE_DESIGN { 1 0 10303 214 1 1 1 1 }'));
ENDSEC;
DATA;
#1 = APPLICATION_PROTOCOL_DEFINITION('international standard',
  'automotive_design',2000,#2);
#2 = APPLICATION_CONTEXT(
  'core data for automotive mechanical design processes');
#3 = SHAPE_DEFINITION_REPRESENTATION(#4,#10);
#4 = PRODUCT_DEFINITION_SHAPE('','',#5);
#5 = PRODUCT_DEFINITION('design','',#6,#9);
#6 = PRODUCT_DEFINITION_FORMATION('','',#7);
#7 = PRODUCT('Nova Clock 1','Nova Clock 1','',(#8));
#8 = PRODUCT_CONTEXT('',#2,'mechanical');
#9 = PRODUCT_DEFINITION_CONTEXT('part definition',#2,'design');
#10 = SHAPE_REPRESENTATION('',(#11,#15,#19,#23),#27);
#11 = AXIS2_PLACEMENT_3D('',#12,#13,#14);
#12 = CARTESIAN_POINT('',(0.,0.,0.));
#13 = DIRECTION('',(0.,0.,1.));
#14 = DIRECTION('',(1.,0.,-0.));
#15 = AXIS2_PLACEMENT_3D('',#16,#17,#18);
#16 = CARTESIAN_POINT('',(170.8208,-79.5466,-8.5E-02));
#17 = DIRECTION('',(-1.224646799147E-16,-1.359631073447E-32,-1.));
#18 = DIRECTION('',(1.110223024625E-16,-1.,0.));
#19 = AXIS2_PLACEMENT_3D('',#20,#21,#22);
#20 = CARTESIAN_POINT('',(125.6508,-86.8466,-8.5E-02));
#21 = DIRECTION('',(1.224646799147E-16,-1.359631073447E-32,-1.));
#22 = DIRECTION('',(1.110223024625E-16,1.,0.));
#23 = AXIS2_PLACEMENT_3D('',#24,#25,#26);
#24 = CARTESIAN_POINT('',(0.,0.,0.));
#25 = DIRECTION('',(0.,0.,1.));
#26 = DIRECTION('',(1.,0.,-0.));
#27 = ( GEOMETRIC_REPRESENTATION_CONTEXT(3) 
GLOBAL_UNCERTAINTY_ASSIGNED_CONTEXT((#31)) GLOBAL_UNIT_ASSIGNED_CONTEXT(
(#28,#29,#30)) REPRESENTATION_CONTEXT('Context #1',
  '3D Context with UNIT and UNCERTAINTY') );
#28 = ( LENGTH_UNIT() NAMED_UNIT(*) SI_UNIT(.MILLI.,.METRE.) );
#29 = ( NAMED_UNIT(*) PLANE_ANGLE_UNIT() SI_UNIT($,.RADIAN.) );
#30 = ( NAMED_UNIT(*) SI_UNIT($,.STERADIAN.) SOLID_ANGLE_UNIT() );
#31 = UNCERTAINTY_MEASURE_WITH_UNIT(LENGTH_MEASURE(1.E-07),#28,
  'distance_accuracy_value','confusion accuracy');
#32 = PRODUCT_RELATED_PRODUCT_CATEGORY('part',$,(#7));
#33 = SHAPE_DEFINITION_REPRESENTATION(#34,#40);
#34 = PRODUCT_DEFINITION_SHAPE('','',#35);
#35 = PRODUCT_DEFINITION('design','',#36,#39);
#36 = PRODUCT_DEFINITION_FORMATION('','',#37);
#37 = PRODUCT('Buzzer_12x9.5RM7.6','Buzzer_12x9.5RM7.6','',(#38));
#38 = PRODUCT_CONTEXT('',#2,'mechanical');
#39 = PRODUCT_DEFINITION_CONTEXT('part definition',#2,'design');
#40 = SHAPE_REPRESENTATION('',(#11,#41),#45);
#41 = AXIS2_PLACEMENT_3D('',#42,#43,#44);
#42 = CARTESIAN_POINT('',(0.,0.,0.));
#43 = DIRECTION('',(0.,0.,1.));
#44 = DIRECTION('',(1.,0.,-0.));
#45 = ( GEOMETRIC_REPRESENTATION_CONTEXT(3) 
GLOBAL_UNCERTAINTY_ASSIGNED_CONTEXT((#49)) GLOBAL_UNIT_ASSIGNED_CONTEXT(
(#46,#47,#48)) REPRESENTATION_CONTEXT('Context #1',
  '3D Context with UNIT and UNCERTAINTY') );
#46 = ( LENGTH_UNIT() NAMED_UNIT(*) SI_UNIT(.MILLI.,.METRE.) );
#47 = ( NAMED_UNIT(*) PLANE_ANGLE_UNIT() SI_UNIT($,.RADIAN.) );
#48 = ( NAMED_UNIT(*) SI_UNIT($,.STERADIAN.) SOLID_ANGLE_UNIT() );
#49 = UNCERTAINTY_MEASURE_WITH_UNIT(LENGTH_MEASURE(1.E-07),#46,
  'distance_accuracy_value','confusion accuracy');
#50 = CONTEXT_DEPENDENT_SHAPE_REPRESENTATION(#51,#53);
#51 = ( REPRESENTATION_RELATIONSHIP('','',#40,#10) 
REPRESENTATION_RELATIONSHIP_WITH_TRANSFORMATION(#52) 
SHAPE_REPRESENTATION_RELATIONSHIP() );
#52 = ITEM_DEFINED_TRANSFORMATION('','',#11,#15);
#53 = PRODUCT_DEFINITION_SHAPE('Placement','Placement of an item',#54);
#54 = NEXT_ASSEMBLY_USAGE_OCCURRENCE('2','BZ1','',#5,#35,$);
#55 = PRODUCT_RELATED_PRODUCT_CATEGORY('part',$,(#37));
#56 = SHAPE_DEFINITION_REPRESENTATION(#57,#63);
#57 = PRODUCT_DEFINITION_SHAPE('','',#58);
#58 = PRODUCT_DEFINITION('design','',#59,#62);
#59 = PRODUCT_DEFINITION_FORMATION('','',#60);
#60 = PRODUCT('Buzzer_12x95RM76','Buzzer_12x95RM76','',(#61));
#61 = PRODUCT_CONTEXT('',#2,'mechanical');
#62 = PRODUCT_DEFINITION_CONTEXT('part definition',#2,'design');
#63 = ADVANCED_BREP_SHAPE_REPRESENTATION('',(#11,#64),#356);
#64 = MANIFOLD_SOLID_BREP('',#65);
#65 = CLOSED_SHELL('',(#66,#99,#125,#151,#182,#202,#227,#252,#277,#303,
    #329,#338,#347));
#66 = ADVANCED_FACE('',(#67),#94,.T.);
#67 = FACE_BOUND('',#68,.T.);
#68 = EDGE_LOOP('',(#69,#78,#86,#93));
#69 = ORIENTED_EDGE('',*,*,#70,.T.);
#70 = EDGE_CURVE('',#71,#71,#73,.T.);
#71 = VERTEX_POINT('',#72);
#72 = CARTESIAN_POINT('',(9.8,1.804356723968E-35,0.33));
#73 = CIRCLE('',#74,6.);
#74 = AXIS2_PLACEMENT_3D('',#75,#76,#77);
#75 = CARTESIAN_POINT('',(3.8,1.804356723968E-35,0.33));
#76 = DIRECTION('',(-8.559688641721E-35,6.014522413226E-35,1.));
#77 = DIRECTION('',(1.,6.690258951221E-52,8.559688641721E-35));
#78 = ORIENTED_EDGE('',*,*,#79,.T.);
#79 = EDGE_CURVE('',#71,#80,#82,.T.);
#80 = VERTEX_POINT('',#81);
#81 = CARTESIAN_POINT('',(9.8,-8.91040357515E-35,8.048518518519));
#82 = LINE('',#83,#84);
#83 = CARTESIAN_POINT('',(9.8,0.,3.E-02));
#84 = VECTOR('',#85,1.);
#85 = DIRECTION('',(0.,0.,1.));
#86 = ORIENTED_EDGE('',*,*,#87,.F.);
#87 = EDGE_CURVE('',#80,#80,#88,.T.);
#88 = CIRCLE('',#89,6.);
#89 = AXIS2_PLACEMENT_3D('',#90,#91,#92);
#90 = CARTESIAN_POINT('',(3.8,-8.91040357515E-35,8.048518518519));
#91 = DIRECTION('',(-8.559688641721E-35,6.014522413226E-35,1.));
#92 = DIRECTION('',(1.,8.259101077374E-51,8.559688641721E-35));
#93 = ORIENTED_EDGE('',*,*,#79,.F.);
#94 = CYLINDRICAL_SURFACE('',#95,6.);
#95 = AXIS2_PLACEMENT_3D('',#96,#97,#98);
#96 = CARTESIAN_POINT('',(3.8,0.,3.E-02));
#97 = DIRECTION('',(-0.,-0.,-1.));
#98 = DIRECTION('',(1.,0.,0.));
#99 = ADVANCED_FACE('',(#100),#120,.T.);
#100 = FACE_BOUND('',#101,.T.);
#101 = EDGE_LOOP('',(#102,#111,#118,#119));
#102 = ORIENTED_EDGE('',*,*,#103,.T.);
#103 = EDGE_CURVE('',#104,#104,#106,.T.);
#104 = VERTEX_POINT('',#105);
#105 = CARTESIAN_POINT('',(9.5,2.672764710092E-51,3.E-02));
#106 = CIRCLE('',#107,5.7);
#107 = AXIS2_PLACEMENT_3D('',#108,#109,#110);
#108 = CARTESIAN_POINT('',(3.8,0.,3.E-02));
#109 = DIRECTION('',(-8.559688641721E-35,6.014522413226E-35,1.));
#110 = DIRECTION('',(1.,6.690258951221E-52,8.559688641721E-35));
#111 = ORIENTED_EDGE('',*,*,#112,.F.);
#112 = EDGE_CURVE('',#71,#104,#113,.T.);
#113 = CIRCLE('',#114,0.3);
#114 = AXIS2_PLACEMENT_3D('',#115,#116,#117);
#115 = CARTESIAN_POINT('',(9.5,9.021783619839E-37,0.33));
#116 = DIRECTION('',(3.007261206613E-36,1.,-6.014522413226E-35));
#117 = DIRECTION('',(1.,-3.007261206613E-36,8.559688641721E-35));
#118 = ORIENTED_EDGE('',*,*,#70,.F.);
#119 = ORIENTED_EDGE('',*,*,#112,.T.);
#120 = TOROIDAL_SURFACE('',#121,5.7,0.3);
#121 = AXIS2_PLACEMENT_3D('',#122,#123,#124);
#122 = CARTESIAN_POINT('',(3.8,1.804356723968E-35,0.33));
#123 = DIRECTION('',(8.559688641721E-35,-6.014522413226E-35,-1.));
#124 = DIRECTION('',(1.,6.690258951221E-52,8.559688641721E-35));
#125 = ADVANCED_FACE('',(#126),#146,.T.);
#126 = FACE_BOUND('',#127,.T.);
#127 = EDGE_LOOP('',(#128,#137,#138,#139));
#128 = ORIENTED_EDGE('',*,*,#129,.F.);
#129 = EDGE_CURVE('',#80,#130,#132,.T.);
#130 = VERTEX_POINT('',#131);
#131 = CARTESIAN_POINT('',(8.318518518519,3.207317652111E-50,9.53));
#132 = CIRCLE('',#133,1.481481481481);
#133 = AXIS2_PLACEMENT_3D('',#134,#135,#136);
#134 = CARTESIAN_POINT('',(8.318518518519,-8.91040357515E-35,
    8.048518518519));
#135 = DIRECTION('',(8.259101077374E-51,-1.,6.014522413226E-35));
#136 = DIRECTION('',(1.,8.259101077374E-51,8.559688641721E-35));
#137 = ORIENTED_EDGE('',*,*,#87,.T.);
#138 = ORIENTED_EDGE('',*,*,#129,.T.);
#139 = ORIENTED_EDGE('',*,*,#140,.F.);
#140 = EDGE_CURVE('',#130,#130,#141,.T.);
#141 = CIRCLE('',#142,4.518518518519);
#142 = AXIS2_PLACEMENT_3D('',#143,#144,#145);
#143 = CARTESIAN_POINT('',(3.8,0.,9.53));
#144 = DIRECTION('',(-8.559688641721E-35,6.014522413226E-35,1.));
#145 = DIRECTION('',(1.,8.259101077374E-51,8.559688641721E-35));
#146 = TOROIDAL_SURFACE('',#147,4.518518518519,1.481481481481);
#147 = AXIS2_PLACEMENT_3D('',#148,#149,#150);
#148 = CARTESIAN_POINT('',(3.8,-8.91040357515E-35,8.048518518519));
#149 = DIRECTION('',(-8.559688641721E-35,6.014522413226E-35,1.));
#150 = DIRECTION('',(1.,8.259101077374E-51,8.559688641721E-35));
#151 = ADVANCED_FACE('',(#152,#155,#166),#177,.F.);
#152 = FACE_BOUND('',#153,.F.);
#153 = EDGE_LOOP('',(#154));
#154 = ORIENTED_EDGE('',*,*,#103,.T.);
#155 = FACE_BOUND('',#156,.F.);
#156 = EDGE_LOOP('',(#157));
#157 = ORIENTED_EDGE('',*,*,#158,.F.);
#158 = EDGE_CURVE('',#159,#159,#161,.T.);
#159 = VERTEX_POINT('',#160);
#160 = CARTESIAN_POINT('',(0.45,0.,3.E-02));
#161 = CIRCLE('',#162,0.45);
#162 = AXIS2_PLACEMENT_3D('',#163,#164,#165);
#163 = CARTESIAN_POINT('',(0.,0.,3.E-02));
#164 = DIRECTION('',(0.,0.,1.));
#165 = DIRECTION('',(1.,0.,-0.));
#166 = FACE_BOUND('',#167,.F.);
#167 = EDGE_LOOP('',(#168));
#168 = ORIENTED_EDGE('',*,*,#169,.F.);
#169 = EDGE_CURVE('',#170,#170,#172,.T.);
#170 = VERTEX_POINT('',#171);
#171 = CARTESIAN_POINT('',(8.05,0.,3.E-02));
#172 = CIRCLE('',#173,0.45);
#173 = AXIS2_PLACEMENT_3D('',#174,#175,#176);
#174 = CARTESIAN_POINT('',(7.6,0.,3.E-02));
#175 = DIRECTION('',(0.,0.,1.));
#176 = DIRECTION('',(1.,0.,-0.));
#177 = PLANE('',#178);
#178 = AXIS2_PLACEMENT_3D('',#179,#180,#181);
#179 = CARTESIAN_POINT('',(3.8,2.108840176837E-16,3.E-02));
#180 = DIRECTION('',(-8.559688641721E-35,6.014522413226E-35,1.));
#181 = DIRECTION('',(1.,0.,8.559688641721E-35));
#182 = ADVANCED_FACE('',(#183,#186),#197,.T.);
#183 = FACE_BOUND('',#184,.T.);
#184 = EDGE_LOOP('',(#185));
#185 = ORIENTED_EDGE('',*,*,#140,.T.);
#186 = FACE_BOUND('',#187,.T.);
#187 = EDGE_LOOP('',(#188));
#188 = ORIENTED_EDGE('',*,*,#189,.T.);
#189 = EDGE_CURVE('',#190,#190,#192,.T.);
#190 = VERTEX_POINT('',#191);
#191 = CARTESIAN_POINT('',(4.8,0.,9.53));
#192 = CIRCLE('',#193,1.);
#193 = AXIS2_PLACEMENT_3D('',#194,#195,#196);
#194 = CARTESIAN_POINT('',(3.8,0.,9.53));
#195 = DIRECTION('',(0.,0.,-1.));
#196 = DIRECTION('',(1.,0.,0.));
#197 = PLANE('',#198);
#198 = AXIS2_PLACEMENT_3D('',#199,#200,#201);
#199 = CARTESIAN_POINT('',(3.8,2.108840176837E-16,9.53));
#200 = DIRECTION('',(-8.559688641721E-35,6.014522413226E-35,1.));
#201 = DIRECTION('',(1.,0.,8.559688641721E-35));
#202 = ADVANCED_FACE('',(#203),#222,.T.);
#203 = FACE_BOUND('',#204,.T.);
#204 = EDGE_LOOP('',(#205,#206,#214,#221));
#205 = ORIENTED_EDGE('',*,*,#158,.F.);
#206 = ORIENTED_EDGE('',*,*,#207,.T.);
#207 = EDGE_CURVE('',#159,#208,#210,.T.);
#208 = VERTEX_POINT('',#209);
#209 = CARTESIAN_POINT('',(0.45,0.,-2.82));
#210 = LINE('',#211,#212);
#211 = CARTESIAN_POINT('',(0.45,0.,1.03));
#212 = VECTOR('',#213,1.);
#213 = DIRECTION('',(-0.,-0.,-1.));
#214 = ORIENTED_EDGE('',*,*,#215,.T.);
#215 = EDGE_CURVE('',#208,#208,#216,.T.);
#216 = CIRCLE('',#217,0.45);
#217 = AXIS2_PLACEMENT_3D('',#218,#219,#220);
#218 = CARTESIAN_POINT('',(0.,0.,-2.82));
#219 = DIRECTION('',(0.,0.,1.));
#220 = DIRECTION('',(1.,0.,-0.));
#221 = ORIENTED_EDGE('',*,*,#207,.F.);
#222 = CYLINDRICAL_SURFACE('',#223,0.45);
#223 = AXIS2_PLACEMENT_3D('',#224,#225,#226);
#224 = CARTESIAN_POINT('',(0.,0.,1.03));
#225 = DIRECTION('',(0.,0.,1.));
#226 = DIRECTION('',(1.,0.,-0.));
#227 = ADVANCED_FACE('',(#228),#247,.T.);
#228 = FACE_BOUND('',#229,.T.);
#229 = EDGE_LOOP('',(#230,#231,#239,#246));
#230 = ORIENTED_EDGE('',*,*,#169,.F.);
#231 = ORIENTED_EDGE('',*,*,#232,.T.);
#232 = EDGE_CURVE('',#170,#233,#235,.T.);
#233 = VERTEX_POINT('',#234);
#234 = CARTESIAN_POINT('',(8.05,6.042804770876E-33,-2.82));
#235 = LINE('',#236,#237);
#236 = CARTESIAN_POINT('',(8.05,0.,1.03));
#237 = VECTOR('',#238,1.);
#238 = DIRECTION('',(-0.,-0.,-1.));
#239 = ORIENTED_EDGE('',*,*,#240,.T.);
#240 = EDGE_CURVE('',#233,#233,#241,.T.);
#241 = CIRCLE('',#242,0.45);
#242 = AXIS2_PLACEMENT_3D('',#243,#244,#245);
#243 = CARTESIAN_POINT('',(7.6,-1.29542663314E-31,-2.82));
#244 = DIRECTION('',(-1.19708830782E-30,3.357113761597E-32,1.));
#245 = DIRECTION('',(1.,3.013010401886E-31,1.19708830782E-30));
#246 = ORIENTED_EDGE('',*,*,#232,.F.);
#247 = CYLINDRICAL_SURFACE('',#248,0.45);
#248 = AXIS2_PLACEMENT_3D('',#249,#250,#251);
#249 = CARTESIAN_POINT('',(7.6,0.,1.03));
#250 = DIRECTION('',(0.,0.,1.));
#251 = DIRECTION('',(1.,0.,-0.));
#252 = ADVANCED_FACE('',(#253),#272,.F.);
#253 = FACE_BOUND('',#254,.F.);
#254 = EDGE_LOOP('',(#255,#263,#264,#265));
#255 = ORIENTED_EDGE('',*,*,#256,.T.);
#256 = EDGE_CURVE('',#257,#190,#259,.T.);
#257 = VERTEX_POINT('',#258);
#258 = CARTESIAN_POINT('',(4.8,0.,9.33));
#259 = LINE('',#260,#261);
#260 = CARTESIAN_POINT('',(4.8,0.,1.93));
#261 = VECTOR('',#262,1.);
#262 = DIRECTION('',(0.,0.,1.));
#263 = ORIENTED_EDGE('',*,*,#189,.T.);
#264 = ORIENTED_EDGE('',*,*,#256,.F.);
#265 = ORIENTED_EDGE('',*,*,#266,.T.);
#266 = EDGE_CURVE('',#257,#257,#267,.T.);
#267 = CIRCLE('',#268,1.);
#268 = AXIS2_PLACEMENT_3D('',#269,#270,#271);
#269 = CARTESIAN_POINT('',(3.8,0.,9.33));
#270 = DIRECTION('',(0.,0.,1.));
#271 = DIRECTION('',(1.,0.,-0.));
#272 = CYLINDRICAL_SURFACE('',#273,1.);
#273 = AXIS2_PLACEMENT_3D('',#274,#275,#276);
#274 = CARTESIAN_POINT('',(3.8,0.,1.93));
#275 = DIRECTION('',(-0.,-0.,-1.));
#276 = DIRECTION('',(1.,0.,0.));
#277 = ADVANCED_FACE('',(#278),#298,.T.);
#278 = FACE_BOUND('',#279,.T.);
#279 = EDGE_LOOP('',(#280,#289,#296,#297));
#280 = ORIENTED_EDGE('',*,*,#281,.T.);
#281 = EDGE_CURVE('',#282,#282,#284,.T.);
#282 = VERTEX_POINT('',#283);
#283 = CARTESIAN_POINT('',(0.27,0.,-3.));
#284 = CIRCLE('',#285,0.27);
#285 = AXIS2_PLACEMENT_3D('',#286,#287,#288);
#286 = CARTESIAN_POINT('',(0.,0.,-3.));
#287 = DIRECTION('',(0.,0.,1.));
#288 = DIRECTION('',(1.,0.,-0.));
#289 = ORIENTED_EDGE('',*,*,#290,.F.);
#290 = EDGE_CURVE('',#208,#282,#291,.T.);
#291 = CIRCLE('',#292,0.18);
#292 = AXIS2_PLACEMENT_3D('',#293,#294,#295);
#293 = CARTESIAN_POINT('',(0.27,0.,-2.82));
#294 = DIRECTION('',(-0.,1.,0.));
#295 = DIRECTION('',(1.,0.,0.));
#296 = ORIENTED_EDGE('',*,*,#215,.F.);
#297 = ORIENTED_EDGE('',*,*,#290,.T.);
#298 = TOROIDAL_SURFACE('',#299,0.27,0.18);
#299 = AXIS2_PLACEMENT_3D('',#300,#301,#302);
#300 = CARTESIAN_POINT('',(0.,0.,-2.82));
#301 = DIRECTION('',(-0.,-0.,-1.));
#302 = DIRECTION('',(1.,0.,0.));
#303 = ADVANCED_FACE('',(#304),#324,.T.);
#304 = FACE_BOUND('',#305,.T.);
#305 = EDGE_LOOP('',(#306,#315,#322,#323));
#306 = ORIENTED_EDGE('',*,*,#307,.T.);
#307 = EDGE_CURVE('',#308,#308,#310,.T.);
#308 = VERTEX_POINT('',#309);
#309 = CARTESIAN_POINT('',(7.87,-5.423418723394E-32,-3.));
#310 = CIRCLE('',#311,0.27);
#311 = AXIS2_PLACEMENT_3D('',#312,#313,#314);
#312 = CARTESIAN_POINT('',(7.6,-1.355854680849E-31,-3.));
#313 = DIRECTION('',(-1.19708830782E-30,3.357113761597E-32,1.));
#314 = DIRECTION('',(1.,3.013010401886E-31,1.19708830782E-30));
#315 = ORIENTED_EDGE('',*,*,#316,.F.);
#316 = EDGE_CURVE('',#233,#308,#317,.T.);
#317 = CIRCLE('',#318,0.18);
#318 = AXIS2_PLACEMENT_3D('',#319,#320,#321);
#319 = CARTESIAN_POINT('',(7.87,-5.181706532559E-32,-2.82));
#320 = DIRECTION('',(-2.878725851422E-31,1.,-3.357113761597E-32));
#321 = DIRECTION('',(1.,2.878725851422E-31,1.19708830782E-30));
#322 = ORIENTED_EDGE('',*,*,#240,.F.);
#323 = ORIENTED_EDGE('',*,*,#316,.T.);
#324 = TOROIDAL_SURFACE('',#325,0.27,0.18);
#325 = AXIS2_PLACEMENT_3D('',#326,#327,#328);
#326 = CARTESIAN_POINT('',(7.6,-1.29542663314E-31,-2.82));
#327 = DIRECTION('',(1.19708830782E-30,-3.357113761597E-32,-1.));
#328 = DIRECTION('',(1.,3.013010401886E-31,1.19708830782E-30));
#329 = ADVANCED_FACE('',(#330),#333,.T.);
#330 = FACE_BOUND('',#331,.T.);
#331 = EDGE_LOOP('',(#332));
#332 = ORIENTED_EDGE('',*,*,#266,.T.);
#333 = PLANE('',#334);
#334 = AXIS2_PLACEMENT_3D('',#335,#336,#337);
#335 = CARTESIAN_POINT('',(3.8,8.737595245399E-17,9.33));
#336 = DIRECTION('',(-4.930380657631E-31,-1.632186346944E-32,1.));
#337 = DIRECTION('',(1.,0.,4.930380657631E-31));
#338 = ADVANCED_FACE('',(#339),#342,.F.);
#339 = FACE_BOUND('',#340,.F.);
#340 = EDGE_LOOP('',(#341));
#341 = ORIENTED_EDGE('',*,*,#281,.T.);
#342 = PLANE('',#343);
#343 = AXIS2_PLACEMENT_3D('',#344,#345,#346);
#344 = CARTESIAN_POINT('',(-1.18701400394E-17,2.911085817041E-17,-3.));
#345 = DIRECTION('',(0.,0.,1.));
#346 = DIRECTION('',(1.,0.,-0.));
#347 = ADVANCED_FACE('',(#348),#351,.F.);
#348 = FACE_BOUND('',#349,.F.);
#349 = EDGE_LOOP('',(#350));
#350 = ORIENTED_EDGE('',*,*,#307,.T.);
#351 = PLANE('',#352);
#352 = AXIS2_PLACEMENT_3D('',#353,#354,#355);
#353 = CARTESIAN_POINT('',(7.6,-1.836970198721E-17,-3.));
#354 = DIRECTION('',(-1.19708830782E-30,3.357113761597E-32,1.));
#355 = DIRECTION('',(1.,0.,1.19708830782E-30));
#356 = ( GEOMETRIC_REPRESENTATION_CONTEXT(3) 
GLOBAL_UNCERTAINTY_ASSIGNED_CONTEXT((#360)) GLOBAL_UNIT_ASSIGNED_CONTEXT
((#357,#358,#359)) REPRESENTATION_CONTEXT('Context #1',
  '3D Context with UNIT and UNCERTAINTY') );
#357 = ( LENGTH_UNIT() NAMED_UNIT(*) SI_UNIT(.MILLI.,.METRE.) );
#358 = ( NAMED_UNIT(*) PLANE_ANGLE_UNIT() SI_UNIT($,.RADIAN.) );
#359 = ( NAMED_UNIT(*) SI_UNIT($,.STERADIAN.) SOLID_ANGLE_UNIT() );
#360 = UNCERTAINTY_MEASURE_WITH_UNIT(LENGTH_MEASURE(1.E-07),#357,
  'distance_accuracy_value','confusion accuracy');
#361 = CONTEXT_DEPENDENT_SHAPE_REPRESENTATION(#362,#364);
#362 = ( REPRESENTATION_RELATIONSHIP('','',#63,#40) 
REPRESENTATION_RELATIONSHIP_WITH_TRANSFORMATION(#363) 
SHAPE_REPRESENTATION_RELATIONSHIP() );
#363 = ITEM_DEFINED_TRANSFORMATION('','',#11,#41);
#364 = PRODUCT_DEFINITION_SHAPE('Placement','Placement of an item',#365
  );
#365 = NEXT_ASSEMBLY_USAGE_OCCURRENCE('1','=>[0:1:1:3]','',#35,#58,$);
#366 = PRODUCT_RELATED_PRODUCT_CATEGORY('part',$,(#60));
#367 = SHAPE_DEFINITION_REPRESENTATION(#368,#374);
#368 = PRODUCT_DEFINITION_SHAPE('','',#369);
#369 = PRODUCT_DEFINITION('design','',#370,#373);
#370 = PRODUCT_DEFINITION_FORMATION('','',#371);
#371 = PRODUCT('PinSocket_1x08_P2.54mm_Vertical',
  'PinSocket_1x08_P2.54mm_Vertical','',(#372));
#372 = PRODUCT_CONTEXT('',#2,'mechanical');
#373 = PRODUCT_DEFINITION_CONTEXT('part definition',#2,'design');
#374 = SHAPE_REPRESENTATION('',(#11,#375),#379);
#375 = AXIS2_PLACEMENT_3D('',#376,#377,#378);
#376 = CARTESIAN_POINT('',(0.,0.,0.));
#377 = DIRECTION('',(0.,0.,1.));
#378 = DIRECTION('',(1.,0.,-0.));
#379 = ( GEOMETRIC_REPRESENTATION_CONTEXT(3) 
GLOBAL_UNCERTAINTY_ASSIGNED_CONTEXT((#383)) GLOBAL_UNIT_ASSIGNED_CONTEXT
((#380,#381,#382)) REPRESENTATION_CONTEXT('Context #1',
  '3D Context with UNIT and UNCERTAINTY') );
#380 = ( LENGTH_UNIT() NAMED_UNIT(*) SI_UNIT(.MILLI.,.METRE.) );
#381 = ( NAMED_UNIT(*) PLANE_ANGLE_UNIT() SI_UNIT($,.RADIAN.) );
#382 = ( NAMED_UNIT(*) SI_UNIT($,.STERADIAN.) SOLID_ANGLE_UNIT() );
#383 = UNCERTAINTY_MEASURE_WITH_UNIT(LENGTH_MEASURE(1.E-07),#380,
  'distance_accuracy_value','confusion accuracy');
#384 = CONTEXT_DEPENDENT_SHAPE_REPRESENTATION(#385,#387);
#385 = ( REPRESENTATION_RELATIONSHIP('','',#374,#10) 
REPRESENTATION_RELATIONSHIP_WITH_TRANSFORMATION(#386) 
SHAPE_REPRESENTATION_RELATIONSHIP() );
#386 = ITEM_DEFINED_TRANSFORMATION('','',#11,#19);
#387 = PRODUCT_DEFINITION_SHAPE('Placement','Placement of an item',#388
  );
#388 = NEXT_ASSEMBLY_USAGE_OCCURRENCE('4','J1','',#5,#369,$);
#389 = PRODUCT_RELATED_PRODUCT_CATEGORY('part',$,(#371));
#390 = SHAPE_DEFINITION_REPRESENTATION(#391,#397);
#391 = PRODUCT_DEFINITION_SHAPE('','',#392);
#392 = PRODUCT_DEFINITION('design','',#393,#396);
#393 = PRODUCT_DEFINITION_FORMATION('','',#394);
#394 = PRODUCT('PinSocket_1x08_P2.54mm_Vertical',
  'PinSocket_1x08_P2.54mm_Vertical','',(#395));
#395 = PRODUCT_CONTEXT('',#2,'mechanical');
#396 = PRODUCT_DEFINITION_CONTEXT('part definition',#2,'design');
#397 = ADVANCED_BREP_SHAPE_REPRESENTATION('',(#11,#398),#6888);
#398 = MANIFOLD_SOLID_BREP('',#399);
#399 = CLOSED_SHELL('',(#400,#440,#503,#566,#583,#872,#894,#911,#1456,
    #1468,#1480,#1511,#1535,#1559,#1576,#1607,#1631,#1655,#1672,#1703,
    #1727,#1751,#1768,#1799,#1823,#1847,#1864,#1895,#1919,#1943,#1960,
    #1991,#2015,#2039,#2056,#2087,#2111,#2135,#2152,#2183,#2207,#2231,
    #2248,#2265,#2312,#2329,#2376,#2393,#2440,#2457,#2504,#2521,#2568,
    #2585,#2632,#2649,#2696,#2713,#2760,#2777,#2824,#2841,#2888,#2905,
    #2952,#2969,#3016,#3033,#3080,#3097,#3144,#3161,#3208,#3225,#3272,
    #3303,#3359,#3383,#3432,#3463,#3519,#3543,#3592,#3623,#3679,#3703,
    #3752,#3783,#3839,#3863,#3912,#3943,#3999,#4023,#4072,#4103,#4159,
    #4183,#4232,#4263,#4319,#4343,#4392,#4423,#4479,#4503,#4552,#4569,
    #4586,#4603,#4620,#4632,#4649,#4666,#4683,#4700,#4712,#4729,#4746,
    #4763,#4780,#4792,#4809,#4826,#4843,#4860,#4872,#4889,#4906,#4923,
    #4940,#4952,#4969,#4986,#5003,#5020,#5032,#5049,#5066,#5083,#5100,
    #5112,#5129,#5146,#5163,#5180,#5192,#5209,#5226,#5275,#5299,#5341,
    #5358,#5375,#5392,#5441,#5465,#5507,#5524,#5541,#5558,#5607,#5631,
    #5673,#5690,#5707,#5724,#5773,#5797,#5839,#5856,#5873,#5890,#5939,
    #5963,#6005,#6022,#6039,#6056,#6105,#6129,#6171,#6188,#6205,#6222,
    #6271,#6295,#6337,#6354,#6371,#6388,#6437,#6461,#6503,#6520,#6537,
    #6554,#6566,#6583,#6600,#6612,#6629,#6646,#6658,#6675,#6692,#6704,
    #6721,#6738,#6750,#6767,#6784,#6796,#6813,#6830,#6842,#6859,#6876));
#400 = ADVANCED_FACE('',(#401),#435,.F.);
#401 = FACE_BOUND('',#402,.F.);
#402 = EDGE_LOOP('',(#403,#413,#421,#429));
#403 = ORIENTED_EDGE('',*,*,#404,.T.);
#404 = EDGE_CURVE('',#405,#407,#409,.T.);
#405 = VERTEX_POINT('',#406);
#406 = CARTESIAN_POINT('',(1.27,-19.05,0.));
#407 = VERTEX_POINT('',#408);
#408 = CARTESIAN_POINT('',(1.27,-19.05,8.5));
#409 = LINE('',#410,#411);
#410 = CARTESIAN_POINT('',(1.27,-19.05,0.));
#411 = VECTOR('',#412,1.);
#412 = DIRECTION('',(0.,0.,1.));
#413 = ORIENTED_EDGE('',*,*,#414,.T.);
#414 = EDGE_CURVE('',#407,#415,#417,.T.);
#415 = VERTEX_POINT('',#416);
#416 = CARTESIAN_POINT('',(1.27,1.27,8.5));
#417 = LINE('',#418,#419);
#418 = CARTESIAN_POINT('',(1.27,-19.05,8.5));
#419 = VECTOR('',#420,1.);
#420 = DIRECTION('',(1.110223024625E-16,1.,0.));
#421 = ORIENTED_EDGE('',*,*,#422,.F.);
#422 = EDGE_CURVE('',#423,#415,#425,.T.);
#423 = VERTEX_POINT('',#424);
#424 = CARTESIAN_POINT('',(1.27,1.27,0.));
#425 = LINE('',#426,#427);
#426 = CARTESIAN_POINT('',(1.27,1.27,0.));
#427 = VECTOR('',#428,1.);
#428 = DIRECTION('',(0.,0.,1.));
#429 = ORIENTED_EDGE('',*,*,#430,.F.);
#430 = EDGE_CURVE('',#405,#423,#431,.T.);
#431 = LINE('',#432,#433);
#432 = CARTESIAN_POINT('',(1.27,-19.05,0.));
#433 = VECTOR('',#434,1.);
#434 = DIRECTION('',(1.110223024625E-16,1.,0.));
#435 = PLANE('',#436);
#436 = AXIS2_PLACEMENT_3D('',#437,#438,#439);
#437 = CARTESIAN_POINT('',(1.27,-19.05,0.));
#438 = DIRECTION('',(-1.,1.110223024625E-16,0.));
#439 = DIRECTION('',(1.110223024625E-16,1.,0.));
#440 = ADVANCED_FACE('',(#441),#498,.F.);
#441 = FACE_BOUND('',#442,.F.);
#442 = EDGE_LOOP('',(#443,#453,#461,#467,#468,#476,#484,#492));
#443 = ORIENTED_EDGE('',*,*,#444,.F.);
#444 = EDGE_CURVE('',#445,#447,#449,.T.);
#445 = VERTEX_POINT('',#446);
#446 = CARTESIAN_POINT('',(-1.27,-19.05,0.));
#447 = VERTEX_POINT('',#448);
#448 = CARTESIAN_POINT('',(-0.846666666667,-19.05,0.));
#449 = LINE('',#450,#451);
#450 = CARTESIAN_POINT('',(-1.27,-19.05,0.));
#451 = VECTOR('',#452,1.);
#452 = DIRECTION('',(1.,-1.110223024625E-16,0.));
#453 = ORIENTED_EDGE('',*,*,#454,.T.);
#454 = EDGE_CURVE('',#445,#455,#457,.T.);
#455 = VERTEX_POINT('',#456);
#456 = CARTESIAN_POINT('',(-1.27,-19.05,8.5));
#457 = LINE('',#458,#459);
#458 = CARTESIAN_POINT('',(-1.27,-19.05,0.));
#459 = VECTOR('',#460,1.);
#460 = DIRECTION('',(0.,0.,1.));
#461 = ORIENTED_EDGE('',*,*,#462,.T.);
#462 = EDGE_CURVE('',#455,#407,#463,.T.);
#463 = LINE('',#464,#465);
#464 = CARTESIAN_POINT('',(-1.27,-19.05,8.5));
#465 = VECTOR('',#466,1.);
#466 = DIRECTION('',(1.,-1.110223024625E-16,0.));
#467 = ORIENTED_EDGE('',*,*,#404,.F.);
#468 = ORIENTED_EDGE('',*,*,#469,.F.);
#469 = EDGE_CURVE('',#470,#405,#472,.T.);
#470 = VERTEX_POINT('',#471);
#471 = CARTESIAN_POINT('',(0.846666666667,-19.05,0.));
#472 = LINE('',#473,#474);
#473 = CARTESIAN_POINT('',(-1.27,-19.05,0.));
#474 = VECTOR('',#475,1.);
#475 = DIRECTION('',(1.,-1.110223024625E-16,0.));
#476 = ORIENTED_EDGE('',*,*,#477,.T.);
#477 = EDGE_CURVE('',#470,#478,#480,.T.);
#478 = VERTEX_POINT('',#479);
#479 = CARTESIAN_POINT('',(0.846666666667,-19.05,0.2));
#480 = LINE('',#481,#482);
#481 = CARTESIAN_POINT('',(0.846666666667,-19.05,0.));
#482 = VECTOR('',#483,1.);
#483 = DIRECTION('',(0.,0.,1.));
#484 = ORIENTED_EDGE('',*,*,#485,.F.);
#485 = EDGE_CURVE('',#486,#478,#488,.T.);
#486 = VERTEX_POINT('',#487);
#487 = CARTESIAN_POINT('',(-0.846666666667,-19.05,0.2));
#488 = LINE('',#489,#490);
#489 = CARTESIAN_POINT('',(-0.846666666667,-19.05,0.2));
#490 = VECTOR('',#491,1.);
#491 = DIRECTION('',(1.,-1.110223024625E-16,0.));
#492 = ORIENTED_EDGE('',*,*,#493,.F.);
#493 = EDGE_CURVE('',#447,#486,#494,.T.);
#494 = LINE('',#495,#496);
#495 = CARTESIAN_POINT('',(-0.846666666667,-19.05,0.));
#496 = VECTOR('',#497,1.);
#497 = DIRECTION('',(0.,0.,1.));
#498 = PLANE('',#499);
#499 = AXIS2_PLACEMENT_3D('',#500,#501,#502);
#500 = CARTESIAN_POINT('',(-1.27,-19.05,0.));
#501 = DIRECTION('',(1.110223024625E-16,1.,0.));
#502 = DIRECTION('',(1.,-1.110223024625E-16,0.));
#503 = ADVANCED_FACE('',(#504),#561,.F.);
#504 = FACE_BOUND('',#505,.F.);
#505 = EDGE_LOOP('',(#506,#514,#515,#523,#531,#539,#547,#555));
#506 = ORIENTED_EDGE('',*,*,#507,.F.);
#507 = EDGE_CURVE('',#423,#508,#510,.T.);
#508 = VERTEX_POINT('',#509);
#509 = CARTESIAN_POINT('',(0.846666666667,1.27,0.));
#510 = LINE('',#511,#512);
#511 = CARTESIAN_POINT('',(1.27,1.27,0.));
#512 = VECTOR('',#513,1.);
#513 = DIRECTION('',(-1.,1.110223024625E-16,0.));
#514 = ORIENTED_EDGE('',*,*,#422,.T.);
#515 = ORIENTED_EDGE('',*,*,#516,.T.);
#516 = EDGE_CURVE('',#415,#517,#519,.T.);
#517 = VERTEX_POINT('',#518);
#518 = CARTESIAN_POINT('',(-1.27,1.27,8.5));
#519 = LINE('',#520,#521);
#520 = CARTESIAN_POINT('',(1.27,1.27,8.5));
#521 = VECTOR('',#522,1.);
#522 = DIRECTION('',(-1.,1.110223024625E-16,0.));
#523 = ORIENTED_EDGE('',*,*,#524,.F.);
#524 = EDGE_CURVE('',#525,#517,#527,.T.);
#525 = VERTEX_POINT('',#526);
#526 = CARTESIAN_POINT('',(-1.27,1.27,0.));
#527 = LINE('',#528,#529);
#528 = CARTESIAN_POINT('',(-1.27,1.27,0.));
#529 = VECTOR('',#530,1.);
#530 = DIRECTION('',(0.,0.,1.));
#531 = ORIENTED_EDGE('',*,*,#532,.F.);
#532 = EDGE_CURVE('',#533,#525,#535,.T.);
#533 = VERTEX_POINT('',#534);
#534 = CARTESIAN_POINT('',(-0.846666666667,1.27,0.));
#535 = LINE('',#536,#537);
#536 = CARTESIAN_POINT('',(1.27,1.27,0.));
#537 = VECTOR('',#538,1.);
#538 = DIRECTION('',(-1.,1.110223024625E-16,0.));
#539 = ORIENTED_EDGE('',*,*,#540,.T.);
#540 = EDGE_CURVE('',#533,#541,#543,.T.);
#541 = VERTEX_POINT('',#542);
#542 = CARTESIAN_POINT('',(-0.846666666667,1.27,0.2));
#543 = LINE('',#544,#545);
#544 = CARTESIAN_POINT('',(-0.846666666667,1.27,0.));
#545 = VECTOR('',#546,1.);
#546 = DIRECTION('',(0.,0.,1.));
#547 = ORIENTED_EDGE('',*,*,#548,.F.);
#548 = EDGE_CURVE('',#549,#541,#551,.T.);
#549 = VERTEX_POINT('',#550);
#550 = CARTESIAN_POINT('',(0.846666666667,1.27,0.2));
#551 = LINE('',#552,#553);
#552 = CARTESIAN_POINT('',(0.846666666667,1.27,0.2));
#553 = VECTOR('',#554,1.);
#554 = DIRECTION('',(-1.,1.110223024625E-16,0.));
#555 = ORIENTED_EDGE('',*,*,#556,.F.);
#556 = EDGE_CURVE('',#508,#549,#557,.T.);
#557 = LINE('',#558,#559);
#558 = CARTESIAN_POINT('',(0.846666666667,1.27,0.));
#559 = VECTOR('',#560,1.);
#560 = DIRECTION('',(0.,0.,1.));
#561 = PLANE('',#562);
#562 = AXIS2_PLACEMENT_3D('',#563,#564,#565);
#563 = CARTESIAN_POINT('',(1.27,1.27,0.));
#564 = DIRECTION('',(-1.110223024625E-16,-1.,0.));
#565 = DIRECTION('',(-1.,1.110223024625E-16,0.));
#566 = ADVANCED_FACE('',(#567),#578,.F.);
#567 = FACE_BOUND('',#568,.F.);
#568 = EDGE_LOOP('',(#569,#570,#571,#572));
#569 = ORIENTED_EDGE('',*,*,#469,.T.);
#570 = ORIENTED_EDGE('',*,*,#430,.T.);
#571 = ORIENTED_EDGE('',*,*,#507,.T.);
#572 = ORIENTED_EDGE('',*,*,#573,.F.);
#573 = EDGE_CURVE('',#470,#508,#574,.T.);
#574 = LINE('',#575,#576);
#575 = CARTESIAN_POINT('',(0.846666666667,-19.05,0.));
#576 = VECTOR('',#577,1.);
#577 = DIRECTION('',(1.110223024625E-16,1.,0.));
#578 = PLANE('',#579);
#579 = AXIS2_PLACEMENT_3D('',#580,#581,#582);
#580 = CARTESIAN_POINT('',(-9.592326932761E-16,-8.89,0.));
#581 = DIRECTION('',(0.,0.,1.));
#582 = DIRECTION('',(1.110223024625E-16,1.,-0.));
#583 = ADVANCED_FACE('',(#584,#595,#629,#663,#697,#731,#765,#799,#833),
  #867,.T.);
#584 = FACE_BOUND('',#585,.T.);
#585 = EDGE_LOOP('',(#586,#587,#588,#594));
#586 = ORIENTED_EDGE('',*,*,#414,.T.);
#587 = ORIENTED_EDGE('',*,*,#516,.T.);
#588 = ORIENTED_EDGE('',*,*,#589,.T.);
#589 = EDGE_CURVE('',#517,#455,#590,.T.);
#590 = LINE('',#591,#592);
#591 = CARTESIAN_POINT('',(-1.27,1.27,8.5));
#592 = VECTOR('',#593,1.);
#593 = DIRECTION('',(-1.110223024625E-16,-1.,0.));
#594 = ORIENTED_EDGE('',*,*,#462,.T.);
#595 = FACE_BOUND('',#596,.T.);
#596 = EDGE_LOOP('',(#597,#607,#615,#623));
#597 = ORIENTED_EDGE('',*,*,#598,.F.);
#598 = EDGE_CURVE('',#599,#601,#603,.T.);
#599 = VERTEX_POINT('',#600);
#600 = CARTESIAN_POINT('',(0.6,-18.38,8.5));
#601 = VERTEX_POINT('',#602);
#602 = CARTESIAN_POINT('',(0.6,-17.18,8.5));
#603 = LINE('',#604,#605);
#604 = CARTESIAN_POINT('',(0.6,-18.38,8.5));
#605 = VECTOR('',#606,1.);
#606 = DIRECTION('',(1.110223024625E-16,1.,0.));
#607 = ORIENTED_EDGE('',*,*,#608,.F.);
#608 = EDGE_CURVE('',#609,#599,#611,.T.);
#609 = VERTEX_POINT('',#610);
#610 = CARTESIAN_POINT('',(-0.6,-18.38,8.5));
#611 = LINE('',#612,#613);
#612 = CARTESIAN_POINT('',(-0.6,-18.38,8.5));
#613 = VECTOR('',#614,1.);
#614 = DIRECTION('',(1.,-1.110223024625E-16,0.));
#615 = ORIENTED_EDGE('',*,*,#616,.F.);
#616 = EDGE_CURVE('',#617,#609,#619,.T.);
#617 = VERTEX_POINT('',#618);
#618 = CARTESIAN_POINT('',(-0.6,-17.18,8.5));
#619 = LINE('',#620,#621);
#620 = CARTESIAN_POINT('',(-0.6,-17.18,8.5));
#621 = VECTOR('',#622,1.);
#622 = DIRECTION('',(-1.110223024625E-16,-1.,0.));
#623 = ORIENTED_EDGE('',*,*,#624,.F.);
#624 = EDGE_CURVE('',#601,#617,#625,.T.);
#625 = LINE('',#626,#627);
#626 = CARTESIAN_POINT('',(0.6,-17.18,8.5));
#627 = VECTOR('',#628,1.);
#628 = DIRECTION('',(-1.,1.110223024625E-16,0.));
#629 = FACE_BOUND('',#630,.T.);
#630 = EDGE_LOOP('',(#631,#641,#649,#657));
#631 = ORIENTED_EDGE('',*,*,#632,.F.);
#632 = EDGE_CURVE('',#633,#635,#637,.T.);
#633 = VERTEX_POINT('',#634);
#634 = CARTESIAN_POINT('',(0.6,-15.84,8.5));
#635 = VERTEX_POINT('',#636);
#636 = CARTESIAN_POINT('',(0.6,-14.64,8.5));
#637 = LINE('',#638,#639);
#638 = CARTESIAN_POINT('',(0.6,-15.84,8.5));
#639 = VECTOR('',#640,1.);
#640 = DIRECTION('',(1.110223024625E-16,1.,0.));
#641 = ORIENTED_EDGE('',*,*,#642,.F.);
#642 = EDGE_CURVE('',#643,#633,#645,.T.);
#643 = VERTEX_POINT('',#644);
#644 = CARTESIAN_POINT('',(-0.6,-15.84,8.5));
#645 = LINE('',#646,#647);
#646 = CARTESIAN_POINT('',(-0.6,-15.84,8.5));
#647 = VECTOR('',#648,1.);
#648 = DIRECTION('',(1.,-1.110223024625E-16,0.));
#649 = ORIENTED_EDGE('',*,*,#650,.F.);
#650 = EDGE_CURVE('',#651,#643,#653,.T.);
#651 = VERTEX_POINT('',#652);
#652 = CARTESIAN_POINT('',(-0.6,-14.64,8.5));
#653 = LINE('',#654,#655);
#654 = CARTESIAN_POINT('',(-0.6,-14.64,8.5));
#655 = VECTOR('',#656,1.);
#656 = DIRECTION('',(-1.110223024625E-16,-1.,0.));
#657 = ORIENTED_EDGE('',*,*,#658,.F.);
#658 = EDGE_CURVE('',#635,#651,#659,.T.);
#659 = LINE('',#660,#661);
#660 = CARTESIAN_POINT('',(0.6,-14.64,8.5));
#661 = VECTOR('',#662,1.);
#662 = DIRECTION('',(-1.,1.110223024625E-16,0.));
#663 = FACE_BOUND('',#664,.T.);
#664 = EDGE_LOOP('',(#665,#675,#683,#691));
#665 = ORIENTED_EDGE('',*,*,#666,.F.);
#666 = EDGE_CURVE('',#667,#669,#671,.T.);
#667 = VERTEX_POINT('',#668);
#668 = CARTESIAN_POINT('',(0.6,-13.3,8.5));
#669 = VERTEX_POINT('',#670);
#670 = CARTESIAN_POINT('',(0.6,-12.1,8.5));
#671 = LINE('',#672,#673);
#672 = CARTESIAN_POINT('',(0.6,-13.3,8.5));
#673 = VECTOR('',#674,1.);
#674 = DIRECTION('',(1.110223024625E-16,1.,0.));
#675 = ORIENTED_EDGE('',*,*,#676,.F.);
#676 = EDGE_CURVE('',#677,#667,#679,.T.);
#677 = VERTEX_POINT('',#678);
#678 = CARTESIAN_POINT('',(-0.6,-13.3,8.5));
#679 = LINE('',#680,#681);
#680 = CARTESIAN_POINT('',(-0.6,-13.3,8.5));
#681 = VECTOR('',#682,1.);
#682 = DIRECTION('',(1.,-1.110223024625E-16,0.));
#683 = ORIENTED_EDGE('',*,*,#684,.F.);
#684 = EDGE_CURVE('',#685,#677,#687,.T.);
#685 = VERTEX_POINT('',#686);
#686 = CARTESIAN_POINT('',(-0.6,-12.1,8.5));
#687 = LINE('',#688,#689);
#688 = CARTESIAN_POINT('',(-0.6,-12.1,8.5));
#689 = VECTOR('',#690,1.);
#690 = DIRECTION('',(-1.110223024625E-16,-1.,0.));
#691 = ORIENTED_EDGE('',*,*,#692,.F.);
#692 = EDGE_CURVE('',#669,#685,#693,.T.);
#693 = LINE('',#694,#695);
#694 = CARTESIAN_POINT('',(0.6,-12.1,8.5));
#695 = VECTOR('',#696,1.);
#696 = DIRECTION('',(-1.,1.110223024625E-16,0.));
#697 = FACE_BOUND('',#698,.T.);
#698 = EDGE_LOOP('',(#699,#709,#717,#725));
#699 = ORIENTED_EDGE('',*,*,#700,.F.);
#700 = EDGE_CURVE('',#701,#703,#705,.T.);
#701 = VERTEX_POINT('',#702);
#702 = CARTESIAN_POINT('',(0.6,-10.76,8.5));
#703 = VERTEX_POINT('',#704);
#704 = CARTESIAN_POINT('',(0.6,-9.56,8.5));
#705 = LINE('',#706,#707);
#706 = CARTESIAN_POINT('',(0.6,-10.76,8.5));
#707 = VECTOR('',#708,1.);
#708 = DIRECTION('',(1.110223024625E-16,1.,0.));
#709 = ORIENTED_EDGE('',*,*,#710,.F.);
#710 = EDGE_CURVE('',#711,#701,#713,.T.);
#711 = VERTEX_POINT('',#712);
#712 = CARTESIAN_POINT('',(-0.6,-10.76,8.5));
#713 = LINE('',#714,#715);
#714 = CARTESIAN_POINT('',(-0.6,-10.76,8.5));
#715 = VECTOR('',#716,1.);
#716 = DIRECTION('',(1.,-1.110223024625E-16,0.));
#717 = ORIENTED_EDGE('',*,*,#718,.F.);
#718 = EDGE_CURVE('',#719,#711,#721,.T.);
#719 = VERTEX_POINT('',#720);
#720 = CARTESIAN_POINT('',(-0.6,-9.56,8.5));
#721 = LINE('',#722,#723);
#722 = CARTESIAN_POINT('',(-0.6,-9.56,8.5));
#723 = VECTOR('',#724,1.);
#724 = DIRECTION('',(-1.110223024625E-16,-1.,0.));
#725 = ORIENTED_EDGE('',*,*,#726,.F.);
#726 = EDGE_CURVE('',#703,#719,#727,.T.);
#727 = LINE('',#728,#729);
#728 = CARTESIAN_POINT('',(0.6,-9.56,8.5));
#729 = VECTOR('',#730,1.);
#730 = DIRECTION('',(-1.,1.110223024625E-16,0.));
#731 = FACE_BOUND('',#732,.T.);
#732 = EDGE_LOOP('',(#733,#743,#751,#759));
#733 = ORIENTED_EDGE('',*,*,#734,.F.);
#734 = EDGE_CURVE('',#735,#737,#739,.T.);
#735 = VERTEX_POINT('',#736);
#736 = CARTESIAN_POINT('',(0.6,-8.22,8.5));
#737 = VERTEX_POINT('',#738);
#738 = CARTESIAN_POINT('',(0.6,-7.02,8.5));
#739 = LINE('',#740,#741);
#740 = CARTESIAN_POINT('',(0.6,-8.22,8.5));
#741 = VECTOR('',#742,1.);
#742 = DIRECTION('',(1.110223024625E-16,1.,0.));
#743 = ORIENTED_EDGE('',*,*,#744,.F.);
#744 = EDGE_CURVE('',#745,#735,#747,.T.);
#745 = VERTEX_POINT('',#746);
#746 = CARTESIAN_POINT('',(-0.6,-8.22,8.5));
#747 = LINE('',#748,#749);
#748 = CARTESIAN_POINT('',(-0.6,-8.22,8.5));
#749 = VECTOR('',#750,1.);
#750 = DIRECTION('',(1.,-1.110223024625E-16,0.));
#751 = ORIENTED_EDGE('',*,*,#752,.F.);
#752 = EDGE_CURVE('',#753,#745,#755,.T.);
#753 = VERTEX_POINT('',#754);
#754 = CARTESIAN_POINT('',(-0.6,-7.02,8.5));
#755 = LINE('',#756,#757);
#756 = CARTESIAN_POINT('',(-0.6,-7.02,8.5));
#757 = VECTOR('',#758,1.);
#758 = DIRECTION('',(-1.110223024625E-16,-1.,0.));
#759 = ORIENTED_EDGE('',*,*,#760,.F.);
#760 = EDGE_CURVE('',#737,#753,#761,.T.);
#761 = LINE('',#762,#763);
#762 = CARTESIAN_POINT('',(0.6,-7.02,8.5));
#763 = VECTOR('',#764,1.);
#764 = DIRECTION('',(-1.,1.110223024625E-16,0.));
#765 = FACE_BOUND('',#766,.T.);
#766 = EDGE_LOOP('',(#767,#777,#785,#793));
#767 = ORIENTED_EDGE('',*,*,#768,.F.);
#768 = EDGE_CURVE('',#769,#771,#773,.T.);
#769 = VERTEX_POINT('',#770);
#770 = CARTESIAN_POINT('',(0.6,-5.68,8.5));
#771 = VERTEX_POINT('',#772);
#772 = CARTESIAN_POINT('',(0.6,-4.48,8.5));
#773 = LINE('',#774,#775);
#774 = CARTESIAN_POINT('',(0.6,-5.68,8.5));
#775 = VECTOR('',#776,1.);
#776 = DIRECTION('',(1.110223024625E-16,1.,0.));
#777 = ORIENTED_EDGE('',*,*,#778,.F.);
#778 = EDGE_CURVE('',#779,#769,#781,.T.);
#779 = VERTEX_POINT('',#780);
#780 = CARTESIAN_POINT('',(-0.6,-5.68,8.5));
#781 = LINE('',#782,#783);
#782 = CARTESIAN_POINT('',(-0.6,-5.68,8.5));
#783 = VECTOR('',#784,1.);
#784 = DIRECTION('',(1.,-1.110223024625E-16,0.));
#785 = ORIENTED_EDGE('',*,*,#786,.F.);
#786 = EDGE_CURVE('',#787,#779,#789,.T.);
#787 = VERTEX_POINT('',#788);
#788 = CARTESIAN_POINT('',(-0.6,-4.48,8.5));
#789 = LINE('',#790,#791);
#790 = CARTESIAN_POINT('',(-0.6,-4.48,8.5));
#791 = VECTOR('',#792,1.);
#792 = DIRECTION('',(-1.110223024625E-16,-1.,0.));
#793 = ORIENTED_EDGE('',*,*,#794,.F.);
#794 = EDGE_CURVE('',#771,#787,#795,.T.);
#795 = LINE('',#796,#797);
#796 = CARTESIAN_POINT('',(0.6,-4.48,8.5));
#797 = VECTOR('',#798,1.);
#798 = DIRECTION('',(-1.,1.110223024625E-16,0.));
#799 = FACE_BOUND('',#800,.T.);
#800 = EDGE_LOOP('',(#801,#811,#819,#827));
#801 = ORIENTED_EDGE('',*,*,#802,.F.);
#802 = EDGE_CURVE('',#803,#805,#807,.T.);
#803 = VERTEX_POINT('',#804);
#804 = CARTESIAN_POINT('',(0.6,-3.14,8.5));
#805 = VERTEX_POINT('',#806);
#806 = CARTESIAN_POINT('',(0.6,-1.94,8.5));
#807 = LINE('',#808,#809);
#808 = CARTESIAN_POINT('',(0.6,-3.14,8.5));
#809 = VECTOR('',#810,1.);
#810 = DIRECTION('',(1.110223024625E-16,1.,0.));
#811 = ORIENTED_EDGE('',*,*,#812,.F.);
#812 = EDGE_CURVE('',#813,#803,#815,.T.);
#813 = VERTEX_POINT('',#814);
#814 = CARTESIAN_POINT('',(-0.6,-3.14,8.5));
#815 = LINE('',#816,#817);
#816 = CARTESIAN_POINT('',(-0.6,-3.14,8.5));
#817 = VECTOR('',#818,1.);
#818 = DIRECTION('',(1.,-1.110223024625E-16,0.));
#819 = ORIENTED_EDGE('',*,*,#820,.F.);
#820 = EDGE_CURVE('',#821,#813,#823,.T.);
#821 = VERTEX_POINT('',#822);
#822 = CARTESIAN_POINT('',(-0.6,-1.94,8.5));
#823 = LINE('',#824,#825);
#824 = CARTESIAN_POINT('',(-0.6,-1.94,8.5));
#825 = VECTOR('',#826,1.);
#826 = DIRECTION('',(-1.110223024625E-16,-1.,0.));
#827 = ORIENTED_EDGE('',*,*,#828,.F.);
#828 = EDGE_CURVE('',#805,#821,#829,.T.);
#829 = LINE('',#830,#831);
#830 = CARTESIAN_POINT('',(0.6,-1.94,8.5));
#831 = VECTOR('',#832,1.);
#832 = DIRECTION('',(-1.,1.110223024625E-16,0.));
#833 = FACE_BOUND('',#834,.T.);
#834 = EDGE_LOOP('',(#835,#845,#853,#861));
#835 = ORIENTED_EDGE('',*,*,#836,.F.);
#836 = EDGE_CURVE('',#837,#839,#841,.T.);
#837 = VERTEX_POINT('',#838);
#838 = CARTESIAN_POINT('',(0.6,-0.6,8.5));
#839 = VERTEX_POINT('',#840);
#840 = CARTESIAN_POINT('',(0.6,0.6,8.5));
#841 = LINE('',#842,#843);
#842 = CARTESIAN_POINT('',(0.6,-0.6,8.5));
#843 = VECTOR('',#844,1.);
#844 = DIRECTION('',(1.110223024625E-16,1.,0.));
#845 = ORIENTED_EDGE('',*,*,#846,.F.);
#846 = EDGE_CURVE('',#847,#837,#849,.T.);
#847 = VERTEX_POINT('',#848);
#848 = CARTESIAN_POINT('',(-0.6,-0.6,8.5));
#849 = LINE('',#850,#851);
#850 = CARTESIAN_POINT('',(-0.6,-0.6,8.5));
#851 = VECTOR('',#852,1.);
#852 = DIRECTION('',(1.,-1.110223024625E-16,0.));
#853 = ORIENTED_EDGE('',*,*,#854,.F.);
#854 = EDGE_CURVE('',#855,#847,#857,.T.);
#855 = VERTEX_POINT('',#856);
#856 = CARTESIAN_POINT('',(-0.6,0.6,8.5));
#857 = LINE('',#858,#859);
#858 = CARTESIAN_POINT('',(-0.6,0.6,8.5));
#859 = VECTOR('',#860,1.);
#860 = DIRECTION('',(-1.110223024625E-16,-1.,0.));
#861 = ORIENTED_EDGE('',*,*,#862,.F.);
#862 = EDGE_CURVE('',#839,#855,#863,.T.);
#863 = LINE('',#864,#865);
#864 = CARTESIAN_POINT('',(0.6,0.6,8.5));
#865 = VECTOR('',#866,1.);
#866 = DIRECTION('',(-1.,1.110223024625E-16,0.));
#867 = PLANE('',#868);
#868 = AXIS2_PLACEMENT_3D('',#869,#870,#871);
#869 = CARTESIAN_POINT('',(-9.592326932761E-16,-8.89,8.5));
#870 = DIRECTION('',(0.,0.,1.));
#871 = DIRECTION('',(1.110223024625E-16,1.,-0.));
#872 = ADVANCED_FACE('',(#873),#889,.F.);
#873 = FACE_BOUND('',#874,.F.);
#874 = EDGE_LOOP('',(#875,#876,#882,#883));
#875 = ORIENTED_EDGE('',*,*,#444,.T.);
#876 = ORIENTED_EDGE('',*,*,#877,.F.);
#877 = EDGE_CURVE('',#533,#447,#878,.T.);
#878 = LINE('',#879,#880);
#879 = CARTESIAN_POINT('',(-0.846666666667,1.27,0.));
#880 = VECTOR('',#881,1.);
#881 = DIRECTION('',(-1.110223024625E-16,-1.,0.));
#882 = ORIENTED_EDGE('',*,*,#532,.T.);
#883 = ORIENTED_EDGE('',*,*,#884,.T.);
#884 = EDGE_CURVE('',#525,#445,#885,.T.);
#885 = LINE('',#886,#887);
#886 = CARTESIAN_POINT('',(-1.27,1.27,0.));
#887 = VECTOR('',#888,1.);
#888 = DIRECTION('',(-1.110223024625E-16,-1.,0.));
#889 = PLANE('',#890);
#890 = AXIS2_PLACEMENT_3D('',#891,#892,#893);
#891 = CARTESIAN_POINT('',(-9.592326932761E-16,-8.89,0.));
#892 = DIRECTION('',(0.,0.,1.));
#893 = DIRECTION('',(1.110223024625E-16,1.,-0.));
#894 = ADVANCED_FACE('',(#895),#906,.T.);
#895 = FACE_BOUND('',#896,.T.);
#896 = EDGE_LOOP('',(#897,#898,#904,#905));
#897 = ORIENTED_EDGE('',*,*,#540,.T.);
#898 = ORIENTED_EDGE('',*,*,#899,.T.);
#899 = EDGE_CURVE('',#541,#486,#900,.T.);
#900 = LINE('',#901,#902);
#901 = CARTESIAN_POINT('',(-0.846666666667,1.27,0.2));
#902 = VECTOR('',#903,1.);
#903 = DIRECTION('',(-1.110223024625E-16,-1.,0.));
#904 = ORIENTED_EDGE('',*,*,#493,.F.);
#905 = ORIENTED_EDGE('',*,*,#877,.F.);
#906 = PLANE('',#907);
#907 = AXIS2_PLACEMENT_3D('',#908,#909,#910);
#908 = CARTESIAN_POINT('',(-0.846666666667,1.27,0.));
#909 = DIRECTION('',(1.,-1.110223024625E-16,0.));
#910 = DIRECTION('',(-1.110223024625E-16,-1.,0.));
#911 = ADVANCED_FACE('',(#912,#923,#989,#1055,#1121,#1187,#1253,#1319,
    #1385),#1451,.F.);
#912 = FACE_BOUND('',#913,.F.);
#913 = EDGE_LOOP('',(#914,#920,#921,#922));
#914 = ORIENTED_EDGE('',*,*,#915,.T.);
#915 = EDGE_CURVE('',#478,#549,#916,.T.);
#916 = LINE('',#917,#918);
#917 = CARTESIAN_POINT('',(0.846666666667,-19.05,0.2));
#918 = VECTOR('',#919,1.);
#919 = DIRECTION('',(1.110223024625E-16,1.,0.));
#920 = ORIENTED_EDGE('',*,*,#548,.T.);
#921 = ORIENTED_EDGE('',*,*,#899,.T.);
#922 = ORIENTED_EDGE('',*,*,#485,.T.);
#923 = FACE_BOUND('',#924,.F.);
#924 = EDGE_LOOP('',(#925,#935,#943,#951,#959,#967,#975,#983));
#925 = ORIENTED_EDGE('',*,*,#926,.F.);
#926 = EDGE_CURVE('',#927,#929,#931,.T.);
#927 = VERTEX_POINT('',#928);
#928 = CARTESIAN_POINT('',(-0.1,-18.23,0.2));
#929 = VERTEX_POINT('',#930);
#930 = CARTESIAN_POINT('',(0.1,-18.23,0.2));
#931 = LINE('',#932,#933);
#932 = CARTESIAN_POINT('',(-0.1,-18.23,0.2));
#933 = VECTOR('',#934,1.);
#934 = DIRECTION('',(1.,-1.110223024625E-16,0.));
#935 = ORIENTED_EDGE('',*,*,#936,.T.);
#936 = EDGE_CURVE('',#927,#937,#939,.T.);
#937 = VERTEX_POINT('',#938);
#938 = CARTESIAN_POINT('',(-0.1,-18.08,0.2));
#939 = LINE('',#940,#941);
#940 = CARTESIAN_POINT('',(-0.1,-18.23,0.2));
#941 = VECTOR('',#942,1.);
#942 = DIRECTION('',(1.110223024625E-16,1.,0.));
#943 = ORIENTED_EDGE('',*,*,#944,.F.);
#944 = EDGE_CURVE('',#945,#937,#947,.T.);
#945 = VERTEX_POINT('',#946);
#946 = CARTESIAN_POINT('',(-0.1,-17.48,0.2));
#947 = LINE('',#948,#949);
#948 = CARTESIAN_POINT('',(-0.1,-13.335,0.2));
#949 = VECTOR('',#950,1.);
#950 = DIRECTION('',(-1.110223024625E-16,-1.,0.));
#951 = ORIENTED_EDGE('',*,*,#952,.T.);
#952 = EDGE_CURVE('',#945,#953,#955,.T.);
#953 = VERTEX_POINT('',#954);
#954 = CARTESIAN_POINT('',(-0.1,-17.33,0.2));
#955 = LINE('',#956,#957);
#956 = CARTESIAN_POINT('',(-0.1,-18.23,0.2));
#957 = VECTOR('',#958,1.);
#958 = DIRECTION('',(1.110223024625E-16,1.,0.));
#959 = ORIENTED_EDGE('',*,*,#960,.T.);
#960 = EDGE_CURVE('',#953,#961,#963,.T.);
#961 = VERTEX_POINT('',#962);
#962 = CARTESIAN_POINT('',(0.1,-17.33,0.2));
#963 = LINE('',#964,#965);
#964 = CARTESIAN_POINT('',(-0.1,-17.33,0.2));
#965 = VECTOR('',#966,1.);
#966 = DIRECTION('',(1.,-1.110223024625E-16,0.));
#967 = ORIENTED_EDGE('',*,*,#968,.T.);
#968 = EDGE_CURVE('',#961,#969,#971,.T.);
#969 = VERTEX_POINT('',#970);
#970 = CARTESIAN_POINT('',(0.1,-17.48,0.2));
#971 = LINE('',#972,#973);
#972 = CARTESIAN_POINT('',(0.1,-17.33,0.2));
#973 = VECTOR('',#974,1.);
#974 = DIRECTION('',(-1.110223024625E-16,-1.,0.));
#975 = ORIENTED_EDGE('',*,*,#976,.T.);
#976 = EDGE_CURVE('',#969,#977,#979,.T.);
#977 = VERTEX_POINT('',#978);
#978 = CARTESIAN_POINT('',(0.1,-18.08,0.2));
#979 = LINE('',#980,#981);
#980 = CARTESIAN_POINT('',(0.1,-13.335,0.2));
#981 = VECTOR('',#982,1.);
#982 = DIRECTION('',(-1.110223024625E-16,-1.,0.));
#983 = ORIENTED_EDGE('',*,*,#984,.T.);
#984 = EDGE_CURVE('',#977,#929,#985,.T.);
#985 = LINE('',#986,#987);
#986 = CARTESIAN_POINT('',(0.1,-17.33,0.2));
#987 = VECTOR('',#988,1.);
#988 = DIRECTION('',(-1.110223024625E-16,-1.,0.));
#989 = FACE_BOUND('',#990,.F.);
#990 = EDGE_LOOP('',(#991,#1001,#1009,#1017,#1025,#1033,#1041,#1049));
#991 = ORIENTED_EDGE('',*,*,#992,.F.);
#992 = EDGE_CURVE('',#993,#995,#997,.T.);
#993 = VERTEX_POINT('',#994);
#994 = CARTESIAN_POINT('',(-0.1,-15.69,0.2));
#995 = VERTEX_POINT('',#996);
#996 = CARTESIAN_POINT('',(0.1,-15.69,0.2));
#997 = LINE('',#998,#999);
#998 = CARTESIAN_POINT('',(-0.1,-15.69,0.2));
#999 = VECTOR('',#1000,1.);
#1000 = DIRECTION('',(1.,-1.110223024625E-16,0.));
#1001 = ORIENTED_EDGE('',*,*,#1002,.T.);
#1002 = EDGE_CURVE('',#993,#1003,#1005,.T.);
#1003 = VERTEX_POINT('',#1004);
#1004 = CARTESIAN_POINT('',(-0.1,-15.54,0.2));
#1005 = LINE('',#1006,#1007);
#1006 = CARTESIAN_POINT('',(-0.1,-15.69,0.2));
#1007 = VECTOR('',#1008,1.);
#1008 = DIRECTION('',(1.110223024625E-16,1.,0.));
#1009 = ORIENTED_EDGE('',*,*,#1010,.F.);
#1010 = EDGE_CURVE('',#1011,#1003,#1013,.T.);
#1011 = VERTEX_POINT('',#1012);
#1012 = CARTESIAN_POINT('',(-0.1,-14.94,0.2));
#1013 = LINE('',#1014,#1015);
#1014 = CARTESIAN_POINT('',(-0.1,-12.065,0.2));
#1015 = VECTOR('',#1016,1.);
#1016 = DIRECTION('',(-1.110223024625E-16,-1.,0.));
#1017 = ORIENTED_EDGE('',*,*,#1018,.T.);
#1018 = EDGE_CURVE('',#1011,#1019,#1021,.T.);
#1019 = VERTEX_POINT('',#1020);
#1020 = CARTESIAN_POINT('',(-0.1,-14.79,0.2));
#1021 = LINE('',#1022,#1023);
#1022 = CARTESIAN_POINT('',(-0.1,-15.69,0.2));
#1023 = VECTOR('',#1024,1.);
#1024 = DIRECTION('',(1.110223024625E-16,1.,0.));
#1025 = ORIENTED_EDGE('',*,*,#1026,.T.);
#1026 = EDGE_CURVE('',#1019,#1027,#1029,.T.);
#1027 = VERTEX_POINT('',#1028);
#1028 = CARTESIAN_POINT('',(0.1,-14.79,0.2));
#1029 = LINE('',#1030,#1031);
#1030 = CARTESIAN_POINT('',(-0.1,-14.79,0.2));
#1031 = VECTOR('',#1032,1.);
#1032 = DIRECTION('',(1.,-1.110223024625E-16,0.));
#1033 = ORIENTED_EDGE('',*,*,#1034,.T.);
#1034 = EDGE_CURVE('',#1027,#1035,#1037,.T.);
#1035 = VERTEX_POINT('',#1036);
#1036 = CARTESIAN_POINT('',(0.1,-14.94,0.2));
#1037 = LINE('',#1038,#1039);
#1038 = CARTESIAN_POINT('',(0.1,-14.79,0.2));
#1039 = VECTOR('',#1040,1.);
#1040 = DIRECTION('',(-1.110223024625E-16,-1.,0.));
#1041 = ORIENTED_EDGE('',*,*,#1042,.T.);
#1042 = EDGE_CURVE('',#1035,#1043,#1045,.T.);
#1043 = VERTEX_POINT('',#1044);
#1044 = CARTESIAN_POINT('',(0.1,-15.54,0.2));
#1045 = LINE('',#1046,#1047);
#1046 = CARTESIAN_POINT('',(0.1,-12.065,0.2));
#1047 = VECTOR('',#1048,1.);
#1048 = DIRECTION('',(-1.110223024625E-16,-1.,0.));
#1049 = ORIENTED_EDGE('',*,*,#1050,.T.);
#1050 = EDGE_CURVE('',#1043,#995,#1051,.T.);
#1051 = LINE('',#1052,#1053);
#1052 = CARTESIAN_POINT('',(0.1,-14.79,0.2));
#1053 = VECTOR('',#1054,1.);
#1054 = DIRECTION('',(-1.110223024625E-16,-1.,0.));
#1055 = FACE_BOUND('',#1056,.F.);
#1056 = EDGE_LOOP('',(#1057,#1067,#1075,#1083,#1091,#1099,#1107,#1115));
#1057 = ORIENTED_EDGE('',*,*,#1058,.F.);
#1058 = EDGE_CURVE('',#1059,#1061,#1063,.T.);
#1059 = VERTEX_POINT('',#1060);
#1060 = CARTESIAN_POINT('',(-0.1,-13.15,0.2));
#1061 = VERTEX_POINT('',#1062);
#1062 = CARTESIAN_POINT('',(0.1,-13.15,0.2));
#1063 = LINE('',#1064,#1065);
#1064 = CARTESIAN_POINT('',(-0.1,-13.15,0.2));
#1065 = VECTOR('',#1066,1.);
#1066 = DIRECTION('',(1.,-1.110223024625E-16,0.));
#1067 = ORIENTED_EDGE('',*,*,#1068,.T.);
#1068 = EDGE_CURVE('',#1059,#1069,#1071,.T.);
#1069 = VERTEX_POINT('',#1070);
#1070 = CARTESIAN_POINT('',(-0.1,-13.,0.2));
#1071 = LINE('',#1072,#1073);
#1072 = CARTESIAN_POINT('',(-0.1,-13.15,0.2));
#1073 = VECTOR('',#1074,1.);
#1074 = DIRECTION('',(1.110223024625E-16,1.,0.));
#1075 = ORIENTED_EDGE('',*,*,#1076,.F.);
#1076 = EDGE_CURVE('',#1077,#1069,#1079,.T.);
#1077 = VERTEX_POINT('',#1078);
#1078 = CARTESIAN_POINT('',(-0.1,-12.4,0.2));
#1079 = LINE('',#1080,#1081);
#1080 = CARTESIAN_POINT('',(-0.1,-10.795,0.2));
#1081 = VECTOR('',#1082,1.);
#1082 = DIRECTION('',(-1.110223024625E-16,-1.,0.));
#1083 = ORIENTED_EDGE('',*,*,#1084,.T.);
#1084 = EDGE_CURVE('',#1077,#1085,#1087,.T.);
#1085 = VERTEX_POINT('',#1086);
#1086 = CARTESIAN_POINT('',(-0.1,-12.25,0.2));
#1087 = LINE('',#1088,#1089);
#1088 = CARTESIAN_POINT('',(-0.1,-13.15,0.2));
#1089 = VECTOR('',#1090,1.);
#1090 = DIRECTION('',(1.110223024625E-16,1.,0.));
#1091 = ORIENTED_EDGE('',*,*,#1092,.T.);
#1092 = EDGE_CURVE('',#1085,#1093,#1095,.T.);
#1093 = VERTEX_POINT('',#1094);
#1094 = CARTESIAN_POINT('',(0.1,-12.25,0.2));
#1095 = LINE('',#1096,#1097);
#1096 = CARTESIAN_POINT('',(-0.1,-12.25,0.2));
#1097 = VECTOR('',#1098,1.);
#1098 = DIRECTION('',(1.,-1.110223024625E-16,0.));
#1099 = ORIENTED_EDGE('',*,*,#1100,.T.);
#1100 = EDGE_CURVE('',#1093,#1101,#1103,.T.);
#1101 = VERTEX_POINT('',#1102);
#1102 = CARTESIAN_POINT('',(0.1,-12.4,0.2));
#1103 = LINE('',#1104,#1105);
#1104 = CARTESIAN_POINT('',(0.1,-12.25,0.2));
#1105 = VECTOR('',#1106,1.);
#1106 = DIRECTION('',(-1.110223024625E-16,-1.,0.));
#1107 = ORIENTED_EDGE('',*,*,#1108,.T.);
#1108 = EDGE_CURVE('',#1101,#1109,#1111,.T.);
#1109 = VERTEX_POINT('',#1110);
#1110 = CARTESIAN_POINT('',(0.1,-13.,0.2));
#1111 = LINE('',#1112,#1113);
#1112 = CARTESIAN_POINT('',(0.1,-10.795,0.2));
#1113 = VECTOR('',#1114,1.);
#1114 = DIRECTION('',(-1.110223024625E-16,-1.,0.));
#1115 = ORIENTED_EDGE('',*,*,#1116,.T.);
#1116 = EDGE_CURVE('',#1109,#1061,#1117,.T.);
#1117 = LINE('',#1118,#1119);
#1118 = CARTESIAN_POINT('',(0.1,-12.25,0.2));
#1119 = VECTOR('',#1120,1.);
#1120 = DIRECTION('',(-1.110223024625E-16,-1.,0.));
#1121 = FACE_BOUND('',#1122,.F.);
#1122 = EDGE_LOOP('',(#1123,#1133,#1141,#1149,#1157,#1165,#1173,#1181));
#1123 = ORIENTED_EDGE('',*,*,#1124,.F.);
#1124 = EDGE_CURVE('',#1125,#1127,#1129,.T.);
#1125 = VERTEX_POINT('',#1126);
#1126 = CARTESIAN_POINT('',(-0.1,-10.61,0.2));
#1127 = VERTEX_POINT('',#1128);
#1128 = CARTESIAN_POINT('',(0.1,-10.61,0.2));
#1129 = LINE('',#1130,#1131);
#1130 = CARTESIAN_POINT('',(-0.1,-10.61,0.2));
#1131 = VECTOR('',#1132,1.);
#1132 = DIRECTION('',(1.,-1.110223024625E-16,0.));
#1133 = ORIENTED_EDGE('',*,*,#1134,.T.);
#1134 = EDGE_CURVE('',#1125,#1135,#1137,.T.);
#1135 = VERTEX_POINT('',#1136);
#1136 = CARTESIAN_POINT('',(-0.1,-10.46,0.2));
#1137 = LINE('',#1138,#1139);
#1138 = CARTESIAN_POINT('',(-0.1,-10.61,0.2));
#1139 = VECTOR('',#1140,1.);
#1140 = DIRECTION('',(1.110223024625E-16,1.,0.));
#1141 = ORIENTED_EDGE('',*,*,#1142,.F.);
#1142 = EDGE_CURVE('',#1143,#1135,#1145,.T.);
#1143 = VERTEX_POINT('',#1144);
#1144 = CARTESIAN_POINT('',(-0.1,-9.86,0.2));
#1145 = LINE('',#1146,#1147);
#1146 = CARTESIAN_POINT('',(-0.1,-9.525,0.2));
#1147 = VECTOR('',#1148,1.);
#1148 = DIRECTION('',(-1.110223024625E-16,-1.,0.));
#1149 = ORIENTED_EDGE('',*,*,#1150,.T.);
#1150 = EDGE_CURVE('',#1143,#1151,#1153,.T.);
#1151 = VERTEX_POINT('',#1152);
#1152 = CARTESIAN_POINT('',(-0.1,-9.71,0.2));
#1153 = LINE('',#1154,#1155);
#1154 = CARTESIAN_POINT('',(-0.1,-10.61,0.2));
#1155 = VECTOR('',#1156,1.);
#1156 = DIRECTION('',(1.110223024625E-16,1.,0.));
#1157 = ORIENTED_EDGE('',*,*,#1158,.T.);
#1158 = EDGE_CURVE('',#1151,#1159,#1161,.T.);
#1159 = VERTEX_POINT('',#1160);
#1160 = CARTESIAN_POINT('',(0.1,-9.71,0.2));
#1161 = LINE('',#1162,#1163);
#1162 = CARTESIAN_POINT('',(-0.1,-9.71,0.2));
#1163 = VECTOR('',#1164,1.);
#1164 = DIRECTION('',(1.,-1.110223024625E-16,0.));
#1165 = ORIENTED_EDGE('',*,*,#1166,.T.);
#1166 = EDGE_CURVE('',#1159,#1167,#1169,.T.);
#1167 = VERTEX_POINT('',#1168);
#1168 = CARTESIAN_POINT('',(0.1,-9.86,0.2));
#1169 = LINE('',#1170,#1171);
#1170 = CARTESIAN_POINT('',(0.1,-9.71,0.2));
#1171 = VECTOR('',#1172,1.);
#1172 = DIRECTION('',(-1.110223024625E-16,-1.,0.));
#1173 = ORIENTED_EDGE('',*,*,#1174,.T.);
#1174 = EDGE_CURVE('',#1167,#1175,#1177,.T.);
#1175 = VERTEX_POINT('',#1176);
#1176 = CARTESIAN_POINT('',(0.1,-10.46,0.2));
#1177 = LINE('',#1178,#1179);
#1178 = CARTESIAN_POINT('',(0.1,-9.525,0.2));
#1179 = VECTOR('',#1180,1.);
#1180 = DIRECTION('',(-1.110223024625E-16,-1.,0.));
#1181 = ORIENTED_EDGE('',*,*,#1182,.T.);
#1182 = EDGE_CURVE('',#1175,#1127,#1183,.T.);
#1183 = LINE('',#1184,#1185);
#1184 = CARTESIAN_POINT('',(0.1,-9.71,0.2));
#1185 = VECTOR('',#1186,1.);
#1186 = DIRECTION('',(-1.110223024625E-16,-1.,0.));
#1187 = FACE_BOUND('',#1188,.F.);
#1188 = EDGE_LOOP('',(#1189,#1199,#1207,#1215,#1223,#1231,#1239,#1247));
#1189 = ORIENTED_EDGE('',*,*,#1190,.F.);
#1190 = EDGE_CURVE('',#1191,#1193,#1195,.T.);
#1191 = VERTEX_POINT('',#1192);
#1192 = CARTESIAN_POINT('',(-0.1,-8.07,0.2));
#1193 = VERTEX_POINT('',#1194);
#1194 = CARTESIAN_POINT('',(0.1,-8.07,0.2));
#1195 = LINE('',#1196,#1197);
#1196 = CARTESIAN_POINT('',(-0.1,-8.07,0.2));
#1197 = VECTOR('',#1198,1.);
#1198 = DIRECTION('',(1.,-1.110223024625E-16,0.));
#1199 = ORIENTED_EDGE('',*,*,#1200,.T.);
#1200 = EDGE_CURVE('',#1191,#1201,#1203,.T.);
#1201 = VERTEX_POINT('',#1202);
#1202 = CARTESIAN_POINT('',(-0.1,-7.92,0.2));
#1203 = LINE('',#1204,#1205);
#1204 = CARTESIAN_POINT('',(-0.1,-8.07,0.2));
#1205 = VECTOR('',#1206,1.);
#1206 = DIRECTION('',(1.110223024625E-16,1.,0.));
#1207 = ORIENTED_EDGE('',*,*,#1208,.F.);
#1208 = EDGE_CURVE('',#1209,#1201,#1211,.T.);
#1209 = VERTEX_POINT('',#1210);
#1210 = CARTESIAN_POINT('',(-0.1,-7.32,0.2));
#1211 = LINE('',#1212,#1213);
#1212 = CARTESIAN_POINT('',(-0.1,-8.255,0.2));
#1213 = VECTOR('',#1214,1.);
#1214 = DIRECTION('',(-1.110223024625E-16,-1.,0.));
#1215 = ORIENTED_EDGE('',*,*,#1216,.T.);
#1216 = EDGE_CURVE('',#1209,#1217,#1219,.T.);
#1217 = VERTEX_POINT('',#1218);
#1218 = CARTESIAN_POINT('',(-0.1,-7.17,0.2));
#1219 = LINE('',#1220,#1221);
#1220 = CARTESIAN_POINT('',(-0.1,-8.07,0.2));
#1221 = VECTOR('',#1222,1.);
#1222 = DIRECTION('',(1.110223024625E-16,1.,0.));
#1223 = ORIENTED_EDGE('',*,*,#1224,.T.);
#1224 = EDGE_CURVE('',#1217,#1225,#1227,.T.);
#1225 = VERTEX_POINT('',#1226);
#1226 = CARTESIAN_POINT('',(0.1,-7.17,0.2));
#1227 = LINE('',#1228,#1229);
#1228 = CARTESIAN_POINT('',(-0.1,-7.17,0.2));
#1229 = VECTOR('',#1230,1.);
#1230 = DIRECTION('',(1.,-1.110223024625E-16,0.));
#1231 = ORIENTED_EDGE('',*,*,#1232,.T.);
#1232 = EDGE_CURVE('',#1225,#1233,#1235,.T.);
#1233 = VERTEX_POINT('',#1234);
#1234 = CARTESIAN_POINT('',(0.1,-7.32,0.2));
#1235 = LINE('',#1236,#1237);
#1236 = CARTESIAN_POINT('',(0.1,-7.17,0.2));
#1237 = VECTOR('',#1238,1.);
#1238 = DIRECTION('',(-1.110223024625E-16,-1.,0.));
#1239 = ORIENTED_EDGE('',*,*,#1240,.T.);
#1240 = EDGE_CURVE('',#1233,#1241,#1243,.T.);
#1241 = VERTEX_POINT('',#1242);
#1242 = CARTESIAN_POINT('',(0.1,-7.92,0.2));
#1243 = LINE('',#1244,#1245);
#1244 = CARTESIAN_POINT('',(0.1,-8.255,0.2));
#1245 = VECTOR('',#1246,1.);
#1246 = DIRECTION('',(-1.110223024625E-16,-1.,0.));
#1247 = ORIENTED_EDGE('',*,*,#1248,.T.);
#1248 = EDGE_CURVE('',#1241,#1193,#1249,.T.);
#1249 = LINE('',#1250,#1251);
#1250 = CARTESIAN_POINT('',(0.1,-7.17,0.2));
#1251 = VECTOR('',#1252,1.);
#1252 = DIRECTION('',(-1.110223024625E-16,-1.,0.));
#1253 = FACE_BOUND('',#1254,.F.);
#1254 = EDGE_LOOP('',(#1255,#1265,#1273,#1281,#1289,#1297,#1305,#1313));
#1255 = ORIENTED_EDGE('',*,*,#1256,.F.);
#1256 = EDGE_CURVE('',#1257,#1259,#1261,.T.);
#1257 = VERTEX_POINT('',#1258);
#1258 = CARTESIAN_POINT('',(-0.1,-5.53,0.2));
#1259 = VERTEX_POINT('',#1260);
#1260 = CARTESIAN_POINT('',(0.1,-5.53,0.2));
#1261 = LINE('',#1262,#1263);
#1262 = CARTESIAN_POINT('',(-0.1,-5.53,0.2));
#1263 = VECTOR('',#1264,1.);
#1264 = DIRECTION('',(1.,-1.110223024625E-16,0.));
#1265 = ORIENTED_EDGE('',*,*,#1266,.T.);
#1266 = EDGE_CURVE('',#1257,#1267,#1269,.T.);
#1267 = VERTEX_POINT('',#1268);
#1268 = CARTESIAN_POINT('',(-0.1,-5.38,0.2));
#1269 = LINE('',#1270,#1271);
#1270 = CARTESIAN_POINT('',(-0.1,-5.53,0.2));
#1271 = VECTOR('',#1272,1.);
#1272 = DIRECTION('',(1.110223024625E-16,1.,0.));
#1273 = ORIENTED_EDGE('',*,*,#1274,.F.);
#1274 = EDGE_CURVE('',#1275,#1267,#1277,.T.);
#1275 = VERTEX_POINT('',#1276);
#1276 = CARTESIAN_POINT('',(-0.1,-4.78,0.2));
#1277 = LINE('',#1278,#1279);
#1278 = CARTESIAN_POINT('',(-0.1,-6.985,0.2));
#1279 = VECTOR('',#1280,1.);
#1280 = DIRECTION('',(-1.110223024625E-16,-1.,0.));
#1281 = ORIENTED_EDGE('',*,*,#1282,.T.);
#1282 = EDGE_CURVE('',#1275,#1283,#1285,.T.);
#1283 = VERTEX_POINT('',#1284);
#1284 = CARTESIAN_POINT('',(-0.1,-4.63,0.2));
#1285 = LINE('',#1286,#1287);
#1286 = CARTESIAN_POINT('',(-0.1,-5.53,0.2));
#1287 = VECTOR('',#1288,1.);
#1288 = DIRECTION('',(1.110223024625E-16,1.,0.));
#1289 = ORIENTED_EDGE('',*,*,#1290,.T.);
#1290 = EDGE_CURVE('',#1283,#1291,#1293,.T.);
#1291 = VERTEX_POINT('',#1292);
#1292 = CARTESIAN_POINT('',(0.1,-4.63,0.2));
#1293 = LINE('',#1294,#1295);
#1294 = CARTESIAN_POINT('',(-0.1,-4.63,0.2));
#1295 = VECTOR('',#1296,1.);
#1296 = DIRECTION('',(1.,-1.110223024625E-16,0.));
#1297 = ORIENTED_EDGE('',*,*,#1298,.T.);
#1298 = EDGE_CURVE('',#1291,#1299,#1301,.T.);
#1299 = VERTEX_POINT('',#1300);
#1300 = CARTESIAN_POINT('',(0.1,-4.78,0.2));
#1301 = LINE('',#1302,#1303);
#1302 = CARTESIAN_POINT('',(0.1,-4.63,0.2));
#1303 = VECTOR('',#1304,1.);
#1304 = DIRECTION('',(-1.110223024625E-16,-1.,0.));
#1305 = ORIENTED_EDGE('',*,*,#1306,.T.);
#1306 = EDGE_CURVE('',#1299,#1307,#1309,.T.);
#1307 = VERTEX_POINT('',#1308);
#1308 = CARTESIAN_POINT('',(0.1,-5.38,0.2));
#1309 = LINE('',#1310,#1311);
#1310 = CARTESIAN_POINT('',(0.1,-6.985,0.2));
#1311 = VECTOR('',#1312,1.);
#1312 = DIRECTION('',(-1.110223024625E-16,-1.,0.));
#1313 = ORIENTED_EDGE('',*,*,#1314,.T.);
#1314 = EDGE_CURVE('',#1307,#1259,#1315,.T.);
#1315 = LINE('',#1316,#1317);
#1316 = CARTESIAN_POINT('',(0.1,-4.63,0.2));
#1317 = VECTOR('',#1318,1.);
#1318 = DIRECTION('',(-1.110223024625E-16,-1.,0.));
#1319 = FACE_BOUND('',#1320,.F.);
#1320 = EDGE_LOOP('',(#1321,#1331,#1339,#1347,#1355,#1363,#1371,#1379));
#1321 = ORIENTED_EDGE('',*,*,#1322,.F.);
#1322 = EDGE_CURVE('',#1323,#1325,#1327,.T.);
#1323 = VERTEX_POINT('',#1324);
#1324 = CARTESIAN_POINT('',(-0.1,-2.99,0.2));
#1325 = VERTEX_POINT('',#1326);
#1326 = CARTESIAN_POINT('',(0.1,-2.99,0.2));
#1327 = LINE('',#1328,#1329);
#1328 = CARTESIAN_POINT('',(-0.1,-2.99,0.2));
#1329 = VECTOR('',#1330,1.);
#1330 = DIRECTION('',(1.,-1.110223024625E-16,0.));
#1331 = ORIENTED_EDGE('',*,*,#1332,.T.);
#1332 = EDGE_CURVE('',#1323,#1333,#1335,.T.);
#1333 = VERTEX_POINT('',#1334);
#1334 = CARTESIAN_POINT('',(-0.1,-2.84,0.2));
#1335 = LINE('',#1336,#1337);
#1336 = CARTESIAN_POINT('',(-0.1,-2.99,0.2));
#1337 = VECTOR('',#1338,1.);
#1338 = DIRECTION('',(1.110223024625E-16,1.,0.));
#1339 = ORIENTED_EDGE('',*,*,#1340,.F.);
#1340 = EDGE_CURVE('',#1341,#1333,#1343,.T.);
#1341 = VERTEX_POINT('',#1342);
#1342 = CARTESIAN_POINT('',(-0.1,-2.24,0.2));
#1343 = LINE('',#1344,#1345);
#1344 = CARTESIAN_POINT('',(-0.1,-5.715,0.2));
#1345 = VECTOR('',#1346,1.);
#1346 = DIRECTION('',(-1.110223024625E-16,-1.,0.));
#1347 = ORIENTED_EDGE('',*,*,#1348,.T.);
#1348 = EDGE_CURVE('',#1341,#1349,#1351,.T.);
#1349 = VERTEX_POINT('',#1350);
#1350 = CARTESIAN_POINT('',(-0.1,-2.09,0.2));
#1351 = LINE('',#1352,#1353);
#1352 = CARTESIAN_POINT('',(-0.1,-2.99,0.2));
#1353 = VECTOR('',#1354,1.);
#1354 = DIRECTION('',(1.110223024625E-16,1.,0.));
#1355 = ORIENTED_EDGE('',*,*,#1356,.T.);
#1356 = EDGE_CURVE('',#1349,#1357,#1359,.T.);
#1357 = VERTEX_POINT('',#1358);
#1358 = CARTESIAN_POINT('',(0.1,-2.09,0.2));
#1359 = LINE('',#1360,#1361);
#1360 = CARTESIAN_POINT('',(-0.1,-2.09,0.2));
#1361 = VECTOR('',#1362,1.);
#1362 = DIRECTION('',(1.,-1.110223024625E-16,0.));
#1363 = ORIENTED_EDGE('',*,*,#1364,.T.);
#1364 = EDGE_CURVE('',#1357,#1365,#1367,.T.);
#1365 = VERTEX_POINT('',#1366);
#1366 = CARTESIAN_POINT('',(0.1,-2.24,0.2));
#1367 = LINE('',#1368,#1369);
#1368 = CARTESIAN_POINT('',(0.1,-2.09,0.2));
#1369 = VECTOR('',#1370,1.);
#1370 = DIRECTION('',(-1.110223024625E-16,-1.,0.));
#1371 = ORIENTED_EDGE('',*,*,#1372,.T.);
#1372 = EDGE_CURVE('',#1365,#1373,#1375,.T.);
#1373 = VERTEX_POINT('',#1374);
#1374 = CARTESIAN_POINT('',(0.1,-2.84,0.2));
#1375 = LINE('',#1376,#1377);
#1376 = CARTESIAN_POINT('',(0.1,-5.715,0.2));
#1377 = VECTOR('',#1378,1.);
#1378 = DIRECTION('',(-1.110223024625E-16,-1.,0.));
#1379 = ORIENTED_EDGE('',*,*,#1380,.T.);
#1380 = EDGE_CURVE('',#1373,#1325,#1381,.T.);
#1381 = LINE('',#1382,#1383);
#1382 = CARTESIAN_POINT('',(0.1,-2.09,0.2));
#1383 = VECTOR('',#1384,1.);
#1384 = DIRECTION('',(-1.110223024625E-16,-1.,0.));
#1385 = FACE_BOUND('',#1386,.F.);
#1386 = EDGE_LOOP('',(#1387,#1397,#1405,#1413,#1421,#1429,#1437,#1445));
#1387 = ORIENTED_EDGE('',*,*,#1388,.F.);
#1388 = EDGE_CURVE('',#1389,#1391,#1393,.T.);
#1389 = VERTEX_POINT('',#1390);
#1390 = CARTESIAN_POINT('',(-0.1,-0.45,0.2));
#1391 = VERTEX_POINT('',#1392);
#1392 = CARTESIAN_POINT('',(0.1,-0.45,0.2));
#1393 = LINE('',#1394,#1395);
#1394 = CARTESIAN_POINT('',(-0.1,-0.45,0.2));
#1395 = VECTOR('',#1396,1.);
#1396 = DIRECTION('',(1.,-1.110223024625E-16,0.));
#1397 = ORIENTED_EDGE('',*,*,#1398,.T.);
#1398 = EDGE_CURVE('',#1389,#1399,#1401,.T.);
#1399 = VERTEX_POINT('',#1400);
#1400 = CARTESIAN_POINT('',(-0.1,-0.3,0.2));
#1401 = LINE('',#1402,#1403);
#1402 = CARTESIAN_POINT('',(-0.1,-0.45,0.2));
#1403 = VECTOR('',#1404,1.);
#1404 = DIRECTION('',(1.110223024625E-16,1.,0.));
#1405 = ORIENTED_EDGE('',*,*,#1406,.F.);
#1406 = EDGE_CURVE('',#1407,#1399,#1409,.T.);
#1407 = VERTEX_POINT('',#1408);
#1408 = CARTESIAN_POINT('',(-0.1,0.3,0.2));
#1409 = LINE('',#1410,#1411);
#1410 = CARTESIAN_POINT('',(-0.1,-4.445,0.2));
#1411 = VECTOR('',#1412,1.);
#1412 = DIRECTION('',(-1.110223024625E-16,-1.,0.));
#1413 = ORIENTED_EDGE('',*,*,#1414,.T.);
#1414 = EDGE_CURVE('',#1407,#1415,#1417,.T.);
#1415 = VERTEX_POINT('',#1416);
#1416 = CARTESIAN_POINT('',(-0.1,0.45,0.2));
#1417 = LINE('',#1418,#1419);
#1418 = CARTESIAN_POINT('',(-0.1,-0.45,0.2));
#1419 = VECTOR('',#1420,1.);
#1420 = DIRECTION('',(1.110223024625E-16,1.,0.));
#1421 = ORIENTED_EDGE('',*,*,#1422,.T.);
#1422 = EDGE_CURVE('',#1415,#1423,#1425,.T.);
#1423 = VERTEX_POINT('',#1424);
#1424 = CARTESIAN_POINT('',(0.1,0.45,0.2));
#1425 = LINE('',#1426,#1427);
#1426 = CARTESIAN_POINT('',(-0.1,0.45,0.2));
#1427 = VECTOR('',#1428,1.);
#1428 = DIRECTION('',(1.,-1.110223024625E-16,0.));
#1429 = ORIENTED_EDGE('',*,*,#1430,.T.);
#1430 = EDGE_CURVE('',#1423,#1431,#1433,.T.);
#1431 = VERTEX_POINT('',#1432);
#1432 = CARTESIAN_POINT('',(0.1,0.3,0.2));
#1433 = LINE('',#1434,#1435);
#1434 = CARTESIAN_POINT('',(0.1,0.45,0.2));
#1435 = VECTOR('',#1436,1.);
#1436 = DIRECTION('',(-1.110223024625E-16,-1.,0.));
#1437 = ORIENTED_EDGE('',*,*,#1438,.T.);
#1438 = EDGE_CURVE('',#1431,#1439,#1441,.T.);
#1439 = VERTEX_POINT('',#1440);
#1440 = CARTESIAN_POINT('',(0.1,-0.3,0.2));
#1441 = LINE('',#1442,#1443);
#1442 = CARTESIAN_POINT('',(0.1,-4.445,0.2));
#1443 = VECTOR('',#1444,1.);
#1444 = DIRECTION('',(-1.110223024625E-16,-1.,0.));
#1445 = ORIENTED_EDGE('',*,*,#1446,.T.);
#1446 = EDGE_CURVE('',#1439,#1391,#1447,.T.);
#1447 = LINE('',#1448,#1449);
#1448 = CARTESIAN_POINT('',(0.1,0.45,0.2));
#1449 = VECTOR('',#1450,1.);
#1450 = DIRECTION('',(-1.110223024625E-16,-1.,0.));
#1451 = PLANE('',#1452);
#1452 = AXIS2_PLACEMENT_3D('',#1453,#1454,#1455);
#1453 = CARTESIAN_POINT('',(-9.592326932761E-16,-8.89,0.2));
#1454 = DIRECTION('',(0.,0.,1.));
#1455 = DIRECTION('',(1.110223024625E-16,1.,-0.));
#1456 = ADVANCED_FACE('',(#1457),#1463,.T.);
#1457 = FACE_BOUND('',#1458,.T.);
#1458 = EDGE_LOOP('',(#1459,#1460,#1461,#1462));
#1459 = ORIENTED_EDGE('',*,*,#477,.T.);
#1460 = ORIENTED_EDGE('',*,*,#915,.T.);
#1461 = ORIENTED_EDGE('',*,*,#556,.F.);
#1462 = ORIENTED_EDGE('',*,*,#573,.F.);
#1463 = PLANE('',#1464);
#1464 = AXIS2_PLACEMENT_3D('',#1465,#1466,#1467);
#1465 = CARTESIAN_POINT('',(0.846666666667,-19.05,0.));
#1466 = DIRECTION('',(-1.,1.110223024625E-16,0.));
#1467 = DIRECTION('',(1.110223024625E-16,1.,0.));
#1468 = ADVANCED_FACE('',(#1469),#1475,.F.);
#1469 = FACE_BOUND('',#1470,.F.);
#1470 = EDGE_LOOP('',(#1471,#1472,#1473,#1474));
#1471 = ORIENTED_EDGE('',*,*,#524,.T.);
#1472 = ORIENTED_EDGE('',*,*,#589,.T.);
#1473 = ORIENTED_EDGE('',*,*,#454,.F.);
#1474 = ORIENTED_EDGE('',*,*,#884,.F.);
#1475 = PLANE('',#1476);
#1476 = AXIS2_PLACEMENT_3D('',#1477,#1478,#1479);
#1477 = CARTESIAN_POINT('',(-1.27,1.27,0.));
#1478 = DIRECTION('',(1.,-1.110223024625E-16,0.));
#1479 = DIRECTION('',(-1.110223024625E-16,-1.,0.));
#1480 = ADVANCED_FACE('',(#1481),#1506,.T.);
#1481 = FACE_BOUND('',#1482,.T.);
#1482 = EDGE_LOOP('',(#1483,#1491,#1492,#1500));
#1483 = ORIENTED_EDGE('',*,*,#1484,.F.);
#1484 = EDGE_CURVE('',#599,#1485,#1487,.T.);
#1485 = VERTEX_POINT('',#1486);
#1486 = CARTESIAN_POINT('',(0.3,-18.08,8.2));
#1487 = LINE('',#1488,#1489);
#1488 = CARTESIAN_POINT('',(0.3,-18.08,8.2));
#1489 = VECTOR('',#1490,1.);
#1490 = DIRECTION('',(-0.57735026919,0.57735026919,-0.57735026919));
#1491 = ORIENTED_EDGE('',*,*,#598,.T.);
#1492 = ORIENTED_EDGE('',*,*,#1493,.T.);
#1493 = EDGE_CURVE('',#601,#1494,#1496,.T.);
#1494 = VERTEX_POINT('',#1495);
#1495 = CARTESIAN_POINT('',(0.3,-17.48,8.2));
#1496 = LINE('',#1497,#1498);
#1497 = CARTESIAN_POINT('',(0.3,-17.48,8.2));
#1498 = VECTOR('',#1499,1.);
#1499 = DIRECTION('',(-0.57735026919,-0.57735026919,-0.57735026919));
#1500 = ORIENTED_EDGE('',*,*,#1501,.F.);
#1501 = EDGE_CURVE('',#1485,#1494,#1502,.T.);
#1502 = LINE('',#1503,#1504);
#1503 = CARTESIAN_POINT('',(0.3,-18.38,8.2));
#1504 = VECTOR('',#1505,1.);
#1505 = DIRECTION('',(1.110223024625E-16,1.,0.));
#1506 = PLANE('',#1507);
#1507 = AXIS2_PLACEMENT_3D('',#1508,#1509,#1510);
#1508 = CARTESIAN_POINT('',(0.45,-18.38,8.35));
#1509 = DIRECTION('',(-0.707106781187,7.850462293414E-17,0.707106781187)
  );
#1510 = DIRECTION('',(1.110223024625E-16,1.,2.680278185005E-29));
#1511 = ADVANCED_FACE('',(#1512),#1530,.T.);
#1512 = FACE_BOUND('',#1513,.T.);
#1513 = EDGE_LOOP('',(#1514,#1515,#1516,#1524));
#1514 = ORIENTED_EDGE('',*,*,#1493,.F.);
#1515 = ORIENTED_EDGE('',*,*,#624,.T.);
#1516 = ORIENTED_EDGE('',*,*,#1517,.T.);
#1517 = EDGE_CURVE('',#617,#1518,#1520,.T.);
#1518 = VERTEX_POINT('',#1519);
#1519 = CARTESIAN_POINT('',(-0.3,-17.48,8.2));
#1520 = LINE('',#1521,#1522);
#1521 = CARTESIAN_POINT('',(-0.3,-17.48,8.2));
#1522 = VECTOR('',#1523,1.);
#1523 = DIRECTION('',(0.57735026919,-0.57735026919,-0.57735026919));
#1524 = ORIENTED_EDGE('',*,*,#1525,.F.);
#1525 = EDGE_CURVE('',#1494,#1518,#1526,.T.);
#1526 = LINE('',#1527,#1528);
#1527 = CARTESIAN_POINT('',(0.6,-17.48,8.2));
#1528 = VECTOR('',#1529,1.);
#1529 = DIRECTION('',(-1.,1.110223024625E-16,0.));
#1530 = PLANE('',#1531);
#1531 = AXIS2_PLACEMENT_3D('',#1532,#1533,#1534);
#1532 = CARTESIAN_POINT('',(0.6,-17.33,8.35));
#1533 = DIRECTION('',(-7.850462293414E-17,-0.707106781187,0.707106781187
    ));
#1534 = DIRECTION('',(-1.,1.110223024625E-16,2.680278185005E-29));
#1535 = ADVANCED_FACE('',(#1536),#1554,.T.);
#1536 = FACE_BOUND('',#1537,.T.);
#1537 = EDGE_LOOP('',(#1538,#1539,#1540,#1548));
#1538 = ORIENTED_EDGE('',*,*,#1517,.F.);
#1539 = ORIENTED_EDGE('',*,*,#616,.T.);
#1540 = ORIENTED_EDGE('',*,*,#1541,.T.);
#1541 = EDGE_CURVE('',#609,#1542,#1544,.T.);
#1542 = VERTEX_POINT('',#1543);
#1543 = CARTESIAN_POINT('',(-0.3,-18.08,8.2));
#1544 = LINE('',#1545,#1546);
#1545 = CARTESIAN_POINT('',(-0.3,-18.08,8.2));
#1546 = VECTOR('',#1547,1.);
#1547 = DIRECTION('',(0.57735026919,0.57735026919,-0.57735026919));
#1548 = ORIENTED_EDGE('',*,*,#1549,.F.);
#1549 = EDGE_CURVE('',#1518,#1542,#1550,.T.);
#1550 = LINE('',#1551,#1552);
#1551 = CARTESIAN_POINT('',(-0.3,-17.18,8.2));
#1552 = VECTOR('',#1553,1.);
#1553 = DIRECTION('',(-1.110223024625E-16,-1.,0.));
#1554 = PLANE('',#1555);
#1555 = AXIS2_PLACEMENT_3D('',#1556,#1557,#1558);
#1556 = CARTESIAN_POINT('',(-0.45,-17.18,8.35));
#1557 = DIRECTION('',(0.707106781187,-7.850462293414E-17,0.707106781187)
  );
#1558 = DIRECTION('',(-1.110223024625E-16,-1.,2.680278185005E-29));
#1559 = ADVANCED_FACE('',(#1560),#1571,.T.);
#1560 = FACE_BOUND('',#1561,.T.);
#1561 = EDGE_LOOP('',(#1562,#1563,#1564,#1565));
#1562 = ORIENTED_EDGE('',*,*,#1541,.F.);
#1563 = ORIENTED_EDGE('',*,*,#608,.T.);
#1564 = ORIENTED_EDGE('',*,*,#1484,.T.);
#1565 = ORIENTED_EDGE('',*,*,#1566,.F.);
#1566 = EDGE_CURVE('',#1542,#1485,#1567,.T.);
#1567 = LINE('',#1568,#1569);
#1568 = CARTESIAN_POINT('',(-0.6,-18.08,8.2));
#1569 = VECTOR('',#1570,1.);
#1570 = DIRECTION('',(1.,-1.110223024625E-16,0.));
#1571 = PLANE('',#1572);
#1572 = AXIS2_PLACEMENT_3D('',#1573,#1574,#1575);
#1573 = CARTESIAN_POINT('',(-0.6,-18.23,8.35));
#1574 = DIRECTION('',(7.850462293414E-17,0.707106781187,0.707106781187)
  );
#1575 = DIRECTION('',(1.,-1.110223024625E-16,2.680278185005E-29));
#1576 = ADVANCED_FACE('',(#1577),#1602,.T.);
#1577 = FACE_BOUND('',#1578,.T.);
#1578 = EDGE_LOOP('',(#1579,#1587,#1588,#1596));
#1579 = ORIENTED_EDGE('',*,*,#1580,.F.);
#1580 = EDGE_CURVE('',#633,#1581,#1583,.T.);
#1581 = VERTEX_POINT('',#1582);
#1582 = CARTESIAN_POINT('',(0.3,-15.54,8.2));
#1583 = LINE('',#1584,#1585);
#1584 = CARTESIAN_POINT('',(0.3,-15.54,8.2));
#1585 = VECTOR('',#1586,1.);
#1586 = DIRECTION('',(-0.57735026919,0.57735026919,-0.57735026919));
#1587 = ORIENTED_EDGE('',*,*,#632,.T.);
#1588 = ORIENTED_EDGE('',*,*,#1589,.T.);
#1589 = EDGE_CURVE('',#635,#1590,#1592,.T.);
#1590 = VERTEX_POINT('',#1591);
#1591 = CARTESIAN_POINT('',(0.3,-14.94,8.2));
#1592 = LINE('',#1593,#1594);
#1593 = CARTESIAN_POINT('',(0.3,-14.94,8.2));
#1594 = VECTOR('',#1595,1.);
#1595 = DIRECTION('',(-0.57735026919,-0.57735026919,-0.57735026919));
#1596 = ORIENTED_EDGE('',*,*,#1597,.F.);
#1597 = EDGE_CURVE('',#1581,#1590,#1598,.T.);
#1598 = LINE('',#1599,#1600);
#1599 = CARTESIAN_POINT('',(0.3,-15.84,8.2));
#1600 = VECTOR('',#1601,1.);
#1601 = DIRECTION('',(1.110223024625E-16,1.,0.));
#1602 = PLANE('',#1603);
#1603 = AXIS2_PLACEMENT_3D('',#1604,#1605,#1606);
#1604 = CARTESIAN_POINT('',(0.45,-15.84,8.35));
#1605 = DIRECTION('',(-0.707106781187,7.850462293414E-17,0.707106781187)
  );
#1606 = DIRECTION('',(1.110223024625E-16,1.,2.680278185005E-29));
#1607 = ADVANCED_FACE('',(#1608),#1626,.T.);
#1608 = FACE_BOUND('',#1609,.T.);
#1609 = EDGE_LOOP('',(#1610,#1611,#1612,#1620));
#1610 = ORIENTED_EDGE('',*,*,#1589,.F.);
#1611 = ORIENTED_EDGE('',*,*,#658,.T.);
#1612 = ORIENTED_EDGE('',*,*,#1613,.T.);
#1613 = EDGE_CURVE('',#651,#1614,#1616,.T.);
#1614 = VERTEX_POINT('',#1615);
#1615 = CARTESIAN_POINT('',(-0.3,-14.94,8.2));
#1616 = LINE('',#1617,#1618);
#1617 = CARTESIAN_POINT('',(-0.3,-14.94,8.2));
#1618 = VECTOR('',#1619,1.);
#1619 = DIRECTION('',(0.57735026919,-0.57735026919,-0.57735026919));
#1620 = ORIENTED_EDGE('',*,*,#1621,.F.);
#1621 = EDGE_CURVE('',#1590,#1614,#1622,.T.);
#1622 = LINE('',#1623,#1624);
#1623 = CARTESIAN_POINT('',(0.6,-14.94,8.2));
#1624 = VECTOR('',#1625,1.);
#1625 = DIRECTION('',(-1.,1.110223024625E-16,0.));
#1626 = PLANE('',#1627);
#1627 = AXIS2_PLACEMENT_3D('',#1628,#1629,#1630);
#1628 = CARTESIAN_POINT('',(0.6,-14.79,8.35));
#1629 = DIRECTION('',(-7.850462293414E-17,-0.707106781187,0.707106781187
    ));
#1630 = DIRECTION('',(-1.,1.110223024625E-16,2.680278185005E-29));
#1631 = ADVANCED_FACE('',(#1632),#1650,.T.);
#1632 = FACE_BOUND('',#1633,.T.);
#1633 = EDGE_LOOP('',(#1634,#1635,#1636,#1644));
#1634 = ORIENTED_EDGE('',*,*,#1613,.F.);
#1635 = ORIENTED_EDGE('',*,*,#650,.T.);
#1636 = ORIENTED_EDGE('',*,*,#1637,.T.);
#1637 = EDGE_CURVE('',#643,#1638,#1640,.T.);
#1638 = VERTEX_POINT('',#1639);
#1639 = CARTESIAN_POINT('',(-0.3,-15.54,8.2));
#1640 = LINE('',#1641,#1642);
#1641 = CARTESIAN_POINT('',(-0.3,-15.54,8.2));
#1642 = VECTOR('',#1643,1.);
#1643 = DIRECTION('',(0.57735026919,0.57735026919,-0.57735026919));
#1644 = ORIENTED_EDGE('',*,*,#1645,.F.);
#1645 = EDGE_CURVE('',#1614,#1638,#1646,.T.);
#1646 = LINE('',#1647,#1648);
#1647 = CARTESIAN_POINT('',(-0.3,-14.64,8.2));
#1648 = VECTOR('',#1649,1.);
#1649 = DIRECTION('',(-1.110223024625E-16,-1.,0.));
#1650 = PLANE('',#1651);
#1651 = AXIS2_PLACEMENT_3D('',#1652,#1653,#1654);
#1652 = CARTESIAN_POINT('',(-0.45,-14.64,8.35));
#1653 = DIRECTION('',(0.707106781187,-7.850462293414E-17,0.707106781187)
  );
#1654 = DIRECTION('',(-1.110223024625E-16,-1.,2.680278185005E-29));
#1655 = ADVANCED_FACE('',(#1656),#1667,.T.);
#1656 = FACE_BOUND('',#1657,.T.);
#1657 = EDGE_LOOP('',(#1658,#1659,#1660,#1661));
#1658 = ORIENTED_EDGE('',*,*,#1637,.F.);
#1659 = ORIENTED_EDGE('',*,*,#642,.T.);
#1660 = ORIENTED_EDGE('',*,*,#1580,.T.);
#1661 = ORIENTED_EDGE('',*,*,#1662,.F.);
#1662 = EDGE_CURVE('',#1638,#1581,#1663,.T.);
#1663 = LINE('',#1664,#1665);
#1664 = CARTESIAN_POINT('',(-0.6,-15.54,8.2));
#1665 = VECTOR('',#1666,1.);
#1666 = DIRECTION('',(1.,-1.110223024625E-16,0.));
#1667 = PLANE('',#1668);
#1668 = AXIS2_PLACEMENT_3D('',#1669,#1670,#1671);
#1669 = CARTESIAN_POINT('',(-0.6,-15.69,8.35));
#1670 = DIRECTION('',(7.850462293414E-17,0.707106781187,0.707106781187)
  );
#1671 = DIRECTION('',(1.,-1.110223024625E-16,2.680278185005E-29));
#1672 = ADVANCED_FACE('',(#1673),#1698,.T.);
#1673 = FACE_BOUND('',#1674,.T.);
#1674 = EDGE_LOOP('',(#1675,#1683,#1684,#1692));
#1675 = ORIENTED_EDGE('',*,*,#1676,.F.);
#1676 = EDGE_CURVE('',#667,#1677,#1679,.T.);
#1677 = VERTEX_POINT('',#1678);
#1678 = CARTESIAN_POINT('',(0.3,-13.,8.2));
#1679 = LINE('',#1680,#1681);
#1680 = CARTESIAN_POINT('',(0.3,-13.,8.2));
#1681 = VECTOR('',#1682,1.);
#1682 = DIRECTION('',(-0.57735026919,0.57735026919,-0.57735026919));
#1683 = ORIENTED_EDGE('',*,*,#666,.T.);
#1684 = ORIENTED_EDGE('',*,*,#1685,.T.);
#1685 = EDGE_CURVE('',#669,#1686,#1688,.T.);
#1686 = VERTEX_POINT('',#1687);
#1687 = CARTESIAN_POINT('',(0.3,-12.4,8.2));
#1688 = LINE('',#1689,#1690);
#1689 = CARTESIAN_POINT('',(0.3,-12.4,8.2));
#1690 = VECTOR('',#1691,1.);
#1691 = DIRECTION('',(-0.57735026919,-0.57735026919,-0.57735026919));
#1692 = ORIENTED_EDGE('',*,*,#1693,.F.);
#1693 = EDGE_CURVE('',#1677,#1686,#1694,.T.);
#1694 = LINE('',#1695,#1696);
#1695 = CARTESIAN_POINT('',(0.3,-13.3,8.2));
#1696 = VECTOR('',#1697,1.);
#1697 = DIRECTION('',(1.110223024625E-16,1.,0.));
#1698 = PLANE('',#1699);
#1699 = AXIS2_PLACEMENT_3D('',#1700,#1701,#1702);
#1700 = CARTESIAN_POINT('',(0.45,-13.3,8.35));
#1701 = DIRECTION('',(-0.707106781187,7.850462293414E-17,0.707106781187)
  );
#1702 = DIRECTION('',(1.110223024625E-16,1.,2.680278185005E-29));
#1703 = ADVANCED_FACE('',(#1704),#1722,.T.);
#1704 = FACE_BOUND('',#1705,.T.);
#1705 = EDGE_LOOP('',(#1706,#1707,#1708,#1716));
#1706 = ORIENTED_EDGE('',*,*,#1685,.F.);
#1707 = ORIENTED_EDGE('',*,*,#692,.T.);
#1708 = ORIENTED_EDGE('',*,*,#1709,.T.);
#1709 = EDGE_CURVE('',#685,#1710,#1712,.T.);
#1710 = VERTEX_POINT('',#1711);
#1711 = CARTESIAN_POINT('',(-0.3,-12.4,8.2));
#1712 = LINE('',#1713,#1714);
#1713 = CARTESIAN_POINT('',(-0.3,-12.4,8.2));
#1714 = VECTOR('',#1715,1.);
#1715 = DIRECTION('',(0.57735026919,-0.57735026919,-0.57735026919));
#1716 = ORIENTED_EDGE('',*,*,#1717,.F.);
#1717 = EDGE_CURVE('',#1686,#1710,#1718,.T.);
#1718 = LINE('',#1719,#1720);
#1719 = CARTESIAN_POINT('',(0.6,-12.4,8.2));
#1720 = VECTOR('',#1721,1.);
#1721 = DIRECTION('',(-1.,1.110223024625E-16,0.));
#1722 = PLANE('',#1723);
#1723 = AXIS2_PLACEMENT_3D('',#1724,#1725,#1726);
#1724 = CARTESIAN_POINT('',(0.6,-12.25,8.35));
#1725 = DIRECTION('',(-7.850462293414E-17,-0.707106781187,0.707106781187
    ));
#1726 = DIRECTION('',(-1.,1.110223024625E-16,2.680278185005E-29));
#1727 = ADVANCED_FACE('',(#1728),#1746,.T.);
#1728 = FACE_BOUND('',#1729,.T.);
#1729 = EDGE_LOOP('',(#1730,#1731,#1732,#1740));
#1730 = ORIENTED_EDGE('',*,*,#1709,.F.);
#1731 = ORIENTED_EDGE('',*,*,#684,.T.);
#1732 = ORIENTED_EDGE('',*,*,#1733,.T.);
#1733 = EDGE_CURVE('',#677,#1734,#1736,.T.);
#1734 = VERTEX_POINT('',#1735);
#1735 = CARTESIAN_POINT('',(-0.3,-13.,8.2));
#1736 = LINE('',#1737,#1738);
#1737 = CARTESIAN_POINT('',(-0.3,-13.,8.2));
#1738 = VECTOR('',#1739,1.);
#1739 = DIRECTION('',(0.57735026919,0.57735026919,-0.57735026919));
#1740 = ORIENTED_EDGE('',*,*,#1741,.F.);
#1741 = EDGE_CURVE('',#1710,#1734,#1742,.T.);
#1742 = LINE('',#1743,#1744);
#1743 = CARTESIAN_POINT('',(-0.3,-12.1,8.2));
#1744 = VECTOR('',#1745,1.);
#1745 = DIRECTION('',(-1.110223024625E-16,-1.,0.));
#1746 = PLANE('',#1747);
#1747 = AXIS2_PLACEMENT_3D('',#1748,#1749,#1750);
#1748 = CARTESIAN_POINT('',(-0.45,-12.1,8.35));
#1749 = DIRECTION('',(0.707106781187,-7.850462293414E-17,0.707106781187)
  );
#1750 = DIRECTION('',(-1.110223024625E-16,-1.,2.680278185005E-29));
#1751 = ADVANCED_FACE('',(#1752),#1763,.T.);
#1752 = FACE_BOUND('',#1753,.T.);
#1753 = EDGE_LOOP('',(#1754,#1755,#1756,#1757));
#1754 = ORIENTED_EDGE('',*,*,#1733,.F.);
#1755 = ORIENTED_EDGE('',*,*,#676,.T.);
#1756 = ORIENTED_EDGE('',*,*,#1676,.T.);
#1757 = ORIENTED_EDGE('',*,*,#1758,.F.);
#1758 = EDGE_CURVE('',#1734,#1677,#1759,.T.);
#1759 = LINE('',#1760,#1761);
#1760 = CARTESIAN_POINT('',(-0.6,-13.,8.2));
#1761 = VECTOR('',#1762,1.);
#1762 = DIRECTION('',(1.,-1.110223024625E-16,0.));
#1763 = PLANE('',#1764);
#1764 = AXIS2_PLACEMENT_3D('',#1765,#1766,#1767);
#1765 = CARTESIAN_POINT('',(-0.6,-13.15,8.35));
#1766 = DIRECTION('',(7.850462293414E-17,0.707106781187,0.707106781187)
  );
#1767 = DIRECTION('',(1.,-1.110223024625E-16,2.680278185005E-29));
#1768 = ADVANCED_FACE('',(#1769),#1794,.T.);
#1769 = FACE_BOUND('',#1770,.T.);
#1770 = EDGE_LOOP('',(#1771,#1779,#1780,#1788));
#1771 = ORIENTED_EDGE('',*,*,#1772,.F.);
#1772 = EDGE_CURVE('',#701,#1773,#1775,.T.);
#1773 = VERTEX_POINT('',#1774);
#1774 = CARTESIAN_POINT('',(0.3,-10.46,8.2));
#1775 = LINE('',#1776,#1777);
#1776 = CARTESIAN_POINT('',(0.3,-10.46,8.2));
#1777 = VECTOR('',#1778,1.);
#1778 = DIRECTION('',(-0.57735026919,0.57735026919,-0.57735026919));
#1779 = ORIENTED_EDGE('',*,*,#700,.T.);
#1780 = ORIENTED_EDGE('',*,*,#1781,.T.);
#1781 = EDGE_CURVE('',#703,#1782,#1784,.T.);
#1782 = VERTEX_POINT('',#1783);
#1783 = CARTESIAN_POINT('',(0.3,-9.86,8.2));
#1784 = LINE('',#1785,#1786);
#1785 = CARTESIAN_POINT('',(0.3,-9.86,8.2));
#1786 = VECTOR('',#1787,1.);
#1787 = DIRECTION('',(-0.57735026919,-0.57735026919,-0.57735026919));
#1788 = ORIENTED_EDGE('',*,*,#1789,.F.);
#1789 = EDGE_CURVE('',#1773,#1782,#1790,.T.);
#1790 = LINE('',#1791,#1792);
#1791 = CARTESIAN_POINT('',(0.3,-10.76,8.2));
#1792 = VECTOR('',#1793,1.);
#1793 = DIRECTION('',(1.110223024625E-16,1.,0.));
#1794 = PLANE('',#1795);
#1795 = AXIS2_PLACEMENT_3D('',#1796,#1797,#1798);
#1796 = CARTESIAN_POINT('',(0.45,-10.76,8.35));
#1797 = DIRECTION('',(-0.707106781187,7.850462293414E-17,0.707106781187)
  );
#1798 = DIRECTION('',(1.110223024625E-16,1.,2.680278185005E-29));
#1799 = ADVANCED_FACE('',(#1800),#1818,.T.);
#1800 = FACE_BOUND('',#1801,.T.);
#1801 = EDGE_LOOP('',(#1802,#1803,#1804,#1812));
#1802 = ORIENTED_EDGE('',*,*,#1781,.F.);
#1803 = ORIENTED_EDGE('',*,*,#726,.T.);
#1804 = ORIENTED_EDGE('',*,*,#1805,.T.);
#1805 = EDGE_CURVE('',#719,#1806,#1808,.T.);
#1806 = VERTEX_POINT('',#1807);
#1807 = CARTESIAN_POINT('',(-0.3,-9.86,8.2));
#1808 = LINE('',#1809,#1810);
#1809 = CARTESIAN_POINT('',(-0.3,-9.86,8.2));
#1810 = VECTOR('',#1811,1.);
#1811 = DIRECTION('',(0.57735026919,-0.57735026919,-0.57735026919));
#1812 = ORIENTED_EDGE('',*,*,#1813,.F.);
#1813 = EDGE_CURVE('',#1782,#1806,#1814,.T.);
#1814 = LINE('',#1815,#1816);
#1815 = CARTESIAN_POINT('',(0.6,-9.86,8.2));
#1816 = VECTOR('',#1817,1.);
#1817 = DIRECTION('',(-1.,1.110223024625E-16,0.));
#1818 = PLANE('',#1819);
#1819 = AXIS2_PLACEMENT_3D('',#1820,#1821,#1822);
#1820 = CARTESIAN_POINT('',(0.6,-9.71,8.35));
#1821 = DIRECTION('',(-7.850462293414E-17,-0.707106781187,0.707106781187
    ));
#1822 = DIRECTION('',(-1.,1.110223024625E-16,2.680278185005E-29));
#1823 = ADVANCED_FACE('',(#1824),#1842,.T.);
#1824 = FACE_BOUND('',#1825,.T.);
#1825 = EDGE_LOOP('',(#1826,#1827,#1828,#1836));
#1826 = ORIENTED_EDGE('',*,*,#1805,.F.);
#1827 = ORIENTED_EDGE('',*,*,#718,.T.);
#1828 = ORIENTED_EDGE('',*,*,#1829,.T.);
#1829 = EDGE_CURVE('',#711,#1830,#1832,.T.);
#1830 = VERTEX_POINT('',#1831);
#1831 = CARTESIAN_POINT('',(-0.3,-10.46,8.2));
#1832 = LINE('',#1833,#1834);
#1833 = CARTESIAN_POINT('',(-0.3,-10.46,8.2));
#1834 = VECTOR('',#1835,1.);
#1835 = DIRECTION('',(0.57735026919,0.57735026919,-0.57735026919));
#1836 = ORIENTED_EDGE('',*,*,#1837,.F.);
#1837 = EDGE_CURVE('',#1806,#1830,#1838,.T.);
#1838 = LINE('',#1839,#1840);
#1839 = CARTESIAN_POINT('',(-0.3,-9.56,8.2));
#1840 = VECTOR('',#1841,1.);
#1841 = DIRECTION('',(-1.110223024625E-16,-1.,0.));
#1842 = PLANE('',#1843);
#1843 = AXIS2_PLACEMENT_3D('',#1844,#1845,#1846);
#1844 = CARTESIAN_POINT('',(-0.45,-9.56,8.35));
#1845 = DIRECTION('',(0.707106781187,-7.850462293414E-17,0.707106781187)
  );
#1846 = DIRECTION('',(-1.110223024625E-16,-1.,2.680278185005E-29));
#1847 = ADVANCED_FACE('',(#1848),#1859,.T.);
#1848 = FACE_BOUND('',#1849,.T.);
#1849 = EDGE_LOOP('',(#1850,#1851,#1852,#1853));
#1850 = ORIENTED_EDGE('',*,*,#1829,.F.);
#1851 = ORIENTED_EDGE('',*,*,#710,.T.);
#1852 = ORIENTED_EDGE('',*,*,#1772,.T.);
#1853 = ORIENTED_EDGE('',*,*,#1854,.F.);
#1854 = EDGE_CURVE('',#1830,#1773,#1855,.T.);
#1855 = LINE('',#1856,#1857);
#1856 = CARTESIAN_POINT('',(-0.6,-10.46,8.2));
#1857 = VECTOR('',#1858,1.);
#1858 = DIRECTION('',(1.,-1.110223024625E-16,0.));
#1859 = PLANE('',#1860);
#1860 = AXIS2_PLACEMENT_3D('',#1861,#1862,#1863);
#1861 = CARTESIAN_POINT('',(-0.6,-10.61,8.35));
#1862 = DIRECTION('',(7.850462293414E-17,0.707106781187,0.707106781187)
  );
#1863 = DIRECTION('',(1.,-1.110223024625E-16,2.680278185005E-29));
#1864 = ADVANCED_FACE('',(#1865),#1890,.T.);
#1865 = FACE_BOUND('',#1866,.T.);
#1866 = EDGE_LOOP('',(#1867,#1875,#1876,#1884));
#1867 = ORIENTED_EDGE('',*,*,#1868,.F.);
#1868 = EDGE_CURVE('',#735,#1869,#1871,.T.);
#1869 = VERTEX_POINT('',#1870);
#1870 = CARTESIAN_POINT('',(0.3,-7.92,8.2));
#1871 = LINE('',#1872,#1873);
#1872 = CARTESIAN_POINT('',(0.3,-7.92,8.2));
#1873 = VECTOR('',#1874,1.);
#1874 = DIRECTION('',(-0.57735026919,0.57735026919,-0.57735026919));
#1875 = ORIENTED_EDGE('',*,*,#734,.T.);
#1876 = ORIENTED_EDGE('',*,*,#1877,.T.);
#1877 = EDGE_CURVE('',#737,#1878,#1880,.T.);
#1878 = VERTEX_POINT('',#1879);
#1879 = CARTESIAN_POINT('',(0.3,-7.32,8.2));
#1880 = LINE('',#1881,#1882);
#1881 = CARTESIAN_POINT('',(0.3,-7.32,8.2));
#1882 = VECTOR('',#1883,1.);
#1883 = DIRECTION('',(-0.57735026919,-0.57735026919,-0.57735026919));
#1884 = ORIENTED_EDGE('',*,*,#1885,.F.);
#1885 = EDGE_CURVE('',#1869,#1878,#1886,.T.);
#1886 = LINE('',#1887,#1888);
#1887 = CARTESIAN_POINT('',(0.3,-8.22,8.2));
#1888 = VECTOR('',#1889,1.);
#1889 = DIRECTION('',(1.110223024625E-16,1.,0.));
#1890 = PLANE('',#1891);
#1891 = AXIS2_PLACEMENT_3D('',#1892,#1893,#1894);
#1892 = CARTESIAN_POINT('',(0.45,-8.22,8.35));
#1893 = DIRECTION('',(-0.707106781187,7.850462293414E-17,0.707106781187)
  );
#1894 = DIRECTION('',(1.110223024625E-16,1.,2.680278185005E-29));
#1895 = ADVANCED_FACE('',(#1896),#1914,.T.);
#1896 = FACE_BOUND('',#1897,.T.);
#1897 = EDGE_LOOP('',(#1898,#1899,#1900,#1908));
#1898 = ORIENTED_EDGE('',*,*,#1877,.F.);
#1899 = ORIENTED_EDGE('',*,*,#760,.T.);
#1900 = ORIENTED_EDGE('',*,*,#1901,.T.);
#1901 = EDGE_CURVE('',#753,#1902,#1904,.T.);
#1902 = VERTEX_POINT('',#1903);
#1903 = CARTESIAN_POINT('',(-0.3,-7.32,8.2));
#1904 = LINE('',#1905,#1906);
#1905 = CARTESIAN_POINT('',(-0.3,-7.32,8.2));
#1906 = VECTOR('',#1907,1.);
#1907 = DIRECTION('',(0.57735026919,-0.57735026919,-0.57735026919));
#1908 = ORIENTED_EDGE('',*,*,#1909,.F.);
#1909 = EDGE_CURVE('',#1878,#1902,#1910,.T.);
#1910 = LINE('',#1911,#1912);
#1911 = CARTESIAN_POINT('',(0.6,-7.32,8.2));
#1912 = VECTOR('',#1913,1.);
#1913 = DIRECTION('',(-1.,1.110223024625E-16,0.));
#1914 = PLANE('',#1915);
#1915 = AXIS2_PLACEMENT_3D('',#1916,#1917,#1918);
#1916 = CARTESIAN_POINT('',(0.6,-7.17,8.35));
#1917 = DIRECTION('',(-7.850462293414E-17,-0.707106781187,0.707106781187
    ));
#1918 = DIRECTION('',(-1.,1.110223024625E-16,2.680278185005E-29));
#1919 = ADVANCED_FACE('',(#1920),#1938,.T.);
#1920 = FACE_BOUND('',#1921,.T.);
#1921 = EDGE_LOOP('',(#1922,#1923,#1924,#1932));
#1922 = ORIENTED_EDGE('',*,*,#1901,.F.);
#1923 = ORIENTED_EDGE('',*,*,#752,.T.);
#1924 = ORIENTED_EDGE('',*,*,#1925,.T.);
#1925 = EDGE_CURVE('',#745,#1926,#1928,.T.);
#1926 = VERTEX_POINT('',#1927);
#1927 = CARTESIAN_POINT('',(-0.3,-7.92,8.2));
#1928 = LINE('',#1929,#1930);
#1929 = CARTESIAN_POINT('',(-0.3,-7.92,8.2));
#1930 = VECTOR('',#1931,1.);
#1931 = DIRECTION('',(0.57735026919,0.57735026919,-0.57735026919));
#1932 = ORIENTED_EDGE('',*,*,#1933,.F.);
#1933 = EDGE_CURVE('',#1902,#1926,#1934,.T.);
#1934 = LINE('',#1935,#1936);
#1935 = CARTESIAN_POINT('',(-0.3,-7.02,8.2));
#1936 = VECTOR('',#1937,1.);
#1937 = DIRECTION('',(-1.110223024625E-16,-1.,0.));
#1938 = PLANE('',#1939);
#1939 = AXIS2_PLACEMENT_3D('',#1940,#1941,#1942);
#1940 = CARTESIAN_POINT('',(-0.45,-7.02,8.35));
#1941 = DIRECTION('',(0.707106781187,-7.850462293414E-17,0.707106781187)
  );
#1942 = DIRECTION('',(-1.110223024625E-16,-1.,2.680278185005E-29));
#1943 = ADVANCED_FACE('',(#1944),#1955,.T.);
#1944 = FACE_BOUND('',#1945,.T.);
#1945 = EDGE_LOOP('',(#1946,#1947,#1948,#1949));
#1946 = ORIENTED_EDGE('',*,*,#1925,.F.);
#1947 = ORIENTED_EDGE('',*,*,#744,.T.);
#1948 = ORIENTED_EDGE('',*,*,#1868,.T.);
#1949 = ORIENTED_EDGE('',*,*,#1950,.F.);
#1950 = EDGE_CURVE('',#1926,#1869,#1951,.T.);
#1951 = LINE('',#1952,#1953);
#1952 = CARTESIAN_POINT('',(-0.6,-7.92,8.2));
#1953 = VECTOR('',#1954,1.);
#1954 = DIRECTION('',(1.,-1.110223024625E-16,0.));
#1955 = PLANE('',#1956);
#1956 = AXIS2_PLACEMENT_3D('',#1957,#1958,#1959);
#1957 = CARTESIAN_POINT('',(-0.6,-8.07,8.35));
#1958 = DIRECTION('',(7.850462293414E-17,0.707106781187,0.707106781187)
  );
#1959 = DIRECTION('',(1.,-1.110223024625E-16,2.680278185005E-29));
#1960 = ADVANCED_FACE('',(#1961),#1986,.T.);
#1961 = FACE_BOUND('',#1962,.T.);
#1962 = EDGE_LOOP('',(#1963,#1971,#1972,#1980));
#1963 = ORIENTED_EDGE('',*,*,#1964,.F.);
#1964 = EDGE_CURVE('',#769,#1965,#1967,.T.);
#1965 = VERTEX_POINT('',#1966);
#1966 = CARTESIAN_POINT('',(0.3,-5.38,8.2));
#1967 = LINE('',#1968,#1969);
#1968 = CARTESIAN_POINT('',(0.3,-5.38,8.2));
#1969 = VECTOR('',#1970,1.);
#1970 = DIRECTION('',(-0.57735026919,0.57735026919,-0.57735026919));
#1971 = ORIENTED_EDGE('',*,*,#768,.T.);
#1972 = ORIENTED_EDGE('',*,*,#1973,.T.);
#1973 = EDGE_CURVE('',#771,#1974,#1976,.T.);
#1974 = VERTEX_POINT('',#1975);
#1975 = CARTESIAN_POINT('',(0.3,-4.78,8.2));
#1976 = LINE('',#1977,#1978);
#1977 = CARTESIAN_POINT('',(0.3,-4.78,8.2));
#1978 = VECTOR('',#1979,1.);
#1979 = DIRECTION('',(-0.57735026919,-0.57735026919,-0.57735026919));
#1980 = ORIENTED_EDGE('',*,*,#1981,.F.);
#1981 = EDGE_CURVE('',#1965,#1974,#1982,.T.);
#1982 = LINE('',#1983,#1984);
#1983 = CARTESIAN_POINT('',(0.3,-5.68,8.2));
#1984 = VECTOR('',#1985,1.);
#1985 = DIRECTION('',(1.110223024625E-16,1.,0.));
#1986 = PLANE('',#1987);
#1987 = AXIS2_PLACEMENT_3D('',#1988,#1989,#1990);
#1988 = CARTESIAN_POINT('',(0.45,-5.68,8.35));
#1989 = DIRECTION('',(-0.707106781187,7.850462293414E-17,0.707106781187)
  );
#1990 = DIRECTION('',(1.110223024625E-16,1.,2.680278185005E-29));
#1991 = ADVANCED_FACE('',(#1992),#2010,.T.);
#1992 = FACE_BOUND('',#1993,.T.);
#1993 = EDGE_LOOP('',(#1994,#1995,#1996,#2004));
#1994 = ORIENTED_EDGE('',*,*,#1973,.F.);
#1995 = ORIENTED_EDGE('',*,*,#794,.T.);
#1996 = ORIENTED_EDGE('',*,*,#1997,.T.);
#1997 = EDGE_CURVE('',#787,#1998,#2000,.T.);
#1998 = VERTEX_POINT('',#1999);
#1999 = CARTESIAN_POINT('',(-0.3,-4.78,8.2));
#2000 = LINE('',#2001,#2002);
#2001 = CARTESIAN_POINT('',(-0.3,-4.78,8.2));
#2002 = VECTOR('',#2003,1.);
#2003 = DIRECTION('',(0.57735026919,-0.57735026919,-0.57735026919));
#2004 = ORIENTED_EDGE('',*,*,#2005,.F.);
#2005 = EDGE_CURVE('',#1974,#1998,#2006,.T.);
#2006 = LINE('',#2007,#2008);
#2007 = CARTESIAN_POINT('',(0.6,-4.78,8.2));
#2008 = VECTOR('',#2009,1.);
#2009 = DIRECTION('',(-1.,1.110223024625E-16,0.));
#2010 = PLANE('',#2011);
#2011 = AXIS2_PLACEMENT_3D('',#2012,#2013,#2014);
#2012 = CARTESIAN_POINT('',(0.6,-4.63,8.35));
#2013 = DIRECTION('',(-7.850462293414E-17,-0.707106781187,0.707106781187
    ));
#2014 = DIRECTION('',(-1.,1.110223024625E-16,2.680278185005E-29));
#2015 = ADVANCED_FACE('',(#2016),#2034,.T.);
#2016 = FACE_BOUND('',#2017,.T.);
#2017 = EDGE_LOOP('',(#2018,#2019,#2020,#2028));
#2018 = ORIENTED_EDGE('',*,*,#1997,.F.);
#2019 = ORIENTED_EDGE('',*,*,#786,.T.);
#2020 = ORIENTED_EDGE('',*,*,#2021,.T.);
#2021 = EDGE_CURVE('',#779,#2022,#2024,.T.);
#2022 = VERTEX_POINT('',#2023);
#2023 = CARTESIAN_POINT('',(-0.3,-5.38,8.2));
#2024 = LINE('',#2025,#2026);
#2025 = CARTESIAN_POINT('',(-0.3,-5.38,8.2));
#2026 = VECTOR('',#2027,1.);
#2027 = DIRECTION('',(0.57735026919,0.57735026919,-0.57735026919));
#2028 = ORIENTED_EDGE('',*,*,#2029,.F.);
#2029 = EDGE_CURVE('',#1998,#2022,#2030,.T.);
#2030 = LINE('',#2031,#2032);
#2031 = CARTESIAN_POINT('',(-0.3,-4.48,8.2));
#2032 = VECTOR('',#2033,1.);
#2033 = DIRECTION('',(-1.110223024625E-16,-1.,0.));
#2034 = PLANE('',#2035);
#2035 = AXIS2_PLACEMENT_3D('',#2036,#2037,#2038);
#2036 = CARTESIAN_POINT('',(-0.45,-4.48,8.35));
#2037 = DIRECTION('',(0.707106781187,-7.850462293414E-17,0.707106781187)
  );
#2038 = DIRECTION('',(-1.110223024625E-16,-1.,2.680278185005E-29));
#2039 = ADVANCED_FACE('',(#2040),#2051,.T.);
#2040 = FACE_BOUND('',#2041,.T.);
#2041 = EDGE_LOOP('',(#2042,#2043,#2044,#2045));
#2042 = ORIENTED_EDGE('',*,*,#2021,.F.);
#2043 = ORIENTED_EDGE('',*,*,#778,.T.);
#2044 = ORIENTED_EDGE('',*,*,#1964,.T.);
#2045 = ORIENTED_EDGE('',*,*,#2046,.F.);
#2046 = EDGE_CURVE('',#2022,#1965,#2047,.T.);
#2047 = LINE('',#2048,#2049);
#2048 = CARTESIAN_POINT('',(-0.6,-5.38,8.2));
#2049 = VECTOR('',#2050,1.);
#2050 = DIRECTION('',(1.,-1.110223024625E-16,0.));
#2051 = PLANE('',#2052);
#2052 = AXIS2_PLACEMENT_3D('',#2053,#2054,#2055);
#2053 = CARTESIAN_POINT('',(-0.6,-5.53,8.35));
#2054 = DIRECTION('',(7.850462293414E-17,0.707106781187,0.707106781187)
  );
#2055 = DIRECTION('',(1.,-1.110223024625E-16,2.680278185005E-29));
#2056 = ADVANCED_FACE('',(#2057),#2082,.T.);
#2057 = FACE_BOUND('',#2058,.T.);
#2058 = EDGE_LOOP('',(#2059,#2067,#2068,#2076));
#2059 = ORIENTED_EDGE('',*,*,#2060,.F.);
#2060 = EDGE_CURVE('',#803,#2061,#2063,.T.);
#2061 = VERTEX_POINT('',#2062);
#2062 = CARTESIAN_POINT('',(0.3,-2.84,8.2));
#2063 = LINE('',#2064,#2065);
#2064 = CARTESIAN_POINT('',(0.3,-2.84,8.2));
#2065 = VECTOR('',#2066,1.);
#2066 = DIRECTION('',(-0.57735026919,0.57735026919,-0.57735026919));
#2067 = ORIENTED_EDGE('',*,*,#802,.T.);
#2068 = ORIENTED_EDGE('',*,*,#2069,.T.);
#2069 = EDGE_CURVE('',#805,#2070,#2072,.T.);
#2070 = VERTEX_POINT('',#2071);
#2071 = CARTESIAN_POINT('',(0.3,-2.24,8.2));
#2072 = LINE('',#2073,#2074);
#2073 = CARTESIAN_POINT('',(0.3,-2.24,8.2));
#2074 = VECTOR('',#2075,1.);
#2075 = DIRECTION('',(-0.57735026919,-0.57735026919,-0.57735026919));
#2076 = ORIENTED_EDGE('',*,*,#2077,.F.);
#2077 = EDGE_CURVE('',#2061,#2070,#2078,.T.);
#2078 = LINE('',#2079,#2080);
#2079 = CARTESIAN_POINT('',(0.3,-3.14,8.2));
#2080 = VECTOR('',#2081,1.);
#2081 = DIRECTION('',(1.110223024625E-16,1.,0.));
#2082 = PLANE('',#2083);
#2083 = AXIS2_PLACEMENT_3D('',#2084,#2085,#2086);
#2084 = CARTESIAN_POINT('',(0.45,-3.14,8.35));
#2085 = DIRECTION('',(-0.707106781187,7.850462293414E-17,0.707106781187)
  );
#2086 = DIRECTION('',(1.110223024625E-16,1.,2.680278185005E-29));
#2087 = ADVANCED_FACE('',(#2088),#2106,.T.);
#2088 = FACE_BOUND('',#2089,.T.);
#2089 = EDGE_LOOP('',(#2090,#2091,#2092,#2100));
#2090 = ORIENTED_EDGE('',*,*,#2069,.F.);
#2091 = ORIENTED_EDGE('',*,*,#828,.T.);
#2092 = ORIENTED_EDGE('',*,*,#2093,.T.);
#2093 = EDGE_CURVE('',#821,#2094,#2096,.T.);
#2094 = VERTEX_POINT('',#2095);
#2095 = CARTESIAN_POINT('',(-0.3,-2.24,8.2));
#2096 = LINE('',#2097,#2098);
#2097 = CARTESIAN_POINT('',(-0.3,-2.24,8.2));
#2098 = VECTOR('',#2099,1.);
#2099 = DIRECTION('',(0.57735026919,-0.57735026919,-0.57735026919));
#2100 = ORIENTED_EDGE('',*,*,#2101,.F.);
#2101 = EDGE_CURVE('',#2070,#2094,#2102,.T.);
#2102 = LINE('',#2103,#2104);
#2103 = CARTESIAN_POINT('',(0.6,-2.24,8.2));
#2104 = VECTOR('',#2105,1.);
#2105 = DIRECTION('',(-1.,1.110223024625E-16,0.));
#2106 = PLANE('',#2107);
#2107 = AXIS2_PLACEMENT_3D('',#2108,#2109,#2110);
#2108 = CARTESIAN_POINT('',(0.6,-2.09,8.35));
#2109 = DIRECTION('',(-7.850462293414E-17,-0.707106781187,0.707106781187
    ));
#2110 = DIRECTION('',(-1.,1.110223024625E-16,2.680278185005E-29));
#2111 = ADVANCED_FACE('',(#2112),#2130,.T.);
#2112 = FACE_BOUND('',#2113,.T.);
#2113 = EDGE_LOOP('',(#2114,#2115,#2116,#2124));
#2114 = ORIENTED_EDGE('',*,*,#2093,.F.);
#2115 = ORIENTED_EDGE('',*,*,#820,.T.);
#2116 = ORIENTED_EDGE('',*,*,#2117,.T.);
#2117 = EDGE_CURVE('',#813,#2118,#2120,.T.);
#2118 = VERTEX_POINT('',#2119);
#2119 = CARTESIAN_POINT('',(-0.3,-2.84,8.2));
#2120 = LINE('',#2121,#2122);
#2121 = CARTESIAN_POINT('',(-0.3,-2.84,8.2));
#2122 = VECTOR('',#2123,1.);
#2123 = DIRECTION('',(0.57735026919,0.57735026919,-0.57735026919));
#2124 = ORIENTED_EDGE('',*,*,#2125,.F.);
#2125 = EDGE_CURVE('',#2094,#2118,#2126,.T.);
#2126 = LINE('',#2127,#2128);
#2127 = CARTESIAN_POINT('',(-0.3,-1.94,8.2));
#2128 = VECTOR('',#2129,1.);
#2129 = DIRECTION('',(-1.110223024625E-16,-1.,0.));
#2130 = PLANE('',#2131);
#2131 = AXIS2_PLACEMENT_3D('',#2132,#2133,#2134);
#2132 = CARTESIAN_POINT('',(-0.45,-1.94,8.35));
#2133 = DIRECTION('',(0.707106781187,-7.850462293414E-17,0.707106781187)
  );
#2134 = DIRECTION('',(-1.110223024625E-16,-1.,2.680278185005E-29));
#2135 = ADVANCED_FACE('',(#2136),#2147,.T.);
#2136 = FACE_BOUND('',#2137,.T.);
#2137 = EDGE_LOOP('',(#2138,#2139,#2140,#2141));
#2138 = ORIENTED_EDGE('',*,*,#2117,.F.);
#2139 = ORIENTED_EDGE('',*,*,#812,.T.);
#2140 = ORIENTED_EDGE('',*,*,#2060,.T.);
#2141 = ORIENTED_EDGE('',*,*,#2142,.F.);
#2142 = EDGE_CURVE('',#2118,#2061,#2143,.T.);
#2143 = LINE('',#2144,#2145);
#2144 = CARTESIAN_POINT('',(-0.6,-2.84,8.2));
#2145 = VECTOR('',#2146,1.);
#2146 = DIRECTION('',(1.,-1.110223024625E-16,0.));
#2147 = PLANE('',#2148);
#2148 = AXIS2_PLACEMENT_3D('',#2149,#2150,#2151);
#2149 = CARTESIAN_POINT('',(-0.6,-2.99,8.35));
#2150 = DIRECTION('',(7.850462293414E-17,0.707106781187,0.707106781187)
  );
#2151 = DIRECTION('',(1.,-1.110223024625E-16,2.680278185005E-29));
#2152 = ADVANCED_FACE('',(#2153),#2178,.T.);
#2153 = FACE_BOUND('',#2154,.T.);
#2154 = EDGE_LOOP('',(#2155,#2163,#2164,#2172));
#2155 = ORIENTED_EDGE('',*,*,#2156,.F.);
#2156 = EDGE_CURVE('',#837,#2157,#2159,.T.);
#2157 = VERTEX_POINT('',#2158);
#2158 = CARTESIAN_POINT('',(0.3,-0.3,8.2));
#2159 = LINE('',#2160,#2161);
#2160 = CARTESIAN_POINT('',(0.3,-0.3,8.2));
#2161 = VECTOR('',#2162,1.);
#2162 = DIRECTION('',(-0.57735026919,0.57735026919,-0.57735026919));
#2163 = ORIENTED_EDGE('',*,*,#836,.T.);
#2164 = ORIENTED_EDGE('',*,*,#2165,.T.);
#2165 = EDGE_CURVE('',#839,#2166,#2168,.T.);
#2166 = VERTEX_POINT('',#2167);
#2167 = CARTESIAN_POINT('',(0.3,0.3,8.2));
#2168 = LINE('',#2169,#2170);
#2169 = CARTESIAN_POINT('',(0.3,0.3,8.2));
#2170 = VECTOR('',#2171,1.);
#2171 = DIRECTION('',(-0.57735026919,-0.57735026919,-0.57735026919));
#2172 = ORIENTED_EDGE('',*,*,#2173,.F.);
#2173 = EDGE_CURVE('',#2157,#2166,#2174,.T.);
#2174 = LINE('',#2175,#2176);
#2175 = CARTESIAN_POINT('',(0.3,-0.6,8.2));
#2176 = VECTOR('',#2177,1.);
#2177 = DIRECTION('',(1.110223024625E-16,1.,0.));
#2178 = PLANE('',#2179);
#2179 = AXIS2_PLACEMENT_3D('',#2180,#2181,#2182);
#2180 = CARTESIAN_POINT('',(0.45,-0.6,8.35));
#2181 = DIRECTION('',(-0.707106781187,7.850462293414E-17,0.707106781187)
  );
#2182 = DIRECTION('',(1.110223024625E-16,1.,2.680278185005E-29));
#2183 = ADVANCED_FACE('',(#2184),#2202,.T.);
#2184 = FACE_BOUND('',#2185,.T.);
#2185 = EDGE_LOOP('',(#2186,#2187,#2188,#2196));
#2186 = ORIENTED_EDGE('',*,*,#2165,.F.);
#2187 = ORIENTED_EDGE('',*,*,#862,.T.);
#2188 = ORIENTED_EDGE('',*,*,#2189,.T.);
#2189 = EDGE_CURVE('',#855,#2190,#2192,.T.);
#2190 = VERTEX_POINT('',#2191);
#2191 = CARTESIAN_POINT('',(-0.3,0.3,8.2));
#2192 = LINE('',#2193,#2194);
#2193 = CARTESIAN_POINT('',(-0.3,0.3,8.2));
#2194 = VECTOR('',#2195,1.);
#2195 = DIRECTION('',(0.57735026919,-0.57735026919,-0.57735026919));
#2196 = ORIENTED_EDGE('',*,*,#2197,.F.);
#2197 = EDGE_CURVE('',#2166,#2190,#2198,.T.);
#2198 = LINE('',#2199,#2200);
#2199 = CARTESIAN_POINT('',(0.6,0.3,8.2));
#2200 = VECTOR('',#2201,1.);
#2201 = DIRECTION('',(-1.,1.110223024625E-16,0.));
#2202 = PLANE('',#2203);
#2203 = AXIS2_PLACEMENT_3D('',#2204,#2205,#2206);
#2204 = CARTESIAN_POINT('',(0.6,0.45,8.35));
#2205 = DIRECTION('',(-7.850462293414E-17,-0.707106781187,0.707106781187
    ));
#2206 = DIRECTION('',(-1.,1.110223024625E-16,2.680278185005E-29));
#2207 = ADVANCED_FACE('',(#2208),#2226,.T.);
#2208 = FACE_BOUND('',#2209,.T.);
#2209 = EDGE_LOOP('',(#2210,#2211,#2212,#2220));
#2210 = ORIENTED_EDGE('',*,*,#2189,.F.);
#2211 = ORIENTED_EDGE('',*,*,#854,.T.);
#2212 = ORIENTED_EDGE('',*,*,#2213,.T.);
#2213 = EDGE_CURVE('',#847,#2214,#2216,.T.);
#2214 = VERTEX_POINT('',#2215);
#2215 = CARTESIAN_POINT('',(-0.3,-0.3,8.2));
#2216 = LINE('',#2217,#2218);
#2217 = CARTESIAN_POINT('',(-0.3,-0.3,8.2));
#2218 = VECTOR('',#2219,1.);
#2219 = DIRECTION('',(0.57735026919,0.57735026919,-0.57735026919));
#2220 = ORIENTED_EDGE('',*,*,#2221,.F.);
#2221 = EDGE_CURVE('',#2190,#2214,#2222,.T.);
#2222 = LINE('',#2223,#2224);
#2223 = CARTESIAN_POINT('',(-0.3,0.6,8.2));
#2224 = VECTOR('',#2225,1.);
#2225 = DIRECTION('',(-1.110223024625E-16,-1.,0.));
#2226 = PLANE('',#2227);
#2227 = AXIS2_PLACEMENT_3D('',#2228,#2229,#2230);
#2228 = CARTESIAN_POINT('',(-0.45,0.6,8.35));
#2229 = DIRECTION('',(0.707106781187,-7.850462293414E-17,0.707106781187)
  );
#2230 = DIRECTION('',(-1.110223024625E-16,-1.,2.680278185005E-29));
#2231 = ADVANCED_FACE('',(#2232),#2243,.T.);
#2232 = FACE_BOUND('',#2233,.T.);
#2233 = EDGE_LOOP('',(#2234,#2235,#2236,#2237));
#2234 = ORIENTED_EDGE('',*,*,#2213,.F.);
#2235 = ORIENTED_EDGE('',*,*,#846,.T.);
#2236 = ORIENTED_EDGE('',*,*,#2156,.T.);
#2237 = ORIENTED_EDGE('',*,*,#2238,.F.);
#2238 = EDGE_CURVE('',#2214,#2157,#2239,.T.);
#2239 = LINE('',#2240,#2241);
#2240 = CARTESIAN_POINT('',(-0.6,-0.3,8.2));
#2241 = VECTOR('',#2242,1.);
#2242 = DIRECTION('',(1.,-1.110223024625E-16,0.));
#2243 = PLANE('',#2244);
#2244 = AXIS2_PLACEMENT_3D('',#2245,#2246,#2247);
#2245 = CARTESIAN_POINT('',(-0.6,-0.45,8.35));
#2246 = DIRECTION('',(7.850462293414E-17,0.707106781187,0.707106781187)
  );
#2247 = DIRECTION('',(1.,-1.110223024625E-16,2.680278185005E-29));
#2248 = ADVANCED_FACE('',(#2249),#2260,.T.);
#2249 = FACE_BOUND('',#2250,.T.);
#2250 = EDGE_LOOP('',(#2251,#2252,#2253,#2259));
#2251 = ORIENTED_EDGE('',*,*,#926,.F.);
#2252 = ORIENTED_EDGE('',*,*,#936,.T.);
#2253 = ORIENTED_EDGE('',*,*,#2254,.T.);
#2254 = EDGE_CURVE('',#937,#977,#2255,.T.);
#2255 = LINE('',#2256,#2257);
#2256 = CARTESIAN_POINT('',(-0.1,-18.08,0.2));
#2257 = VECTOR('',#2258,1.);
#2258 = DIRECTION('',(1.,-1.110223024625E-16,0.));
#2259 = ORIENTED_EDGE('',*,*,#984,.T.);
#2260 = PLANE('',#2261);
#2261 = AXIS2_PLACEMENT_3D('',#2262,#2263,#2264);
#2262 = CARTESIAN_POINT('',(-0.1,-18.08,0.2));
#2263 = DIRECTION('',(0.,-0.,-1.));
#2264 = DIRECTION('',(-1.110223024625E-16,-1.,0.));
#2265 = ADVANCED_FACE('',(#2266),#2307,.F.);
#2266 = FACE_BOUND('',#2267,.F.);
#2267 = EDGE_LOOP('',(#2268,#2276,#2277,#2285,#2293,#2301));
#2268 = ORIENTED_EDGE('',*,*,#2269,.T.);
#2269 = EDGE_CURVE('',#2270,#977,#2272,.T.);
#2270 = VERTEX_POINT('',#2271);
#2271 = CARTESIAN_POINT('',(0.1,-18.08,-2.5));
#2272 = LINE('',#2273,#2274);
#2273 = CARTESIAN_POINT('',(0.1,-18.08,-2.5));
#2274 = VECTOR('',#2275,1.);
#2275 = DIRECTION('',(0.,0.,1.));
#2276 = ORIENTED_EDGE('',*,*,#976,.F.);
#2277 = ORIENTED_EDGE('',*,*,#2278,.T.);
#2278 = EDGE_CURVE('',#969,#2279,#2281,.T.);
#2279 = VERTEX_POINT('',#2280);
#2280 = CARTESIAN_POINT('',(0.1,-17.48,-2.5));
#2281 = LINE('',#2282,#2283);
#2282 = CARTESIAN_POINT('',(0.1,-17.48,0.2));
#2283 = VECTOR('',#2284,1.);
#2284 = DIRECTION('',(0.,0.,-1.));
#2285 = ORIENTED_EDGE('',*,*,#2286,.T.);
#2286 = EDGE_CURVE('',#2279,#2287,#2289,.T.);
#2287 = VERTEX_POINT('',#2288);
#2288 = CARTESIAN_POINT('',(0.1,-17.63,-3.1));
#2289 = LINE('',#2290,#2291);
#2290 = CARTESIAN_POINT('',(0.1,-17.48,-2.5));
#2291 = VECTOR('',#2292,1.);
#2292 = DIRECTION('',(-2.692686352073E-17,-0.242535625036,
    -0.970142500145));
#2293 = ORIENTED_EDGE('',*,*,#2294,.T.);
#2294 = EDGE_CURVE('',#2287,#2295,#2297,.T.);
#2295 = VERTEX_POINT('',#2296);
#2296 = CARTESIAN_POINT('',(0.1,-17.93,-3.1));
#2297 = LINE('',#2298,#2299);
#2298 = CARTESIAN_POINT('',(0.1,-17.63,-3.1));
#2299 = VECTOR('',#2300,1.);
#2300 = DIRECTION('',(-1.110223024625E-16,-1.,0.));
#2301 = ORIENTED_EDGE('',*,*,#2302,.T.);
#2302 = EDGE_CURVE('',#2295,#2270,#2303,.T.);
#2303 = LINE('',#2304,#2305);
#2304 = CARTESIAN_POINT('',(0.1,-17.93,-3.1));
#2305 = VECTOR('',#2306,1.);
#2306 = DIRECTION('',(-2.692686352073E-17,-0.242535625036,0.970142500145
    ));
#2307 = PLANE('',#2308);
#2308 = AXIS2_PLACEMENT_3D('',#2309,#2310,#2311);
#2309 = CARTESIAN_POINT('',(0.1,-17.78,3.911477598424));
#2310 = DIRECTION('',(-1.,1.110223024625E-16,0.));
#2311 = DIRECTION('',(0.,0.,1.));
#2312 = ADVANCED_FACE('',(#2313),#2324,.T.);
#2313 = FACE_BOUND('',#2314,.T.);
#2314 = EDGE_LOOP('',(#2315,#2321,#2322,#2323));
#2315 = ORIENTED_EDGE('',*,*,#2316,.F.);
#2316 = EDGE_CURVE('',#945,#969,#2317,.T.);
#2317 = LINE('',#2318,#2319);
#2318 = CARTESIAN_POINT('',(-0.1,-17.48,0.2));
#2319 = VECTOR('',#2320,1.);
#2320 = DIRECTION('',(1.,-1.110223024625E-16,0.));
#2321 = ORIENTED_EDGE('',*,*,#952,.T.);
#2322 = ORIENTED_EDGE('',*,*,#960,.T.);
#2323 = ORIENTED_EDGE('',*,*,#968,.T.);
#2324 = PLANE('',#2325);
#2325 = AXIS2_PLACEMENT_3D('',#2326,#2327,#2328);
#2326 = CARTESIAN_POINT('',(-0.1,-18.08,0.2));
#2327 = DIRECTION('',(0.,-0.,-1.));
#2328 = DIRECTION('',(-1.110223024625E-16,-1.,0.));
#2329 = ADVANCED_FACE('',(#2330),#2371,.T.);
#2330 = FACE_BOUND('',#2331,.T.);
#2331 = EDGE_LOOP('',(#2332,#2340,#2341,#2349,#2357,#2365));
#2332 = ORIENTED_EDGE('',*,*,#2333,.T.);
#2333 = EDGE_CURVE('',#2334,#937,#2336,.T.);
#2334 = VERTEX_POINT('',#2335);
#2335 = CARTESIAN_POINT('',(-0.1,-18.08,-2.5));
#2336 = LINE('',#2337,#2338);
#2337 = CARTESIAN_POINT('',(-0.1,-18.08,-2.5));
#2338 = VECTOR('',#2339,1.);
#2339 = DIRECTION('',(0.,0.,1.));
#2340 = ORIENTED_EDGE('',*,*,#944,.F.);
#2341 = ORIENTED_EDGE('',*,*,#2342,.T.);
#2342 = EDGE_CURVE('',#945,#2343,#2345,.T.);
#2343 = VERTEX_POINT('',#2344);
#2344 = CARTESIAN_POINT('',(-0.1,-17.48,-2.5));
#2345 = LINE('',#2346,#2347);
#2346 = CARTESIAN_POINT('',(-0.1,-17.48,0.2));
#2347 = VECTOR('',#2348,1.);
#2348 = DIRECTION('',(0.,0.,-1.));
#2349 = ORIENTED_EDGE('',*,*,#2350,.T.);
#2350 = EDGE_CURVE('',#2343,#2351,#2353,.T.);
#2351 = VERTEX_POINT('',#2352);
#2352 = CARTESIAN_POINT('',(-0.1,-17.63,-3.1));
#2353 = LINE('',#2354,#2355);
#2354 = CARTESIAN_POINT('',(-0.1,-17.48,-2.5));
#2355 = VECTOR('',#2356,1.);
#2356 = DIRECTION('',(-2.692686352073E-17,-0.242535625036,
    -0.970142500145));
#2357 = ORIENTED_EDGE('',*,*,#2358,.F.);
#2358 = EDGE_CURVE('',#2359,#2351,#2361,.T.);
#2359 = VERTEX_POINT('',#2360);
#2360 = CARTESIAN_POINT('',(-0.1,-17.93,-3.1));
#2361 = LINE('',#2362,#2363);
#2362 = CARTESIAN_POINT('',(-0.1,-17.93,-3.1));
#2363 = VECTOR('',#2364,1.);
#2364 = DIRECTION('',(1.110223024625E-16,1.,0.));
#2365 = ORIENTED_EDGE('',*,*,#2366,.T.);
#2366 = EDGE_CURVE('',#2359,#2334,#2367,.T.);
#2367 = LINE('',#2368,#2369);
#2368 = CARTESIAN_POINT('',(-0.1,-17.93,-3.1));
#2369 = VECTOR('',#2370,1.);
#2370 = DIRECTION('',(-2.692686352073E-17,-0.242535625036,0.970142500145
    ));
#2371 = PLANE('',#2372);
#2372 = AXIS2_PLACEMENT_3D('',#2373,#2374,#2375);
#2373 = CARTESIAN_POINT('',(-0.1,-17.78,3.911477598424));
#2374 = DIRECTION('',(-1.,1.110223024625E-16,0.));
#2375 = DIRECTION('',(0.,0.,1.));
#2376 = ADVANCED_FACE('',(#2377),#2388,.T.);
#2377 = FACE_BOUND('',#2378,.T.);
#2378 = EDGE_LOOP('',(#2379,#2380,#2381,#2387));
#2379 = ORIENTED_EDGE('',*,*,#992,.F.);
#2380 = ORIENTED_EDGE('',*,*,#1002,.T.);
#2381 = ORIENTED_EDGE('',*,*,#2382,.T.);
#2382 = EDGE_CURVE('',#1003,#1043,#2383,.T.);
#2383 = LINE('',#2384,#2385);
#2384 = CARTESIAN_POINT('',(-0.1,-15.54,0.2));
#2385 = VECTOR('',#2386,1.);
#2386 = DIRECTION('',(1.,-1.110223024625E-16,0.));
#2387 = ORIENTED_EDGE('',*,*,#1050,.T.);
#2388 = PLANE('',#2389);
#2389 = AXIS2_PLACEMENT_3D('',#2390,#2391,#2392);
#2390 = CARTESIAN_POINT('',(-0.1,-15.54,0.2));
#2391 = DIRECTION('',(0.,-0.,-1.));
#2392 = DIRECTION('',(-1.110223024625E-16,-1.,0.));
#2393 = ADVANCED_FACE('',(#2394),#2435,.F.);
#2394 = FACE_BOUND('',#2395,.F.);
#2395 = EDGE_LOOP('',(#2396,#2404,#2405,#2413,#2421,#2429));
#2396 = ORIENTED_EDGE('',*,*,#2397,.T.);
#2397 = EDGE_CURVE('',#2398,#1043,#2400,.T.);
#2398 = VERTEX_POINT('',#2399);
#2399 = CARTESIAN_POINT('',(0.1,-15.54,-2.5));
#2400 = LINE('',#2401,#2402);
#2401 = CARTESIAN_POINT('',(0.1,-15.54,-2.5));
#2402 = VECTOR('',#2403,1.);
#2403 = DIRECTION('',(0.,0.,1.));
#2404 = ORIENTED_EDGE('',*,*,#1042,.F.);
#2405 = ORIENTED_EDGE('',*,*,#2406,.T.);
#2406 = EDGE_CURVE('',#1035,#2407,#2409,.T.);
#2407 = VERTEX_POINT('',#2408);
#2408 = CARTESIAN_POINT('',(0.1,-14.94,-2.5));
#2409 = LINE('',#2410,#2411);
#2410 = CARTESIAN_POINT('',(0.1,-14.94,0.2));
#2411 = VECTOR('',#2412,1.);
#2412 = DIRECTION('',(0.,0.,-1.));
#2413 = ORIENTED_EDGE('',*,*,#2414,.T.);
#2414 = EDGE_CURVE('',#2407,#2415,#2417,.T.);
#2415 = VERTEX_POINT('',#2416);
#2416 = CARTESIAN_POINT('',(0.1,-15.09,-3.1));
#2417 = LINE('',#2418,#2419);
#2418 = CARTESIAN_POINT('',(0.1,-14.94,-2.5));
#2419 = VECTOR('',#2420,1.);
#2420 = DIRECTION('',(-2.692686352073E-17,-0.242535625036,
    -0.970142500145));
#2421 = ORIENTED_EDGE('',*,*,#2422,.T.);
#2422 = EDGE_CURVE('',#2415,#2423,#2425,.T.);
#2423 = VERTEX_POINT('',#2424);
#2424 = CARTESIAN_POINT('',(0.1,-15.39,-3.1));
#2425 = LINE('',#2426,#2427);
#2426 = CARTESIAN_POINT('',(0.1,-15.09,-3.1));
#2427 = VECTOR('',#2428,1.);
#2428 = DIRECTION('',(-1.110223024625E-16,-1.,0.));
#2429 = ORIENTED_EDGE('',*,*,#2430,.T.);
#2430 = EDGE_CURVE('',#2423,#2398,#2431,.T.);
#2431 = LINE('',#2432,#2433);
#2432 = CARTESIAN_POINT('',(0.1,-15.39,-3.1));
#2433 = VECTOR('',#2434,1.);
#2434 = DIRECTION('',(-2.692686352073E-17,-0.242535625036,0.970142500145
    ));
#2435 = PLANE('',#2436);
#2436 = AXIS2_PLACEMENT_3D('',#2437,#2438,#2439);
#2437 = CARTESIAN_POINT('',(0.1,-15.24,3.911477598424));
#2438 = DIRECTION('',(-1.,1.110223024625E-16,0.));
#2439 = DIRECTION('',(0.,0.,1.));
#2440 = ADVANCED_FACE('',(#2441),#2452,.T.);
#2441 = FACE_BOUND('',#2442,.T.);
#2442 = EDGE_LOOP('',(#2443,#2449,#2450,#2451));
#2443 = ORIENTED_EDGE('',*,*,#2444,.F.);
#2444 = EDGE_CURVE('',#1011,#1035,#2445,.T.);
#2445 = LINE('',#2446,#2447);
#2446 = CARTESIAN_POINT('',(-0.1,-14.94,0.2));
#2447 = VECTOR('',#2448,1.);
#2448 = DIRECTION('',(1.,-1.110223024625E-16,0.));
#2449 = ORIENTED_EDGE('',*,*,#1018,.T.);
#2450 = ORIENTED_EDGE('',*,*,#1026,.T.);
#2451 = ORIENTED_EDGE('',*,*,#1034,.T.);
#2452 = PLANE('',#2453);
#2453 = AXIS2_PLACEMENT_3D('',#2454,#2455,#2456);
#2454 = CARTESIAN_POINT('',(-0.1,-15.54,0.2));
#2455 = DIRECTION('',(0.,-0.,-1.));
#2456 = DIRECTION('',(-1.110223024625E-16,-1.,0.));
#2457 = ADVANCED_FACE('',(#2458),#2499,.T.);
#2458 = FACE_BOUND('',#2459,.T.);
#2459 = EDGE_LOOP('',(#2460,#2468,#2469,#2477,#2485,#2493));
#2460 = ORIENTED_EDGE('',*,*,#2461,.T.);
#2461 = EDGE_CURVE('',#2462,#1003,#2464,.T.);
#2462 = VERTEX_POINT('',#2463);
#2463 = CARTESIAN_POINT('',(-0.1,-15.54,-2.5));
#2464 = LINE('',#2465,#2466);
#2465 = CARTESIAN_POINT('',(-0.1,-15.54,-2.5));
#2466 = VECTOR('',#2467,1.);
#2467 = DIRECTION('',(0.,0.,1.));
#2468 = ORIENTED_EDGE('',*,*,#1010,.F.);
#2469 = ORIENTED_EDGE('',*,*,#2470,.T.);
#2470 = EDGE_CURVE('',#1011,#2471,#2473,.T.);
#2471 = VERTEX_POINT('',#2472);
#2472 = CARTESIAN_POINT('',(-0.1,-14.94,-2.5));
#2473 = LINE('',#2474,#2475);
#2474 = CARTESIAN_POINT('',(-0.1,-14.94,0.2));
#2475 = VECTOR('',#2476,1.);
#2476 = DIRECTION('',(0.,0.,-1.));
#2477 = ORIENTED_EDGE('',*,*,#2478,.T.);
#2478 = EDGE_CURVE('',#2471,#2479,#2481,.T.);
#2479 = VERTEX_POINT('',#2480);
#2480 = CARTESIAN_POINT('',(-0.1,-15.09,-3.1));
#2481 = LINE('',#2482,#2483);
#2482 = CARTESIAN_POINT('',(-0.1,-14.94,-2.5));
#2483 = VECTOR('',#2484,1.);
#2484 = DIRECTION('',(-2.692686352073E-17,-0.242535625036,
    -0.970142500145));
#2485 = ORIENTED_EDGE('',*,*,#2486,.F.);
#2486 = EDGE_CURVE('',#2487,#2479,#2489,.T.);
#2487 = VERTEX_POINT('',#2488);
#2488 = CARTESIAN_POINT('',(-0.1,-15.39,-3.1));
#2489 = LINE('',#2490,#2491);
#2490 = CARTESIAN_POINT('',(-0.1,-15.39,-3.1));
#2491 = VECTOR('',#2492,1.);
#2492 = DIRECTION('',(1.110223024625E-16,1.,0.));
#2493 = ORIENTED_EDGE('',*,*,#2494,.T.);
#2494 = EDGE_CURVE('',#2487,#2462,#2495,.T.);
#2495 = LINE('',#2496,#2497);
#2496 = CARTESIAN_POINT('',(-0.1,-15.39,-3.1));
#2497 = VECTOR('',#2498,1.);
#2498 = DIRECTION('',(-2.692686352073E-17,-0.242535625036,0.970142500145
    ));
#2499 = PLANE('',#2500);
#2500 = AXIS2_PLACEMENT_3D('',#2501,#2502,#2503);
#2501 = CARTESIAN_POINT('',(-0.1,-15.24,3.911477598424));
#2502 = DIRECTION('',(-1.,1.110223024625E-16,0.));
#2503 = DIRECTION('',(0.,0.,1.));
#2504 = ADVANCED_FACE('',(#2505),#2516,.T.);
#2505 = FACE_BOUND('',#2506,.T.);
#2506 = EDGE_LOOP('',(#2507,#2508,#2509,#2515));
#2507 = ORIENTED_EDGE('',*,*,#1058,.F.);
#2508 = ORIENTED_EDGE('',*,*,#1068,.T.);
#2509 = ORIENTED_EDGE('',*,*,#2510,.T.);
#2510 = EDGE_CURVE('',#1069,#1109,#2511,.T.);
#2511 = LINE('',#2512,#2513);
#2512 = CARTESIAN_POINT('',(-0.1,-13.,0.2));
#2513 = VECTOR('',#2514,1.);
#2514 = DIRECTION('',(1.,-1.110223024625E-16,0.));
#2515 = ORIENTED_EDGE('',*,*,#1116,.T.);
#2516 = PLANE('',#2517);
#2517 = AXIS2_PLACEMENT_3D('',#2518,#2519,#2520);
#2518 = CARTESIAN_POINT('',(-0.1,-13.,0.2));
#2519 = DIRECTION('',(0.,-0.,-1.));
#2520 = DIRECTION('',(-1.110223024625E-16,-1.,0.));
#2521 = ADVANCED_FACE('',(#2522),#2563,.F.);
#2522 = FACE_BOUND('',#2523,.F.);
#2523 = EDGE_LOOP('',(#2524,#2532,#2533,#2541,#2549,#2557));
#2524 = ORIENTED_EDGE('',*,*,#2525,.T.);
#2525 = EDGE_CURVE('',#2526,#1109,#2528,.T.);
#2526 = VERTEX_POINT('',#2527);
#2527 = CARTESIAN_POINT('',(0.1,-13.,-2.5));
#2528 = LINE('',#2529,#2530);
#2529 = CARTESIAN_POINT('',(0.1,-13.,-2.5));
#2530 = VECTOR('',#2531,1.);
#2531 = DIRECTION('',(0.,0.,1.));
#2532 = ORIENTED_EDGE('',*,*,#1108,.F.);
#2533 = ORIENTED_EDGE('',*,*,#2534,.T.);
#2534 = EDGE_CURVE('',#1101,#2535,#2537,.T.);
#2535 = VERTEX_POINT('',#2536);
#2536 = CARTESIAN_POINT('',(0.1,-12.4,-2.5));
#2537 = LINE('',#2538,#2539);
#2538 = CARTESIAN_POINT('',(0.1,-12.4,0.2));
#2539 = VECTOR('',#2540,1.);
#2540 = DIRECTION('',(0.,0.,-1.));
#2541 = ORIENTED_EDGE('',*,*,#2542,.T.);
#2542 = EDGE_CURVE('',#2535,#2543,#2545,.T.);
#2543 = VERTEX_POINT('',#2544);
#2544 = CARTESIAN_POINT('',(0.1,-12.55,-3.1));
#2545 = LINE('',#2546,#2547);
#2546 = CARTESIAN_POINT('',(0.1,-12.4,-2.5));
#2547 = VECTOR('',#2548,1.);
#2548 = DIRECTION('',(-2.692686352073E-17,-0.242535625036,
    -0.970142500145));
#2549 = ORIENTED_EDGE('',*,*,#2550,.T.);
#2550 = EDGE_CURVE('',#2543,#2551,#2553,.T.);
#2551 = VERTEX_POINT('',#2552);
#2552 = CARTESIAN_POINT('',(0.1,-12.85,-3.1));
#2553 = LINE('',#2554,#2555);
#2554 = CARTESIAN_POINT('',(0.1,-12.55,-3.1));
#2555 = VECTOR('',#2556,1.);
#2556 = DIRECTION('',(-1.110223024625E-16,-1.,0.));
#2557 = ORIENTED_EDGE('',*,*,#2558,.T.);
#2558 = EDGE_CURVE('',#2551,#2526,#2559,.T.);
#2559 = LINE('',#2560,#2561);
#2560 = CARTESIAN_POINT('',(0.1,-12.85,-3.1));
#2561 = VECTOR('',#2562,1.);
#2562 = DIRECTION('',(-2.692686352073E-17,-0.242535625036,0.970142500145
    ));
#2563 = PLANE('',#2564);
#2564 = AXIS2_PLACEMENT_3D('',#2565,#2566,#2567);
#2565 = CARTESIAN_POINT('',(0.1,-12.7,3.911477598424));
#2566 = DIRECTION('',(-1.,1.110223024625E-16,0.));
#2567 = DIRECTION('',(0.,0.,1.));
#2568 = ADVANCED_FACE('',(#2569),#2580,.T.);
#2569 = FACE_BOUND('',#2570,.T.);
#2570 = EDGE_LOOP('',(#2571,#2577,#2578,#2579));
#2571 = ORIENTED_EDGE('',*,*,#2572,.F.);
#2572 = EDGE_CURVE('',#1077,#1101,#2573,.T.);
#2573 = LINE('',#2574,#2575);
#2574 = CARTESIAN_POINT('',(-0.1,-12.4,0.2));
#2575 = VECTOR('',#2576,1.);
#2576 = DIRECTION('',(1.,-1.110223024625E-16,0.));
#2577 = ORIENTED_EDGE('',*,*,#1084,.T.);
#2578 = ORIENTED_EDGE('',*,*,#1092,.T.);
#2579 = ORIENTED_EDGE('',*,*,#1100,.T.);
#2580 = PLANE('',#2581);
#2581 = AXIS2_PLACEMENT_3D('',#2582,#2583,#2584);
#2582 = CARTESIAN_POINT('',(-0.1,-13.,0.2));
#2583 = DIRECTION('',(0.,-0.,-1.));
#2584 = DIRECTION('',(-1.110223024625E-16,-1.,0.));
#2585 = ADVANCED_FACE('',(#2586),#2627,.T.);
#2586 = FACE_BOUND('',#2587,.T.);
#2587 = EDGE_LOOP('',(#2588,#2596,#2597,#2605,#2613,#2621));
#2588 = ORIENTED_EDGE('',*,*,#2589,.T.);
#2589 = EDGE_CURVE('',#2590,#1069,#2592,.T.);
#2590 = VERTEX_POINT('',#2591);
#2591 = CARTESIAN_POINT('',(-0.1,-13.,-2.5));
#2592 = LINE('',#2593,#2594);
#2593 = CARTESIAN_POINT('',(-0.1,-13.,-2.5));
#2594 = VECTOR('',#2595,1.);
#2595 = DIRECTION('',(0.,0.,1.));
#2596 = ORIENTED_EDGE('',*,*,#1076,.F.);
#2597 = ORIENTED_EDGE('',*,*,#2598,.T.);
#2598 = EDGE_CURVE('',#1077,#2599,#2601,.T.);
#2599 = VERTEX_POINT('',#2600);
#2600 = CARTESIAN_POINT('',(-0.1,-12.4,-2.5));
#2601 = LINE('',#2602,#2603);
#2602 = CARTESIAN_POINT('',(-0.1,-12.4,0.2));
#2603 = VECTOR('',#2604,1.);
#2604 = DIRECTION('',(0.,0.,-1.));
#2605 = ORIENTED_EDGE('',*,*,#2606,.T.);
#2606 = EDGE_CURVE('',#2599,#2607,#2609,.T.);
#2607 = VERTEX_POINT('',#2608);
#2608 = CARTESIAN_POINT('',(-0.1,-12.55,-3.1));
#2609 = LINE('',#2610,#2611);
#2610 = CARTESIAN_POINT('',(-0.1,-12.4,-2.5));
#2611 = VECTOR('',#2612,1.);
#2612 = DIRECTION('',(-2.692686352073E-17,-0.242535625036,
    -0.970142500145));
#2613 = ORIENTED_EDGE('',*,*,#2614,.F.);
#2614 = EDGE_CURVE('',#2615,#2607,#2617,.T.);
#2615 = VERTEX_POINT('',#2616);
#2616 = CARTESIAN_POINT('',(-0.1,-12.85,-3.1));
#2617 = LINE('',#2618,#2619);
#2618 = CARTESIAN_POINT('',(-0.1,-12.85,-3.1));
#2619 = VECTOR('',#2620,1.);
#2620 = DIRECTION('',(1.110223024625E-16,1.,0.));
#2621 = ORIENTED_EDGE('',*,*,#2622,.T.);
#2622 = EDGE_CURVE('',#2615,#2590,#2623,.T.);
#2623 = LINE('',#2624,#2625);
#2624 = CARTESIAN_POINT('',(-0.1,-12.85,-3.1));
#2625 = VECTOR('',#2626,1.);
#2626 = DIRECTION('',(-2.692686352073E-17,-0.242535625036,0.970142500145
    ));
#2627 = PLANE('',#2628);
#2628 = AXIS2_PLACEMENT_3D('',#2629,#2630,#2631);
#2629 = CARTESIAN_POINT('',(-0.1,-12.7,3.911477598424));
#2630 = DIRECTION('',(-1.,1.110223024625E-16,0.));
#2631 = DIRECTION('',(0.,0.,1.));
#2632 = ADVANCED_FACE('',(#2633),#2644,.T.);
#2633 = FACE_BOUND('',#2634,.T.);
#2634 = EDGE_LOOP('',(#2635,#2636,#2637,#2643));
#2635 = ORIENTED_EDGE('',*,*,#1124,.F.);
#2636 = ORIENTED_EDGE('',*,*,#1134,.T.);
#2637 = ORIENTED_EDGE('',*,*,#2638,.T.);
#2638 = EDGE_CURVE('',#1135,#1175,#2639,.T.);
#2639 = LINE('',#2640,#2641);
#2640 = CARTESIAN_POINT('',(-0.1,-10.46,0.2));
#2641 = VECTOR('',#2642,1.);
#2642 = DIRECTION('',(1.,-1.110223024625E-16,0.));
#2643 = ORIENTED_EDGE('',*,*,#1182,.T.);
#2644 = PLANE('',#2645);
#2645 = AXIS2_PLACEMENT_3D('',#2646,#2647,#2648);
#2646 = CARTESIAN_POINT('',(-0.1,-10.46,0.2));
#2647 = DIRECTION('',(0.,-0.,-1.));
#2648 = DIRECTION('',(-1.110223024625E-16,-1.,0.));
#2649 = ADVANCED_FACE('',(#2650),#2691,.F.);
#2650 = FACE_BOUND('',#2651,.F.);
#2651 = EDGE_LOOP('',(#2652,#2660,#2661,#2669,#2677,#2685));
#2652 = ORIENTED_EDGE('',*,*,#2653,.T.);
#2653 = EDGE_CURVE('',#2654,#1175,#2656,.T.);
#2654 = VERTEX_POINT('',#2655);
#2655 = CARTESIAN_POINT('',(0.1,-10.46,-2.5));
#2656 = LINE('',#2657,#2658);
#2657 = CARTESIAN_POINT('',(0.1,-10.46,-2.5));
#2658 = VECTOR('',#2659,1.);
#2659 = DIRECTION('',(0.,0.,1.));
#2660 = ORIENTED_EDGE('',*,*,#1174,.F.);
#2661 = ORIENTED_EDGE('',*,*,#2662,.T.);
#2662 = EDGE_CURVE('',#1167,#2663,#2665,.T.);
#2663 = VERTEX_POINT('',#2664);
#2664 = CARTESIAN_POINT('',(0.1,-9.86,-2.5));
#2665 = LINE('',#2666,#2667);
#2666 = CARTESIAN_POINT('',(0.1,-9.86,0.2));
#2667 = VECTOR('',#2668,1.);
#2668 = DIRECTION('',(0.,0.,-1.));
#2669 = ORIENTED_EDGE('',*,*,#2670,.T.);
#2670 = EDGE_CURVE('',#2663,#2671,#2673,.T.);
#2671 = VERTEX_POINT('',#2672);
#2672 = CARTESIAN_POINT('',(0.1,-10.01,-3.1));
#2673 = LINE('',#2674,#2675);
#2674 = CARTESIAN_POINT('',(0.1,-9.86,-2.5));
#2675 = VECTOR('',#2676,1.);
#2676 = DIRECTION('',(-2.692686352073E-17,-0.242535625036,
    -0.970142500145));
#2677 = ORIENTED_EDGE('',*,*,#2678,.T.);
#2678 = EDGE_CURVE('',#2671,#2679,#2681,.T.);
#2679 = VERTEX_POINT('',#2680);
#2680 = CARTESIAN_POINT('',(0.1,-10.31,-3.1));
#2681 = LINE('',#2682,#2683);
#2682 = CARTESIAN_POINT('',(0.1,-10.01,-3.1));
#2683 = VECTOR('',#2684,1.);
#2684 = DIRECTION('',(-1.110223024625E-16,-1.,0.));
#2685 = ORIENTED_EDGE('',*,*,#2686,.T.);
#2686 = EDGE_CURVE('',#2679,#2654,#2687,.T.);
#2687 = LINE('',#2688,#2689);
#2688 = CARTESIAN_POINT('',(0.1,-10.31,-3.1));
#2689 = VECTOR('',#2690,1.);
#2690 = DIRECTION('',(-2.692686352073E-17,-0.242535625036,0.970142500145
    ));
#2691 = PLANE('',#2692);
#2692 = AXIS2_PLACEMENT_3D('',#2693,#2694,#2695);
#2693 = CARTESIAN_POINT('',(0.1,-10.16,3.911477598424));
#2694 = DIRECTION('',(-1.,1.110223024625E-16,0.));
#2695 = DIRECTION('',(0.,0.,1.));
#2696 = ADVANCED_FACE('',(#2697),#2708,.T.);
#2697 = FACE_BOUND('',#2698,.T.);
#2698 = EDGE_LOOP('',(#2699,#2705,#2706,#2707));
#2699 = ORIENTED_EDGE('',*,*,#2700,.F.);
#2700 = EDGE_CURVE('',#1143,#1167,#2701,.T.);
#2701 = LINE('',#2702,#2703);
#2702 = CARTESIAN_POINT('',(-0.1,-9.86,0.2));
#2703 = VECTOR('',#2704,1.);
#2704 = DIRECTION('',(1.,-1.110223024625E-16,0.));
#2705 = ORIENTED_EDGE('',*,*,#1150,.T.);
#2706 = ORIENTED_EDGE('',*,*,#1158,.T.);
#2707 = ORIENTED_EDGE('',*,*,#1166,.T.);
#2708 = PLANE('',#2709);
#2709 = AXIS2_PLACEMENT_3D('',#2710,#2711,#2712);
#2710 = CARTESIAN_POINT('',(-0.1,-10.46,0.2));
#2711 = DIRECTION('',(0.,-0.,-1.));
#2712 = DIRECTION('',(-1.110223024625E-16,-1.,0.));
#2713 = ADVANCED_FACE('',(#2714),#2755,.T.);
#2714 = FACE_BOUND('',#2715,.T.);
#2715 = EDGE_LOOP('',(#2716,#2724,#2725,#2733,#2741,#2749));
#2716 = ORIENTED_EDGE('',*,*,#2717,.T.);
#2717 = EDGE_CURVE('',#2718,#1135,#2720,.T.);
#2718 = VERTEX_POINT('',#2719);
#2719 = CARTESIAN_POINT('',(-0.1,-10.46,-2.5));
#2720 = LINE('',#2721,#2722);
#2721 = CARTESIAN_POINT('',(-0.1,-10.46,-2.5));
#2722 = VECTOR('',#2723,1.);
#2723 = DIRECTION('',(0.,0.,1.));
#2724 = ORIENTED_EDGE('',*,*,#1142,.F.);
#2725 = ORIENTED_EDGE('',*,*,#2726,.T.);
#2726 = EDGE_CURVE('',#1143,#2727,#2729,.T.);
#2727 = VERTEX_POINT('',#2728);
#2728 = CARTESIAN_POINT('',(-0.1,-9.86,-2.5));
#2729 = LINE('',#2730,#2731);
#2730 = CARTESIAN_POINT('',(-0.1,-9.86,0.2));
#2731 = VECTOR('',#2732,1.);
#2732 = DIRECTION('',(0.,0.,-1.));
#2733 = ORIENTED_EDGE('',*,*,#2734,.T.);
#2734 = EDGE_CURVE('',#2727,#2735,#2737,.T.);
#2735 = VERTEX_POINT('',#2736);
#2736 = CARTESIAN_POINT('',(-0.1,-10.01,-3.1));
#2737 = LINE('',#2738,#2739);
#2738 = CARTESIAN_POINT('',(-0.1,-9.86,-2.5));
#2739 = VECTOR('',#2740,1.);
#2740 = DIRECTION('',(-2.692686352073E-17,-0.242535625036,
    -0.970142500145));
#2741 = ORIENTED_EDGE('',*,*,#2742,.F.);
#2742 = EDGE_CURVE('',#2743,#2735,#2745,.T.);
#2743 = VERTEX_POINT('',#2744);
#2744 = CARTESIAN_POINT('',(-0.1,-10.31,-3.1));
#2745 = LINE('',#2746,#2747);
#2746 = CARTESIAN_POINT('',(-0.1,-10.31,-3.1));
#2747 = VECTOR('',#2748,1.);
#2748 = DIRECTION('',(1.110223024625E-16,1.,0.));
#2749 = ORIENTED_EDGE('',*,*,#2750,.T.);
#2750 = EDGE_CURVE('',#2743,#2718,#2751,.T.);
#2751 = LINE('',#2752,#2753);
#2752 = CARTESIAN_POINT('',(-0.1,-10.31,-3.1));
#2753 = VECTOR('',#2754,1.);
#2754 = DIRECTION('',(-2.692686352073E-17,-0.242535625036,0.970142500145
    ));
#2755 = PLANE('',#2756);
#2756 = AXIS2_PLACEMENT_3D('',#2757,#2758,#2759);
#2757 = CARTESIAN_POINT('',(-0.1,-10.16,3.911477598424));
#2758 = DIRECTION('',(-1.,1.110223024625E-16,0.));
#2759 = DIRECTION('',(0.,0.,1.));
#2760 = ADVANCED_FACE('',(#2761),#2772,.T.);
#2761 = FACE_BOUND('',#2762,.T.);
#2762 = EDGE_LOOP('',(#2763,#2764,#2765,#2771));
#2763 = ORIENTED_EDGE('',*,*,#1190,.F.);
#2764 = ORIENTED_EDGE('',*,*,#1200,.T.);
#2765 = ORIENTED_EDGE('',*,*,#2766,.T.);
#2766 = EDGE_CURVE('',#1201,#1241,#2767,.T.);
#2767 = LINE('',#2768,#2769);
#2768 = CARTESIAN_POINT('',(-0.1,-7.92,0.2));
#2769 = VECTOR('',#2770,1.);
#2770 = DIRECTION('',(1.,-1.110223024625E-16,0.));
#2771 = ORIENTED_EDGE('',*,*,#1248,.T.);
#2772 = PLANE('',#2773);
#2773 = AXIS2_PLACEMENT_3D('',#2774,#2775,#2776);
#2774 = CARTESIAN_POINT('',(-0.1,-7.92,0.2));
#2775 = DIRECTION('',(0.,-0.,-1.));
#2776 = DIRECTION('',(-1.110223024625E-16,-1.,0.));
#2777 = ADVANCED_FACE('',(#2778),#2819,.F.);
#2778 = FACE_BOUND('',#2779,.F.);
#2779 = EDGE_LOOP('',(#2780,#2788,#2789,#2797,#2805,#2813));
#2780 = ORIENTED_EDGE('',*,*,#2781,.T.);
#2781 = EDGE_CURVE('',#2782,#1241,#2784,.T.);
#2782 = VERTEX_POINT('',#2783);
#2783 = CARTESIAN_POINT('',(0.1,-7.92,-2.5));
#2784 = LINE('',#2785,#2786);
#2785 = CARTESIAN_POINT('',(0.1,-7.92,-2.5));
#2786 = VECTOR('',#2787,1.);
#2787 = DIRECTION('',(0.,0.,1.));
#2788 = ORIENTED_EDGE('',*,*,#1240,.F.);
#2789 = ORIENTED_EDGE('',*,*,#2790,.T.);
#2790 = EDGE_CURVE('',#1233,#2791,#2793,.T.);
#2791 = VERTEX_POINT('',#2792);
#2792 = CARTESIAN_POINT('',(0.1,-7.32,-2.5));
#2793 = LINE('',#2794,#2795);
#2794 = CARTESIAN_POINT('',(0.1,-7.32,0.2));
#2795 = VECTOR('',#2796,1.);
#2796 = DIRECTION('',(0.,0.,-1.));
#2797 = ORIENTED_EDGE('',*,*,#2798,.T.);
#2798 = EDGE_CURVE('',#2791,#2799,#2801,.T.);
#2799 = VERTEX_POINT('',#2800);
#2800 = CARTESIAN_POINT('',(0.1,-7.47,-3.1));
#2801 = LINE('',#2802,#2803);
#2802 = CARTESIAN_POINT('',(0.1,-7.32,-2.5));
#2803 = VECTOR('',#2804,1.);
#2804 = DIRECTION('',(-2.692686352073E-17,-0.242535625036,
    -0.970142500145));
#2805 = ORIENTED_EDGE('',*,*,#2806,.T.);
#2806 = EDGE_CURVE('',#2799,#2807,#2809,.T.);
#2807 = VERTEX_POINT('',#2808);
#2808 = CARTESIAN_POINT('',(0.1,-7.77,-3.1));
#2809 = LINE('',#2810,#2811);
#2810 = CARTESIAN_POINT('',(0.1,-7.47,-3.1));
#2811 = VECTOR('',#2812,1.);
#2812 = DIRECTION('',(-1.110223024625E-16,-1.,0.));
#2813 = ORIENTED_EDGE('',*,*,#2814,.T.);
#2814 = EDGE_CURVE('',#2807,#2782,#2815,.T.);
#2815 = LINE('',#2816,#2817);
#2816 = CARTESIAN_POINT('',(0.1,-7.77,-3.1));
#2817 = VECTOR('',#2818,1.);
#2818 = DIRECTION('',(-2.692686352073E-17,-0.242535625036,0.970142500145
    ));
#2819 = PLANE('',#2820);
#2820 = AXIS2_PLACEMENT_3D('',#2821,#2822,#2823);
#2821 = CARTESIAN_POINT('',(0.1,-7.62,3.911477598424));
#2822 = DIRECTION('',(-1.,1.110223024625E-16,0.));
#2823 = DIRECTION('',(0.,0.,1.));
#2824 = ADVANCED_FACE('',(#2825),#2836,.T.);
#2825 = FACE_BOUND('',#2826,.T.);
#2826 = EDGE_LOOP('',(#2827,#2833,#2834,#2835));
#2827 = ORIENTED_EDGE('',*,*,#2828,.F.);
#2828 = EDGE_CURVE('',#1209,#1233,#2829,.T.);
#2829 = LINE('',#2830,#2831);
#2830 = CARTESIAN_POINT('',(-0.1,-7.32,0.2));
#2831 = VECTOR('',#2832,1.);
#2832 = DIRECTION('',(1.,-1.110223024625E-16,0.));
#2833 = ORIENTED_EDGE('',*,*,#1216,.T.);
#2834 = ORIENTED_EDGE('',*,*,#1224,.T.);
#2835 = ORIENTED_EDGE('',*,*,#1232,.T.);
#2836 = PLANE('',#2837);
#2837 = AXIS2_PLACEMENT_3D('',#2838,#2839,#2840);
#2838 = CARTESIAN_POINT('',(-0.1,-7.92,0.2));
#2839 = DIRECTION('',(0.,-0.,-1.));
#2840 = DIRECTION('',(-1.110223024625E-16,-1.,0.));
#2841 = ADVANCED_FACE('',(#2842),#2883,.T.);
#2842 = FACE_BOUND('',#2843,.T.);
#2843 = EDGE_LOOP('',(#2844,#2852,#2853,#2861,#2869,#2877));
#2844 = ORIENTED_EDGE('',*,*,#2845,.T.);
#2845 = EDGE_CURVE('',#2846,#1201,#2848,.T.);
#2846 = VERTEX_POINT('',#2847);
#2847 = CARTESIAN_POINT('',(-0.1,-7.92,-2.5));
#2848 = LINE('',#2849,#2850);
#2849 = CARTESIAN_POINT('',(-0.1,-7.92,-2.5));
#2850 = VECTOR('',#2851,1.);
#2851 = DIRECTION('',(0.,0.,1.));
#2852 = ORIENTED_EDGE('',*,*,#1208,.F.);
#2853 = ORIENTED_EDGE('',*,*,#2854,.T.);
#2854 = EDGE_CURVE('',#1209,#2855,#2857,.T.);
#2855 = VERTEX_POINT('',#2856);
#2856 = CARTESIAN_POINT('',(-0.1,-7.32,-2.5));
#2857 = LINE('',#2858,#2859);
#2858 = CARTESIAN_POINT('',(-0.1,-7.32,0.2));
#2859 = VECTOR('',#2860,1.);
#2860 = DIRECTION('',(0.,0.,-1.));
#2861 = ORIENTED_EDGE('',*,*,#2862,.T.);
#2862 = EDGE_CURVE('',#2855,#2863,#2865,.T.);
#2863 = VERTEX_POINT('',#2864);
#2864 = CARTESIAN_POINT('',(-0.1,-7.47,-3.1));
#2865 = LINE('',#2866,#2867);
#2866 = CARTESIAN_POINT('',(-0.1,-7.32,-2.5));
#2867 = VECTOR('',#2868,1.);
#2868 = DIRECTION('',(-2.692686352073E-17,-0.242535625036,
    -0.970142500145));
#2869 = ORIENTED_EDGE('',*,*,#2870,.F.);
#2870 = EDGE_CURVE('',#2871,#2863,#2873,.T.);
#2871 = VERTEX_POINT('',#2872);
#2872 = CARTESIAN_POINT('',(-0.1,-7.77,-3.1));
#2873 = LINE('',#2874,#2875);
#2874 = CARTESIAN_POINT('',(-0.1,-7.77,-3.1));
#2875 = VECTOR('',#2876,1.);
#2876 = DIRECTION('',(1.110223024625E-16,1.,0.));
#2877 = ORIENTED_EDGE('',*,*,#2878,.T.);
#2878 = EDGE_CURVE('',#2871,#2846,#2879,.T.);
#2879 = LINE('',#2880,#2881);
#2880 = CARTESIAN_POINT('',(-0.1,-7.77,-3.1));
#2881 = VECTOR('',#2882,1.);
#2882 = DIRECTION('',(-2.692686352073E-17,-0.242535625036,0.970142500145
    ));
#2883 = PLANE('',#2884);
#2884 = AXIS2_PLACEMENT_3D('',#2885,#2886,#2887);
#2885 = CARTESIAN_POINT('',(-0.1,-7.62,3.911477598424));
#2886 = DIRECTION('',(-1.,1.110223024625E-16,0.));
#2887 = DIRECTION('',(0.,0.,1.));
#2888 = ADVANCED_FACE('',(#2889),#2900,.T.);
#2889 = FACE_BOUND('',#2890,.T.);
#2890 = EDGE_LOOP('',(#2891,#2892,#2893,#2899));
#2891 = ORIENTED_EDGE('',*,*,#1256,.F.);
#2892 = ORIENTED_EDGE('',*,*,#1266,.T.);
#2893 = ORIENTED_EDGE('',*,*,#2894,.T.);
#2894 = EDGE_CURVE('',#1267,#1307,#2895,.T.);
#2895 = LINE('',#2896,#2897);
#2896 = CARTESIAN_POINT('',(-0.1,-5.38,0.2));
#2897 = VECTOR('',#2898,1.);
#2898 = DIRECTION('',(1.,-1.110223024625E-16,0.));
#2899 = ORIENTED_EDGE('',*,*,#1314,.T.);
#2900 = PLANE('',#2901);
#2901 = AXIS2_PLACEMENT_3D('',#2902,#2903,#2904);
#2902 = CARTESIAN_POINT('',(-0.1,-5.38,0.2));
#2903 = DIRECTION('',(0.,-0.,-1.));
#2904 = DIRECTION('',(-1.110223024625E-16,-1.,0.));
#2905 = ADVANCED_FACE('',(#2906),#2947,.F.);
#2906 = FACE_BOUND('',#2907,.F.);
#2907 = EDGE_LOOP('',(#2908,#2916,#2917,#2925,#2933,#2941));
#2908 = ORIENTED_EDGE('',*,*,#2909,.T.);
#2909 = EDGE_CURVE('',#2910,#1307,#2912,.T.);
#2910 = VERTEX_POINT('',#2911);
#2911 = CARTESIAN_POINT('',(0.1,-5.38,-2.5));
#2912 = LINE('',#2913,#2914);
#2913 = CARTESIAN_POINT('',(0.1,-5.38,-2.5));
#2914 = VECTOR('',#2915,1.);
#2915 = DIRECTION('',(0.,0.,1.));
#2916 = ORIENTED_EDGE('',*,*,#1306,.F.);
#2917 = ORIENTED_EDGE('',*,*,#2918,.T.);
#2918 = EDGE_CURVE('',#1299,#2919,#2921,.T.);
#2919 = VERTEX_POINT('',#2920);
#2920 = CARTESIAN_POINT('',(0.1,-4.78,-2.5));
#2921 = LINE('',#2922,#2923);
#2922 = CARTESIAN_POINT('',(0.1,-4.78,0.2));
#2923 = VECTOR('',#2924,1.);
#2924 = DIRECTION('',(0.,0.,-1.));
#2925 = ORIENTED_EDGE('',*,*,#2926,.T.);
#2926 = EDGE_CURVE('',#2919,#2927,#2929,.T.);
#2927 = VERTEX_POINT('',#2928);
#2928 = CARTESIAN_POINT('',(0.1,-4.93,-3.1));
#2929 = LINE('',#2930,#2931);
#2930 = CARTESIAN_POINT('',(0.1,-4.78,-2.5));
#2931 = VECTOR('',#2932,1.);
#2932 = DIRECTION('',(-2.692686352073E-17,-0.242535625036,
    -0.970142500145));
#2933 = ORIENTED_EDGE('',*,*,#2934,.T.);
#2934 = EDGE_CURVE('',#2927,#2935,#2937,.T.);
#2935 = VERTEX_POINT('',#2936);
#2936 = CARTESIAN_POINT('',(0.1,-5.23,-3.1));
#2937 = LINE('',#2938,#2939);
#2938 = CARTESIAN_POINT('',(0.1,-4.93,-3.1));
#2939 = VECTOR('',#2940,1.);
#2940 = DIRECTION('',(-1.110223024625E-16,-1.,0.));
#2941 = ORIENTED_EDGE('',*,*,#2942,.T.);
#2942 = EDGE_CURVE('',#2935,#2910,#2943,.T.);
#2943 = LINE('',#2944,#2945);
#2944 = CARTESIAN_POINT('',(0.1,-5.23,-3.1));
#2945 = VECTOR('',#2946,1.);
#2946 = DIRECTION('',(-2.692686352073E-17,-0.242535625036,0.970142500145
    ));
#2947 = PLANE('',#2948);
#2948 = AXIS2_PLACEMENT_3D('',#2949,#2950,#2951);
#2949 = CARTESIAN_POINT('',(0.1,-5.08,3.911477598424));
#2950 = DIRECTION('',(-1.,1.110223024625E-16,0.));
#2951 = DIRECTION('',(0.,0.,1.));
#2952 = ADVANCED_FACE('',(#2953),#2964,.T.);
#2953 = FACE_BOUND('',#2954,.T.);
#2954 = EDGE_LOOP('',(#2955,#2961,#2962,#2963));
#2955 = ORIENTED_EDGE('',*,*,#2956,.F.);
#2956 = EDGE_CURVE('',#1275,#1299,#2957,.T.);
#2957 = LINE('',#2958,#2959);
#2958 = CARTESIAN_POINT('',(-0.1,-4.78,0.2));
#2959 = VECTOR('',#2960,1.);
#2960 = DIRECTION('',(1.,-1.110223024625E-16,0.));
#2961 = ORIENTED_EDGE('',*,*,#1282,.T.);
#2962 = ORIENTED_EDGE('',*,*,#1290,.T.);
#2963 = ORIENTED_EDGE('',*,*,#1298,.T.);
#2964 = PLANE('',#2965);
#2965 = AXIS2_PLACEMENT_3D('',#2966,#2967,#2968);
#2966 = CARTESIAN_POINT('',(-0.1,-5.38,0.2));
#2967 = DIRECTION('',(0.,-0.,-1.));
#2968 = DIRECTION('',(-1.110223024625E-16,-1.,0.));
#2969 = ADVANCED_FACE('',(#2970),#3011,.T.);
#2970 = FACE_BOUND('',#2971,.T.);
#2971 = EDGE_LOOP('',(#2972,#2980,#2981,#2989,#2997,#3005));
#2972 = ORIENTED_EDGE('',*,*,#2973,.T.);
#2973 = EDGE_CURVE('',#2974,#1267,#2976,.T.);
#2974 = VERTEX_POINT('',#2975);
#2975 = CARTESIAN_POINT('',(-0.1,-5.38,-2.5));
#2976 = LINE('',#2977,#2978);
#2977 = CARTESIAN_POINT('',(-0.1,-5.38,-2.5));
#2978 = VECTOR('',#2979,1.);
#2979 = DIRECTION('',(0.,0.,1.));
#2980 = ORIENTED_EDGE('',*,*,#1274,.F.);
#2981 = ORIENTED_EDGE('',*,*,#2982,.T.);
#2982 = EDGE_CURVE('',#1275,#2983,#2985,.T.);
#2983 = VERTEX_POINT('',#2984);
#2984 = CARTESIAN_POINT('',(-0.1,-4.78,-2.5));
#2985 = LINE('',#2986,#2987);
#2986 = CARTESIAN_POINT('',(-0.1,-4.78,0.2));
#2987 = VECTOR('',#2988,1.);
#2988 = DIRECTION('',(0.,0.,-1.));
#2989 = ORIENTED_EDGE('',*,*,#2990,.T.);
#2990 = EDGE_CURVE('',#2983,#2991,#2993,.T.);
#2991 = VERTEX_POINT('',#2992);
#2992 = CARTESIAN_POINT('',(-0.1,-4.93,-3.1));
#2993 = LINE('',#2994,#2995);
#2994 = CARTESIAN_POINT('',(-0.1,-4.78,-2.5));
#2995 = VECTOR('',#2996,1.);
#2996 = DIRECTION('',(-2.692686352073E-17,-0.242535625036,
    -0.970142500145));
#2997 = ORIENTED_EDGE('',*,*,#2998,.F.);
#2998 = EDGE_CURVE('',#2999,#2991,#3001,.T.);
#2999 = VERTEX_POINT('',#3000);
#3000 = CARTESIAN_POINT('',(-0.1,-5.23,-3.1));
#3001 = LINE('',#3002,#3003);
#3002 = CARTESIAN_POINT('',(-0.1,-5.23,-3.1));
#3003 = VECTOR('',#3004,1.);
#3004 = DIRECTION('',(1.110223024625E-16,1.,0.));
#3005 = ORIENTED_EDGE('',*,*,#3006,.T.);
#3006 = EDGE_CURVE('',#2999,#2974,#3007,.T.);
#3007 = LINE('',#3008,#3009);
#3008 = CARTESIAN_POINT('',(-0.1,-5.23,-3.1));
#3009 = VECTOR('',#3010,1.);
#3010 = DIRECTION('',(-2.692686352073E-17,-0.242535625036,0.970142500145
    ));
#3011 = PLANE('',#3012);
#3012 = AXIS2_PLACEMENT_3D('',#3013,#3014,#3015);
#3013 = CARTESIAN_POINT('',(-0.1,-5.08,3.911477598424));
#3014 = DIRECTION('',(-1.,1.110223024625E-16,0.));
#3015 = DIRECTION('',(0.,0.,1.));
#3016 = ADVANCED_FACE('',(#3017),#3028,.T.);
#3017 = FACE_BOUND('',#3018,.T.);
#3018 = EDGE_LOOP('',(#3019,#3020,#3021,#3027));
#3019 = ORIENTED_EDGE('',*,*,#1322,.F.);
#3020 = ORIENTED_EDGE('',*,*,#1332,.T.);
#3021 = ORIENTED_EDGE('',*,*,#3022,.T.);
#3022 = EDGE_CURVE('',#1333,#1373,#3023,.T.);
#3023 = LINE('',#3024,#3025);
#3024 = CARTESIAN_POINT('',(-0.1,-2.84,0.2));
#3025 = VECTOR('',#3026,1.);
#3026 = DIRECTION('',(1.,-1.110223024625E-16,0.));
#3027 = ORIENTED_EDGE('',*,*,#1380,.T.);
#3028 = PLANE('',#3029);
#3029 = AXIS2_PLACEMENT_3D('',#3030,#3031,#3032);
#3030 = CARTESIAN_POINT('',(-0.1,-2.84,0.2));
#3031 = DIRECTION('',(0.,-0.,-1.));
#3032 = DIRECTION('',(-1.110223024625E-16,-1.,0.));
#3033 = ADVANCED_FACE('',(#3034),#3075,.F.);
#3034 = FACE_BOUND('',#3035,.F.);
#3035 = EDGE_LOOP('',(#3036,#3044,#3045,#3053,#3061,#3069));
#3036 = ORIENTED_EDGE('',*,*,#3037,.T.);
#3037 = EDGE_CURVE('',#3038,#1373,#3040,.T.);
#3038 = VERTEX_POINT('',#3039);
#3039 = CARTESIAN_POINT('',(0.1,-2.84,-2.5));
#3040 = LINE('',#3041,#3042);
#3041 = CARTESIAN_POINT('',(0.1,-2.84,-2.5));
#3042 = VECTOR('',#3043,1.);
#3043 = DIRECTION('',(0.,0.,1.));
#3044 = ORIENTED_EDGE('',*,*,#1372,.F.);
#3045 = ORIENTED_EDGE('',*,*,#3046,.T.);
#3046 = EDGE_CURVE('',#1365,#3047,#3049,.T.);
#3047 = VERTEX_POINT('',#3048);
#3048 = CARTESIAN_POINT('',(0.1,-2.24,-2.5));
#3049 = LINE('',#3050,#3051);
#3050 = CARTESIAN_POINT('',(0.1,-2.24,0.2));
#3051 = VECTOR('',#3052,1.);
#3052 = DIRECTION('',(0.,0.,-1.));
#3053 = ORIENTED_EDGE('',*,*,#3054,.T.);
#3054 = EDGE_CURVE('',#3047,#3055,#3057,.T.);
#3055 = VERTEX_POINT('',#3056);
#3056 = CARTESIAN_POINT('',(0.1,-2.39,-3.1));
#3057 = LINE('',#3058,#3059);
#3058 = CARTESIAN_POINT('',(0.1,-2.24,-2.5));
#3059 = VECTOR('',#3060,1.);
#3060 = DIRECTION('',(-2.692686352073E-17,-0.242535625036,
    -0.970142500145));
#3061 = ORIENTED_EDGE('',*,*,#3062,.T.);
#3062 = EDGE_CURVE('',#3055,#3063,#3065,.T.);
#3063 = VERTEX_POINT('',#3064);
#3064 = CARTESIAN_POINT('',(0.1,-2.69,-3.1));
#3065 = LINE('',#3066,#3067);
#3066 = CARTESIAN_POINT('',(0.1,-2.39,-3.1));
#3067 = VECTOR('',#3068,1.);
#3068 = DIRECTION('',(-1.110223024625E-16,-1.,0.));
#3069 = ORIENTED_EDGE('',*,*,#3070,.T.);
#3070 = EDGE_CURVE('',#3063,#3038,#3071,.T.);
#3071 = LINE('',#3072,#3073);
#3072 = CARTESIAN_POINT('',(0.1,-2.69,-3.1));
#3073 = VECTOR('',#3074,1.);
#3074 = DIRECTION('',(-2.692686352073E-17,-0.242535625036,0.970142500145
    ));
#3075 = PLANE('',#3076);
#3076 = AXIS2_PLACEMENT_3D('',#3077,#3078,#3079);
#3077 = CARTESIAN_POINT('',(0.1,-2.54,3.911477598424));
#3078 = DIRECTION('',(-1.,1.110223024625E-16,0.));
#3079 = DIRECTION('',(0.,0.,1.));
#3080 = ADVANCED_FACE('',(#3081),#3092,.T.);
#3081 = FACE_BOUND('',#3082,.T.);
#3082 = EDGE_LOOP('',(#3083,#3089,#3090,#3091));
#3083 = ORIENTED_EDGE('',*,*,#3084,.F.);
#3084 = EDGE_CURVE('',#1341,#1365,#3085,.T.);
#3085 = LINE('',#3086,#3087);
#3086 = CARTESIAN_POINT('',(-0.1,-2.24,0.2));
#3087 = VECTOR('',#3088,1.);
#3088 = DIRECTION('',(1.,-1.110223024625E-16,0.));
#3089 = ORIENTED_EDGE('',*,*,#1348,.T.);
#3090 = ORIENTED_EDGE('',*,*,#1356,.T.);
#3091 = ORIENTED_EDGE('',*,*,#1364,.T.);
#3092 = PLANE('',#3093);
#3093 = AXIS2_PLACEMENT_3D('',#3094,#3095,#3096);
#3094 = CARTESIAN_POINT('',(-0.1,-2.84,0.2));
#3095 = DIRECTION('',(0.,-0.,-1.));
#3096 = DIRECTION('',(-1.110223024625E-16,-1.,0.));
#3097 = ADVANCED_FACE('',(#3098),#3139,.T.);
#3098 = FACE_BOUND('',#3099,.T.);
#3099 = EDGE_LOOP('',(#3100,#3108,#3109,#3117,#3125,#3133));
#3100 = ORIENTED_EDGE('',*,*,#3101,.T.);
#3101 = EDGE_CURVE('',#3102,#1333,#3104,.T.);
#3102 = VERTEX_POINT('',#3103);
#3103 = CARTESIAN_POINT('',(-0.1,-2.84,-2.5));
#3104 = LINE('',#3105,#3106);
#3105 = CARTESIAN_POINT('',(-0.1,-2.84,-2.5));
#3106 = VECTOR('',#3107,1.);
#3107 = DIRECTION('',(0.,0.,1.));
#3108 = ORIENTED_EDGE('',*,*,#1340,.F.);
#3109 = ORIENTED_EDGE('',*,*,#3110,.T.);
#3110 = EDGE_CURVE('',#1341,#3111,#3113,.T.);
#3111 = VERTEX_POINT('',#3112);
#3112 = CARTESIAN_POINT('',(-0.1,-2.24,-2.5));
#3113 = LINE('',#3114,#3115);
#3114 = CARTESIAN_POINT('',(-0.1,-2.24,0.2));
#3115 = VECTOR('',#3116,1.);
#3116 = DIRECTION('',(0.,0.,-1.));
#3117 = ORIENTED_EDGE('',*,*,#3118,.T.);
#3118 = EDGE_CURVE('',#3111,#3119,#3121,.T.);
#3119 = VERTEX_POINT('',#3120);
#3120 = CARTESIAN_POINT('',(-0.1,-2.39,-3.1));
#3121 = LINE('',#3122,#3123);
#3122 = CARTESIAN_POINT('',(-0.1,-2.24,-2.5));
#3123 = VECTOR('',#3124,1.);
#3124 = DIRECTION('',(-2.692686352073E-17,-0.242535625036,
    -0.970142500145));
#3125 = ORIENTED_EDGE('',*,*,#3126,.F.);
#3126 = EDGE_CURVE('',#3127,#3119,#3129,.T.);
#3127 = VERTEX_POINT('',#3128);
#3128 = CARTESIAN_POINT('',(-0.1,-2.69,-3.1));
#3129 = LINE('',#3130,#3131);
#3130 = CARTESIAN_POINT('',(-0.1,-2.69,-3.1));
#3131 = VECTOR('',#3132,1.);
#3132 = DIRECTION('',(1.110223024625E-16,1.,0.));
#3133 = ORIENTED_EDGE('',*,*,#3134,.T.);
#3134 = EDGE_CURVE('',#3127,#3102,#3135,.T.);
#3135 = LINE('',#3136,#3137);
#3136 = CARTESIAN_POINT('',(-0.1,-2.69,-3.1));
#3137 = VECTOR('',#3138,1.);
#3138 = DIRECTION('',(-2.692686352073E-17,-0.242535625036,0.970142500145
    ));
#3139 = PLANE('',#3140);
#3140 = AXIS2_PLACEMENT_3D('',#3141,#3142,#3143);
#3141 = CARTESIAN_POINT('',(-0.1,-2.54,3.911477598424));
#3142 = DIRECTION('',(-1.,1.110223024625E-16,0.));
#3143 = DIRECTION('',(0.,0.,1.));
#3144 = ADVANCED_FACE('',(#3145),#3156,.T.);
#3145 = FACE_BOUND('',#3146,.T.);
#3146 = EDGE_LOOP('',(#3147,#3148,#3149,#3155));
#3147 = ORIENTED_EDGE('',*,*,#1388,.F.);
#3148 = ORIENTED_EDGE('',*,*,#1398,.T.);
#3149 = ORIENTED_EDGE('',*,*,#3150,.T.);
#3150 = EDGE_CURVE('',#1399,#1439,#3151,.T.);
#3151 = LINE('',#3152,#3153);
#3152 = CARTESIAN_POINT('',(-0.1,-0.3,0.2));
#3153 = VECTOR('',#3154,1.);
#3154 = DIRECTION('',(1.,-1.110223024625E-16,0.));
#3155 = ORIENTED_EDGE('',*,*,#1446,.T.);
#3156 = PLANE('',#3157);
#3157 = AXIS2_PLACEMENT_3D('',#3158,#3159,#3160);
#3158 = CARTESIAN_POINT('',(-0.1,-0.3,0.2));
#3159 = DIRECTION('',(0.,-0.,-1.));
#3160 = DIRECTION('',(-1.110223024625E-16,-1.,0.));
#3161 = ADVANCED_FACE('',(#3162),#3203,.F.);
#3162 = FACE_BOUND('',#3163,.F.);
#3163 = EDGE_LOOP('',(#3164,#3172,#3173,#3181,#3189,#3197));
#3164 = ORIENTED_EDGE('',*,*,#3165,.T.);
#3165 = EDGE_CURVE('',#3166,#1439,#3168,.T.);
#3166 = VERTEX_POINT('',#3167);
#3167 = CARTESIAN_POINT('',(0.1,-0.3,-2.5));
#3168 = LINE('',#3169,#3170);
#3169 = CARTESIAN_POINT('',(0.1,-0.3,-2.5));
#3170 = VECTOR('',#3171,1.);
#3171 = DIRECTION('',(0.,0.,1.));
#3172 = ORIENTED_EDGE('',*,*,#1438,.F.);
#3173 = ORIENTED_EDGE('',*,*,#3174,.T.);
#3174 = EDGE_CURVE('',#1431,#3175,#3177,.T.);
#3175 = VERTEX_POINT('',#3176);
#3176 = CARTESIAN_POINT('',(0.1,0.3,-2.5));
#3177 = LINE('',#3178,#3179);
#3178 = CARTESIAN_POINT('',(0.1,0.3,0.2));
#3179 = VECTOR('',#3180,1.);
#3180 = DIRECTION('',(0.,0.,-1.));
#3181 = ORIENTED_EDGE('',*,*,#3182,.T.);
#3182 = EDGE_CURVE('',#3175,#3183,#3185,.T.);
#3183 = VERTEX_POINT('',#3184);
#3184 = CARTESIAN_POINT('',(0.1,0.15,-3.1));
#3185 = LINE('',#3186,#3187);
#3186 = CARTESIAN_POINT('',(0.1,0.3,-2.5));
#3187 = VECTOR('',#3188,1.);
#3188 = DIRECTION('',(-2.692686352073E-17,-0.242535625036,
    -0.970142500145));
#3189 = ORIENTED_EDGE('',*,*,#3190,.T.);
#3190 = EDGE_CURVE('',#3183,#3191,#3193,.T.);
#3191 = VERTEX_POINT('',#3192);
#3192 = CARTESIAN_POINT('',(0.1,-0.15,-3.1));
#3193 = LINE('',#3194,#3195);
#3194 = CARTESIAN_POINT('',(0.1,0.15,-3.1));
#3195 = VECTOR('',#3196,1.);
#3196 = DIRECTION('',(-1.110223024625E-16,-1.,0.));
#3197 = ORIENTED_EDGE('',*,*,#3198,.T.);
#3198 = EDGE_CURVE('',#3191,#3166,#3199,.T.);
#3199 = LINE('',#3200,#3201);
#3200 = CARTESIAN_POINT('',(0.1,-0.15,-3.1));
#3201 = VECTOR('',#3202,1.);
#3202 = DIRECTION('',(-2.692686352073E-17,-0.242535625036,0.970142500145
    ));
#3203 = PLANE('',#3204);
#3204 = AXIS2_PLACEMENT_3D('',#3205,#3206,#3207);
#3205 = CARTESIAN_POINT('',(0.1,-1.110223024625E-17,3.911477598424));
#3206 = DIRECTION('',(-1.,1.110223024625E-16,0.));
#3207 = DIRECTION('',(0.,0.,1.));
#3208 = ADVANCED_FACE('',(#3209),#3220,.T.);
#3209 = FACE_BOUND('',#3210,.T.);
#3210 = EDGE_LOOP('',(#3211,#3217,#3218,#3219));
#3211 = ORIENTED_EDGE('',*,*,#3212,.F.);
#3212 = EDGE_CURVE('',#1407,#1431,#3213,.T.);
#3213 = LINE('',#3214,#3215);
#3214 = CARTESIAN_POINT('',(-0.1,0.3,0.2));
#3215 = VECTOR('',#3216,1.);
#3216 = DIRECTION('',(1.,-1.110223024625E-16,0.));
#3217 = ORIENTED_EDGE('',*,*,#1414,.T.);
#3218 = ORIENTED_EDGE('',*,*,#1422,.T.);
#3219 = ORIENTED_EDGE('',*,*,#1430,.T.);
#3220 = PLANE('',#3221);
#3221 = AXIS2_PLACEMENT_3D('',#3222,#3223,#3224);
#3222 = CARTESIAN_POINT('',(-0.1,-0.3,0.2));
#3223 = DIRECTION('',(0.,-0.,-1.));
#3224 = DIRECTION('',(-1.110223024625E-16,-1.,0.));
#3225 = ADVANCED_FACE('',(#3226),#3267,.T.);
#3226 = FACE_BOUND('',#3227,.T.);
#3227 = EDGE_LOOP('',(#3228,#3236,#3237,#3245,#3253,#3261));
#3228 = ORIENTED_EDGE('',*,*,#3229,.T.);
#3229 = EDGE_CURVE('',#3230,#1399,#3232,.T.);
#3230 = VERTEX_POINT('',#3231);
#3231 = CARTESIAN_POINT('',(-0.1,-0.3,-2.5));
#3232 = LINE('',#3233,#3234);
#3233 = CARTESIAN_POINT('',(-0.1,-0.3,-2.5));
#3234 = VECTOR('',#3235,1.);
#3235 = DIRECTION('',(0.,0.,1.));
#3236 = ORIENTED_EDGE('',*,*,#1406,.F.);
#3237 = ORIENTED_EDGE('',*,*,#3238,.T.);
#3238 = EDGE_CURVE('',#1407,#3239,#3241,.T.);
#3239 = VERTEX_POINT('',#3240);
#3240 = CARTESIAN_POINT('',(-0.1,0.3,-2.5));
#3241 = LINE('',#3242,#3243);
#3242 = CARTESIAN_POINT('',(-0.1,0.3,0.2));
#3243 = VECTOR('',#3244,1.);
#3244 = DIRECTION('',(0.,0.,-1.));
#3245 = ORIENTED_EDGE('',*,*,#3246,.T.);
#3246 = EDGE_CURVE('',#3239,#3247,#3249,.T.);
#3247 = VERTEX_POINT('',#3248);
#3248 = CARTESIAN_POINT('',(-0.1,0.15,-3.1));
#3249 = LINE('',#3250,#3251);
#3250 = CARTESIAN_POINT('',(-0.1,0.3,-2.5));
#3251 = VECTOR('',#3252,1.);
#3252 = DIRECTION('',(-2.692686352073E-17,-0.242535625036,
    -0.970142500145));
#3253 = ORIENTED_EDGE('',*,*,#3254,.F.);
#3254 = EDGE_CURVE('',#3255,#3247,#3257,.T.);
#3255 = VERTEX_POINT('',#3256);
#3256 = CARTESIAN_POINT('',(-0.1,-0.15,-3.1));
#3257 = LINE('',#3258,#3259);
#3258 = CARTESIAN_POINT('',(-0.1,-0.15,-3.1));
#3259 = VECTOR('',#3260,1.);
#3260 = DIRECTION('',(1.110223024625E-16,1.,0.));
#3261 = ORIENTED_EDGE('',*,*,#3262,.T.);
#3262 = EDGE_CURVE('',#3255,#3230,#3263,.T.);
#3263 = LINE('',#3264,#3265);
#3264 = CARTESIAN_POINT('',(-0.1,-0.15,-3.1));
#3265 = VECTOR('',#3266,1.);
#3266 = DIRECTION('',(-2.692686352073E-17,-0.242535625036,0.970142500145
    ));
#3267 = PLANE('',#3268);
#3268 = AXIS2_PLACEMENT_3D('',#3269,#3270,#3271);
#3269 = CARTESIAN_POINT('',(-0.1,1.110223024625E-17,3.911477598424));
#3270 = DIRECTION('',(-1.,1.110223024625E-16,0.));
#3271 = DIRECTION('',(0.,0.,1.));
#3272 = ADVANCED_FACE('',(#3273),#3298,.F.);
#3273 = FACE_BOUND('',#3274,.F.);
#3274 = EDGE_LOOP('',(#3275,#3283,#3291,#3297));
#3275 = ORIENTED_EDGE('',*,*,#3276,.T.);
#3276 = EDGE_CURVE('',#1485,#3277,#3279,.T.);
#3277 = VERTEX_POINT('',#3278);
#3278 = CARTESIAN_POINT('',(0.3,-18.08,0.9));
#3279 = LINE('',#3280,#3281);
#3280 = CARTESIAN_POINT('',(0.3,-18.08,8.2));
#3281 = VECTOR('',#3282,1.);
#3282 = DIRECTION('',(0.,-0.,-1.));
#3283 = ORIENTED_EDGE('',*,*,#3284,.T.);
#3284 = EDGE_CURVE('',#3277,#3285,#3287,.T.);
#3285 = VERTEX_POINT('',#3286);
#3286 = CARTESIAN_POINT('',(0.3,-17.48,0.9));
#3287 = LINE('',#3288,#3289);
#3288 = CARTESIAN_POINT('',(0.3,-18.08,0.9));
#3289 = VECTOR('',#3290,1.);
#3290 = DIRECTION('',(1.110223024625E-16,1.,0.));
#3291 = ORIENTED_EDGE('',*,*,#3292,.F.);
#3292 = EDGE_CURVE('',#1494,#3285,#3293,.T.);
#3293 = LINE('',#3294,#3295);
#3294 = CARTESIAN_POINT('',(0.3,-17.48,8.2));
#3295 = VECTOR('',#3296,1.);
#3296 = DIRECTION('',(0.,-0.,-1.));
#3297 = ORIENTED_EDGE('',*,*,#1501,.F.);
#3298 = PLANE('',#3299);
#3299 = AXIS2_PLACEMENT_3D('',#3300,#3301,#3302);
#3300 = CARTESIAN_POINT('',(0.3,-18.08,8.2));
#3301 = DIRECTION('',(1.,-1.110223024625E-16,0.));
#3302 = DIRECTION('',(1.110223024625E-16,1.,0.));
#3303 = ADVANCED_FACE('',(#3304),#3354,.F.);
#3304 = FACE_BOUND('',#3305,.F.);
#3305 = EDGE_LOOP('',(#3306,#3307,#3308,#3316,#3324,#3332,#3340,#3348));
#3306 = ORIENTED_EDGE('',*,*,#1525,.F.);
#3307 = ORIENTED_EDGE('',*,*,#3292,.T.);
#3308 = ORIENTED_EDGE('',*,*,#3309,.T.);
#3309 = EDGE_CURVE('',#3285,#3310,#3312,.T.);
#3310 = VERTEX_POINT('',#3311);
#3311 = CARTESIAN_POINT('',(0.1,-17.48,0.9));
#3312 = LINE('',#3313,#3314);
#3313 = CARTESIAN_POINT('',(0.3,-17.48,0.9));
#3314 = VECTOR('',#3315,1.);
#3315 = DIRECTION('',(-1.,1.110223024625E-16,0.));
#3316 = ORIENTED_EDGE('',*,*,#3317,.T.);
#3317 = EDGE_CURVE('',#3310,#3318,#3320,.T.);
#3318 = VERTEX_POINT('',#3319);
#3319 = CARTESIAN_POINT('',(0.1,-17.48,7.4));
#3320 = LINE('',#3321,#3322);
#3321 = CARTESIAN_POINT('',(0.1,-17.48,6.055738799212));
#3322 = VECTOR('',#3323,1.);
#3323 = DIRECTION('',(0.,-0.,1.));
#3324 = ORIENTED_EDGE('',*,*,#3325,.F.);
#3325 = EDGE_CURVE('',#3326,#3318,#3328,.T.);
#3326 = VERTEX_POINT('',#3327);
#3327 = CARTESIAN_POINT('',(-0.1,-17.48,7.4));
#3328 = LINE('',#3329,#3330);
#3329 = CARTESIAN_POINT('',(-0.1,-17.48,7.4));
#3330 = VECTOR('',#3331,1.);
#3331 = DIRECTION('',(1.,-1.110223024625E-16,0.));
#3332 = ORIENTED_EDGE('',*,*,#3333,.F.);
#3333 = EDGE_CURVE('',#3334,#3326,#3336,.T.);
#3334 = VERTEX_POINT('',#3335);
#3335 = CARTESIAN_POINT('',(-0.1,-17.48,0.9));
#3336 = LINE('',#3337,#3338);
#3337 = CARTESIAN_POINT('',(-0.1,-17.48,6.055738799212));
#3338 = VECTOR('',#3339,1.);
#3339 = DIRECTION('',(0.,-0.,1.));
#3340 = ORIENTED_EDGE('',*,*,#3341,.T.);
#3341 = EDGE_CURVE('',#3334,#3342,#3344,.T.);
#3342 = VERTEX_POINT('',#3343);
#3343 = CARTESIAN_POINT('',(-0.3,-17.48,0.9));
#3344 = LINE('',#3345,#3346);
#3345 = CARTESIAN_POINT('',(0.3,-17.48,0.9));
#3346 = VECTOR('',#3347,1.);
#3347 = DIRECTION('',(-1.,1.110223024625E-16,0.));
#3348 = ORIENTED_EDGE('',*,*,#3349,.F.);
#3349 = EDGE_CURVE('',#1518,#3342,#3350,.T.);
#3350 = LINE('',#3351,#3352);
#3351 = CARTESIAN_POINT('',(-0.3,-17.48,8.2));
#3352 = VECTOR('',#3353,1.);
#3353 = DIRECTION('',(0.,-0.,-1.));
#3354 = PLANE('',#3355);
#3355 = AXIS2_PLACEMENT_3D('',#3356,#3357,#3358);
#3356 = CARTESIAN_POINT('',(0.3,-17.48,8.2));
#3357 = DIRECTION('',(1.110223024625E-16,1.,0.));
#3358 = DIRECTION('',(-1.,1.110223024625E-16,0.));
#3359 = ADVANCED_FACE('',(#3360),#3378,.F.);
#3360 = FACE_BOUND('',#3361,.F.);
#3361 = EDGE_LOOP('',(#3362,#3363,#3371,#3377));
#3362 = ORIENTED_EDGE('',*,*,#3349,.T.);
#3363 = ORIENTED_EDGE('',*,*,#3364,.T.);
#3364 = EDGE_CURVE('',#3342,#3365,#3367,.T.);
#3365 = VERTEX_POINT('',#3366);
#3366 = CARTESIAN_POINT('',(-0.3,-18.08,0.9));
#3367 = LINE('',#3368,#3369);
#3368 = CARTESIAN_POINT('',(-0.3,-17.48,0.9));
#3369 = VECTOR('',#3370,1.);
#3370 = DIRECTION('',(-1.110223024625E-16,-1.,0.));
#3371 = ORIENTED_EDGE('',*,*,#3372,.F.);
#3372 = EDGE_CURVE('',#1542,#3365,#3373,.T.);
#3373 = LINE('',#3374,#3375);
#3374 = CARTESIAN_POINT('',(-0.3,-18.08,8.2));
#3375 = VECTOR('',#3376,1.);
#3376 = DIRECTION('',(0.,-0.,-1.));
#3377 = ORIENTED_EDGE('',*,*,#1549,.F.);
#3378 = PLANE('',#3379);
#3379 = AXIS2_PLACEMENT_3D('',#3380,#3381,#3382);
#3380 = CARTESIAN_POINT('',(-0.3,-17.48,8.2));
#3381 = DIRECTION('',(-1.,1.110223024625E-16,0.));
#3382 = DIRECTION('',(-1.110223024625E-16,-1.,0.));
#3383 = ADVANCED_FACE('',(#3384),#3427,.F.);
#3384 = FACE_BOUND('',#3385,.F.);
#3385 = EDGE_LOOP('',(#3386,#3387,#3388,#3396,#3404,#3412,#3420,#3426));
#3386 = ORIENTED_EDGE('',*,*,#1566,.F.);
#3387 = ORIENTED_EDGE('',*,*,#3372,.T.);
#3388 = ORIENTED_EDGE('',*,*,#3389,.T.);
#3389 = EDGE_CURVE('',#3365,#3390,#3392,.T.);
#3390 = VERTEX_POINT('',#3391);
#3391 = CARTESIAN_POINT('',(-0.1,-18.08,0.9));
#3392 = LINE('',#3393,#3394);
#3393 = CARTESIAN_POINT('',(-0.3,-18.08,0.9));
#3394 = VECTOR('',#3395,1.);
#3395 = DIRECTION('',(1.,-1.110223024625E-16,0.));
#3396 = ORIENTED_EDGE('',*,*,#3397,.F.);
#3397 = EDGE_CURVE('',#3398,#3390,#3400,.T.);
#3398 = VERTEX_POINT('',#3399);
#3399 = CARTESIAN_POINT('',(-0.1,-18.08,7.4));
#3400 = LINE('',#3401,#3402);
#3401 = CARTESIAN_POINT('',(-0.1,-18.08,6.055738799212));
#3402 = VECTOR('',#3403,1.);
#3403 = DIRECTION('',(-0.,0.,-1.));
#3404 = ORIENTED_EDGE('',*,*,#3405,.T.);
#3405 = EDGE_CURVE('',#3398,#3406,#3408,.T.);
#3406 = VERTEX_POINT('',#3407);
#3407 = CARTESIAN_POINT('',(0.1,-18.08,7.4));
#3408 = LINE('',#3409,#3410);
#3409 = CARTESIAN_POINT('',(-0.1,-18.08,7.4));
#3410 = VECTOR('',#3411,1.);
#3411 = DIRECTION('',(1.,-1.110223024625E-16,0.));
#3412 = ORIENTED_EDGE('',*,*,#3413,.T.);
#3413 = EDGE_CURVE('',#3406,#3414,#3416,.T.);
#3414 = VERTEX_POINT('',#3415);
#3415 = CARTESIAN_POINT('',(0.1,-18.08,0.9));
#3416 = LINE('',#3417,#3418);
#3417 = CARTESIAN_POINT('',(0.1,-18.08,6.055738799212));
#3418 = VECTOR('',#3419,1.);
#3419 = DIRECTION('',(-0.,0.,-1.));
#3420 = ORIENTED_EDGE('',*,*,#3421,.T.);
#3421 = EDGE_CURVE('',#3414,#3277,#3422,.T.);
#3422 = LINE('',#3423,#3424);
#3423 = CARTESIAN_POINT('',(-0.3,-18.08,0.9));
#3424 = VECTOR('',#3425,1.);
#3425 = DIRECTION('',(1.,-1.110223024625E-16,0.));
#3426 = ORIENTED_EDGE('',*,*,#3276,.F.);
#3427 = PLANE('',#3428);
#3428 = AXIS2_PLACEMENT_3D('',#3429,#3430,#3431);
#3429 = CARTESIAN_POINT('',(-0.3,-18.08,8.2));
#3430 = DIRECTION('',(-1.110223024625E-16,-1.,0.));
#3431 = DIRECTION('',(1.,-1.110223024625E-16,0.));
#3432 = ADVANCED_FACE('',(#3433),#3458,.F.);
#3433 = FACE_BOUND('',#3434,.F.);
#3434 = EDGE_LOOP('',(#3435,#3443,#3451,#3457));
#3435 = ORIENTED_EDGE('',*,*,#3436,.T.);
#3436 = EDGE_CURVE('',#1581,#3437,#3439,.T.);
#3437 = VERTEX_POINT('',#3438);
#3438 = CARTESIAN_POINT('',(0.3,-15.54,0.9));
#3439 = LINE('',#3440,#3441);
#3440 = CARTESIAN_POINT('',(0.3,-15.54,8.2));
#3441 = VECTOR('',#3442,1.);
#3442 = DIRECTION('',(0.,-0.,-1.));
#3443 = ORIENTED_EDGE('',*,*,#3444,.T.);
#3444 = EDGE_CURVE('',#3437,#3445,#3447,.T.);
#3445 = VERTEX_POINT('',#3446);
#3446 = CARTESIAN_POINT('',(0.3,-14.94,0.9));
#3447 = LINE('',#3448,#3449);
#3448 = CARTESIAN_POINT('',(0.3,-15.54,0.9));
#3449 = VECTOR('',#3450,1.);
#3450 = DIRECTION('',(1.110223024625E-16,1.,0.));
#3451 = ORIENTED_EDGE('',*,*,#3452,.F.);
#3452 = EDGE_CURVE('',#1590,#3445,#3453,.T.);
#3453 = LINE('',#3454,#3455);
#3454 = CARTESIAN_POINT('',(0.3,-14.94,8.2));
#3455 = VECTOR('',#3456,1.);
#3456 = DIRECTION('',(0.,-0.,-1.));
#3457 = ORIENTED_EDGE('',*,*,#1597,.F.);
#3458 = PLANE('',#3459);
#3459 = AXIS2_PLACEMENT_3D('',#3460,#3461,#3462);
#3460 = CARTESIAN_POINT('',(0.3,-15.54,8.2));
#3461 = DIRECTION('',(1.,-1.110223024625E-16,0.));
#3462 = DIRECTION('',(1.110223024625E-16,1.,0.));
#3463 = ADVANCED_FACE('',(#3464),#3514,.F.);
#3464 = FACE_BOUND('',#3465,.F.);
#3465 = EDGE_LOOP('',(#3466,#3467,#3468,#3476,#3484,#3492,#3500,#3508));
#3466 = ORIENTED_EDGE('',*,*,#1621,.F.);
#3467 = ORIENTED_EDGE('',*,*,#3452,.T.);
#3468 = ORIENTED_EDGE('',*,*,#3469,.T.);
#3469 = EDGE_CURVE('',#3445,#3470,#3472,.T.);
#3470 = VERTEX_POINT('',#3471);
#3471 = CARTESIAN_POINT('',(0.1,-14.94,0.9));
#3472 = LINE('',#3473,#3474);
#3473 = CARTESIAN_POINT('',(0.3,-14.94,0.9));
#3474 = VECTOR('',#3475,1.);
#3475 = DIRECTION('',(-1.,1.110223024625E-16,0.));
#3476 = ORIENTED_EDGE('',*,*,#3477,.T.);
#3477 = EDGE_CURVE('',#3470,#3478,#3480,.T.);
#3478 = VERTEX_POINT('',#3479);
#3479 = CARTESIAN_POINT('',(0.1,-14.94,7.4));
#3480 = LINE('',#3481,#3482);
#3481 = CARTESIAN_POINT('',(0.1,-14.94,6.055738799212));
#3482 = VECTOR('',#3483,1.);
#3483 = DIRECTION('',(0.,-0.,1.));
#3484 = ORIENTED_EDGE('',*,*,#3485,.F.);
#3485 = EDGE_CURVE('',#3486,#3478,#3488,.T.);
#3486 = VERTEX_POINT('',#3487);
#3487 = CARTESIAN_POINT('',(-0.1,-14.94,7.4));
#3488 = LINE('',#3489,#3490);
#3489 = CARTESIAN_POINT('',(-0.1,-14.94,7.4));
#3490 = VECTOR('',#3491,1.);
#3491 = DIRECTION('',(1.,-1.110223024625E-16,0.));
#3492 = ORIENTED_EDGE('',*,*,#3493,.F.);
#3493 = EDGE_CURVE('',#3494,#3486,#3496,.T.);
#3494 = VERTEX_POINT('',#3495);
#3495 = CARTESIAN_POINT('',(-0.1,-14.94,0.9));
#3496 = LINE('',#3497,#3498);
#3497 = CARTESIAN_POINT('',(-0.1,-14.94,6.055738799212));
#3498 = VECTOR('',#3499,1.);
#3499 = DIRECTION('',(0.,-0.,1.));
#3500 = ORIENTED_EDGE('',*,*,#3501,.T.);
#3501 = EDGE_CURVE('',#3494,#3502,#3504,.T.);
#3502 = VERTEX_POINT('',#3503);
#3503 = CARTESIAN_POINT('',(-0.3,-14.94,0.9));
#3504 = LINE('',#3505,#3506);
#3505 = CARTESIAN_POINT('',(0.3,-14.94,0.9));
#3506 = VECTOR('',#3507,1.);
#3507 = DIRECTION('',(-1.,1.110223024625E-16,0.));
#3508 = ORIENTED_EDGE('',*,*,#3509,.F.);
#3509 = EDGE_CURVE('',#1614,#3502,#3510,.T.);
#3510 = LINE('',#3511,#3512);
#3511 = CARTESIAN_POINT('',(-0.3,-14.94,8.2));
#3512 = VECTOR('',#3513,1.);
#3513 = DIRECTION('',(0.,-0.,-1.));
#3514 = PLANE('',#3515);
#3515 = AXIS2_PLACEMENT_3D('',#3516,#3517,#3518);
#3516 = CARTESIAN_POINT('',(0.3,-14.94,8.2));
#3517 = DIRECTION('',(1.110223024625E-16,1.,0.));
#3518 = DIRECTION('',(-1.,1.110223024625E-16,0.));
#3519 = ADVANCED_FACE('',(#3520),#3538,.F.);
#3520 = FACE_BOUND('',#3521,.F.);
#3521 = EDGE_LOOP('',(#3522,#3523,#3531,#3537));
#3522 = ORIENTED_EDGE('',*,*,#3509,.T.);
#3523 = ORIENTED_EDGE('',*,*,#3524,.T.);
#3524 = EDGE_CURVE('',#3502,#3525,#3527,.T.);
#3525 = VERTEX_POINT('',#3526);
#3526 = CARTESIAN_POINT('',(-0.3,-15.54,0.9));
#3527 = LINE('',#3528,#3529);
#3528 = CARTESIAN_POINT('',(-0.3,-14.94,0.9));
#3529 = VECTOR('',#3530,1.);
#3530 = DIRECTION('',(-1.110223024625E-16,-1.,0.));
#3531 = ORIENTED_EDGE('',*,*,#3532,.F.);
#3532 = EDGE_CURVE('',#1638,#3525,#3533,.T.);
#3533 = LINE('',#3534,#3535);
#3534 = CARTESIAN_POINT('',(-0.3,-15.54,8.2));
#3535 = VECTOR('',#3536,1.);
#3536 = DIRECTION('',(0.,-0.,-1.));
#3537 = ORIENTED_EDGE('',*,*,#1645,.F.);
#3538 = PLANE('',#3539);
#3539 = AXIS2_PLACEMENT_3D('',#3540,#3541,#3542);
#3540 = CARTESIAN_POINT('',(-0.3,-14.94,8.2));
#3541 = DIRECTION('',(-1.,1.110223024625E-16,0.));
#3542 = DIRECTION('',(-1.110223024625E-16,-1.,0.));
#3543 = ADVANCED_FACE('',(#3544),#3587,.F.);
#3544 = FACE_BOUND('',#3545,.F.);
#3545 = EDGE_LOOP('',(#3546,#3547,#3548,#3556,#3564,#3572,#3580,#3586));
#3546 = ORIENTED_EDGE('',*,*,#1662,.F.);
#3547 = ORIENTED_EDGE('',*,*,#3532,.T.);
#3548 = ORIENTED_EDGE('',*,*,#3549,.T.);
#3549 = EDGE_CURVE('',#3525,#3550,#3552,.T.);
#3550 = VERTEX_POINT('',#3551);
#3551 = CARTESIAN_POINT('',(-0.1,-15.54,0.9));
#3552 = LINE('',#3553,#3554);
#3553 = CARTESIAN_POINT('',(-0.3,-15.54,0.9));
#3554 = VECTOR('',#3555,1.);
#3555 = DIRECTION('',(1.,-1.110223024625E-16,0.));
#3556 = ORIENTED_EDGE('',*,*,#3557,.F.);
#3557 = EDGE_CURVE('',#3558,#3550,#3560,.T.);
#3558 = VERTEX_POINT('',#3559);
#3559 = CARTESIAN_POINT('',(-0.1,-15.54,7.4));
#3560 = LINE('',#3561,#3562);
#3561 = CARTESIAN_POINT('',(-0.1,-15.54,6.055738799212));
#3562 = VECTOR('',#3563,1.);
#3563 = DIRECTION('',(-0.,0.,-1.));
#3564 = ORIENTED_EDGE('',*,*,#3565,.T.);
#3565 = EDGE_CURVE('',#3558,#3566,#3568,.T.);
#3566 = VERTEX_POINT('',#3567);
#3567 = CARTESIAN_POINT('',(0.1,-15.54,7.4));
#3568 = LINE('',#3569,#3570);
#3569 = CARTESIAN_POINT('',(-0.1,-15.54,7.4));
#3570 = VECTOR('',#3571,1.);
#3571 = DIRECTION('',(1.,-1.110223024625E-16,0.));
#3572 = ORIENTED_EDGE('',*,*,#3573,.T.);
#3573 = EDGE_CURVE('',#3566,#3574,#3576,.T.);
#3574 = VERTEX_POINT('',#3575);
#3575 = CARTESIAN_POINT('',(0.1,-15.54,0.9));
#3576 = LINE('',#3577,#3578);
#3577 = CARTESIAN_POINT('',(0.1,-15.54,6.055738799212));
#3578 = VECTOR('',#3579,1.);
#3579 = DIRECTION('',(-0.,0.,-1.));
#3580 = ORIENTED_EDGE('',*,*,#3581,.T.);
#3581 = EDGE_CURVE('',#3574,#3437,#3582,.T.);
#3582 = LINE('',#3583,#3584);
#3583 = CARTESIAN_POINT('',(-0.3,-15.54,0.9));
#3584 = VECTOR('',#3585,1.);
#3585 = DIRECTION('',(1.,-1.110223024625E-16,0.));
#3586 = ORIENTED_EDGE('',*,*,#3436,.F.);
#3587 = PLANE('',#3588);
#3588 = AXIS2_PLACEMENT_3D('',#3589,#3590,#3591);
#3589 = CARTESIAN_POINT('',(-0.3,-15.54,8.2));
#3590 = DIRECTION('',(-1.110223024625E-16,-1.,0.));
#3591 = DIRECTION('',(1.,-1.110223024625E-16,0.));
#3592 = ADVANCED_FACE('',(#3593),#3618,.F.);
#3593 = FACE_BOUND('',#3594,.F.);
#3594 = EDGE_LOOP('',(#3595,#3603,#3611,#3617));
#3595 = ORIENTED_EDGE('',*,*,#3596,.T.);
#3596 = EDGE_CURVE('',#1677,#3597,#3599,.T.);
#3597 = VERTEX_POINT('',#3598);
#3598 = CARTESIAN_POINT('',(0.3,-13.,0.9));
#3599 = LINE('',#3600,#3601);
#3600 = CARTESIAN_POINT('',(0.3,-13.,8.2));
#3601 = VECTOR('',#3602,1.);
#3602 = DIRECTION('',(0.,-0.,-1.));
#3603 = ORIENTED_EDGE('',*,*,#3604,.T.);
#3604 = EDGE_CURVE('',#3597,#3605,#3607,.T.);
#3605 = VERTEX_POINT('',#3606);
#3606 = CARTESIAN_POINT('',(0.3,-12.4,0.9));
#3607 = LINE('',#3608,#3609);
#3608 = CARTESIAN_POINT('',(0.3,-13.,0.9));
#3609 = VECTOR('',#3610,1.);
#3610 = DIRECTION('',(1.110223024625E-16,1.,0.));
#3611 = ORIENTED_EDGE('',*,*,#3612,.F.);
#3612 = EDGE_CURVE('',#1686,#3605,#3613,.T.);
#3613 = LINE('',#3614,#3615);
#3614 = CARTESIAN_POINT('',(0.3,-12.4,8.2));
#3615 = VECTOR('',#3616,1.);
#3616 = DIRECTION('',(0.,-0.,-1.));
#3617 = ORIENTED_EDGE('',*,*,#1693,.F.);
#3618 = PLANE('',#3619);
#3619 = AXIS2_PLACEMENT_3D('',#3620,#3621,#3622);
#3620 = CARTESIAN_POINT('',(0.3,-13.,8.2));
#3621 = DIRECTION('',(1.,-1.110223024625E-16,0.));
#3622 = DIRECTION('',(1.110223024625E-16,1.,0.));
#3623 = ADVANCED_FACE('',(#3624),#3674,.F.);
#3624 = FACE_BOUND('',#3625,.F.);
#3625 = EDGE_LOOP('',(#3626,#3627,#3628,#3636,#3644,#3652,#3660,#3668));
#3626 = ORIENTED_EDGE('',*,*,#1717,.F.);
#3627 = ORIENTED_EDGE('',*,*,#3612,.T.);
#3628 = ORIENTED_EDGE('',*,*,#3629,.T.);
#3629 = EDGE_CURVE('',#3605,#3630,#3632,.T.);
#3630 = VERTEX_POINT('',#3631);
#3631 = CARTESIAN_POINT('',(0.1,-12.4,0.9));
#3632 = LINE('',#3633,#3634);
#3633 = CARTESIAN_POINT('',(0.3,-12.4,0.9));
#3634 = VECTOR('',#3635,1.);
#3635 = DIRECTION('',(-1.,1.110223024625E-16,0.));
#3636 = ORIENTED_EDGE('',*,*,#3637,.T.);
#3637 = EDGE_CURVE('',#3630,#3638,#3640,.T.);
#3638 = VERTEX_POINT('',#3639);
#3639 = CARTESIAN_POINT('',(0.1,-12.4,7.4));
#3640 = LINE('',#3641,#3642);
#3641 = CARTESIAN_POINT('',(0.1,-12.4,6.055738799212));
#3642 = VECTOR('',#3643,1.);
#3643 = DIRECTION('',(0.,-0.,1.));
#3644 = ORIENTED_EDGE('',*,*,#3645,.F.);
#3645 = EDGE_CURVE('',#3646,#3638,#3648,.T.);
#3646 = VERTEX_POINT('',#3647);
#3647 = CARTESIAN_POINT('',(-0.1,-12.4,7.4));
#3648 = LINE('',#3649,#3650);
#3649 = CARTESIAN_POINT('',(-0.1,-12.4,7.4));
#3650 = VECTOR('',#3651,1.);
#3651 = DIRECTION('',(1.,-1.110223024625E-16,0.));
#3652 = ORIENTED_EDGE('',*,*,#3653,.F.);
#3653 = EDGE_CURVE('',#3654,#3646,#3656,.T.);
#3654 = VERTEX_POINT('',#3655);
#3655 = CARTESIAN_POINT('',(-0.1,-12.4,0.9));
#3656 = LINE('',#3657,#3658);
#3657 = CARTESIAN_POINT('',(-0.1,-12.4,6.055738799212));
#3658 = VECTOR('',#3659,1.);
#3659 = DIRECTION('',(0.,-0.,1.));
#3660 = ORIENTED_EDGE('',*,*,#3661,.T.);
#3661 = EDGE_CURVE('',#3654,#3662,#3664,.T.);
#3662 = VERTEX_POINT('',#3663);
#3663 = CARTESIAN_POINT('',(-0.3,-12.4,0.9));
#3664 = LINE('',#3665,#3666);
#3665 = CARTESIAN_POINT('',(0.3,-12.4,0.9));
#3666 = VECTOR('',#3667,1.);
#3667 = DIRECTION('',(-1.,1.110223024625E-16,0.));
#3668 = ORIENTED_EDGE('',*,*,#3669,.F.);
#3669 = EDGE_CURVE('',#1710,#3662,#3670,.T.);
#3670 = LINE('',#3671,#3672);
#3671 = CARTESIAN_POINT('',(-0.3,-12.4,8.2));
#3672 = VECTOR('',#3673,1.);
#3673 = DIRECTION('',(0.,-0.,-1.));
#3674 = PLANE('',#3675);
#3675 = AXIS2_PLACEMENT_3D('',#3676,#3677,#3678);
#3676 = CARTESIAN_POINT('',(0.3,-12.4,8.2));
#3677 = DIRECTION('',(1.110223024625E-16,1.,0.));
#3678 = DIRECTION('',(-1.,1.110223024625E-16,0.));
#3679 = ADVANCED_FACE('',(#3680),#3698,.F.);
#3680 = FACE_BOUND('',#3681,.F.);
#3681 = EDGE_LOOP('',(#3682,#3683,#3691,#3697));
#3682 = ORIENTED_EDGE('',*,*,#3669,.T.);
#3683 = ORIENTED_EDGE('',*,*,#3684,.T.);
#3684 = EDGE_CURVE('',#3662,#3685,#3687,.T.);
#3685 = VERTEX_POINT('',#3686);
#3686 = CARTESIAN_POINT('',(-0.3,-13.,0.9));
#3687 = LINE('',#3688,#3689);
#3688 = CARTESIAN_POINT('',(-0.3,-12.4,0.9));
#3689 = VECTOR('',#3690,1.);
#3690 = DIRECTION('',(-1.110223024625E-16,-1.,0.));
#3691 = ORIENTED_EDGE('',*,*,#3692,.F.);
#3692 = EDGE_CURVE('',#1734,#3685,#3693,.T.);
#3693 = LINE('',#3694,#3695);
#3694 = CARTESIAN_POINT('',(-0.3,-13.,8.2));
#3695 = VECTOR('',#3696,1.);
#3696 = DIRECTION('',(0.,-0.,-1.));
#3697 = ORIENTED_EDGE('',*,*,#1741,.F.);
#3698 = PLANE('',#3699);
#3699 = AXIS2_PLACEMENT_3D('',#3700,#3701,#3702);
#3700 = CARTESIAN_POINT('',(-0.3,-12.4,8.2));
#3701 = DIRECTION('',(-1.,1.110223024625E-16,0.));
#3702 = DIRECTION('',(-1.110223024625E-16,-1.,0.));
#3703 = ADVANCED_FACE('',(#3704),#3747,.F.);
#3704 = FACE_BOUND('',#3705,.F.);
#3705 = EDGE_LOOP('',(#3706,#3707,#3708,#3716,#3724,#3732,#3740,#3746));
#3706 = ORIENTED_EDGE('',*,*,#1758,.F.);
#3707 = ORIENTED_EDGE('',*,*,#3692,.T.);
#3708 = ORIENTED_EDGE('',*,*,#3709,.T.);
#3709 = EDGE_CURVE('',#3685,#3710,#3712,.T.);
#3710 = VERTEX_POINT('',#3711);
#3711 = CARTESIAN_POINT('',(-0.1,-13.,0.9));
#3712 = LINE('',#3713,#3714);
#3713 = CARTESIAN_POINT('',(-0.3,-13.,0.9));
#3714 = VECTOR('',#3715,1.);
#3715 = DIRECTION('',(1.,-1.110223024625E-16,0.));
#3716 = ORIENTED_EDGE('',*,*,#3717,.F.);
#3717 = EDGE_CURVE('',#3718,#3710,#3720,.T.);
#3718 = VERTEX_POINT('',#3719);
#3719 = CARTESIAN_POINT('',(-0.1,-13.,7.4));
#3720 = LINE('',#3721,#3722);
#3721 = CARTESIAN_POINT('',(-0.1,-13.,6.055738799212));
#3722 = VECTOR('',#3723,1.);
#3723 = DIRECTION('',(-0.,0.,-1.));
#3724 = ORIENTED_EDGE('',*,*,#3725,.T.);
#3725 = EDGE_CURVE('',#3718,#3726,#3728,.T.);
#3726 = VERTEX_POINT('',#3727);
#3727 = CARTESIAN_POINT('',(0.1,-13.,7.4));
#3728 = LINE('',#3729,#3730);
#3729 = CARTESIAN_POINT('',(-0.1,-13.,7.4));
#3730 = VECTOR('',#3731,1.);
#3731 = DIRECTION('',(1.,-1.110223024625E-16,0.));
#3732 = ORIENTED_EDGE('',*,*,#3733,.T.);
#3733 = EDGE_CURVE('',#3726,#3734,#3736,.T.);
#3734 = VERTEX_POINT('',#3735);
#3735 = CARTESIAN_POINT('',(0.1,-13.,0.9));
#3736 = LINE('',#3737,#3738);
#3737 = CARTESIAN_POINT('',(0.1,-13.,6.055738799212));
#3738 = VECTOR('',#3739,1.);
#3739 = DIRECTION('',(-0.,0.,-1.));
#3740 = ORIENTED_EDGE('',*,*,#3741,.T.);
#3741 = EDGE_CURVE('',#3734,#3597,#3742,.T.);
#3742 = LINE('',#3743,#3744);
#3743 = CARTESIAN_POINT('',(-0.3,-13.,0.9));
#3744 = VECTOR('',#3745,1.);
#3745 = DIRECTION('',(1.,-1.110223024625E-16,0.));
#3746 = ORIENTED_EDGE('',*,*,#3596,.F.);
#3747 = PLANE('',#3748);
#3748 = AXIS2_PLACEMENT_3D('',#3749,#3750,#3751);
#3749 = CARTESIAN_POINT('',(-0.3,-13.,8.2));
#3750 = DIRECTION('',(-1.110223024625E-16,-1.,0.));
#3751 = DIRECTION('',(1.,-1.110223024625E-16,0.));
#3752 = ADVANCED_FACE('',(#3753),#3778,.F.);
#3753 = FACE_BOUND('',#3754,.F.);
#3754 = EDGE_LOOP('',(#3755,#3763,#3771,#3777));
#3755 = ORIENTED_EDGE('',*,*,#3756,.T.);
#3756 = EDGE_CURVE('',#1773,#3757,#3759,.T.);
#3757 = VERTEX_POINT('',#3758);
#3758 = CARTESIAN_POINT('',(0.3,-10.46,0.9));
#3759 = LINE('',#3760,#3761);
#3760 = CARTESIAN_POINT('',(0.3,-10.46,8.2));
#3761 = VECTOR('',#3762,1.);
#3762 = DIRECTION('',(0.,-0.,-1.));
#3763 = ORIENTED_EDGE('',*,*,#3764,.T.);
#3764 = EDGE_CURVE('',#3757,#3765,#3767,.T.);
#3765 = VERTEX_POINT('',#3766);
#3766 = CARTESIAN_POINT('',(0.3,-9.86,0.9));
#3767 = LINE('',#3768,#3769);
#3768 = CARTESIAN_POINT('',(0.3,-10.46,0.9));
#3769 = VECTOR('',#3770,1.);
#3770 = DIRECTION('',(1.110223024625E-16,1.,0.));
#3771 = ORIENTED_EDGE('',*,*,#3772,.F.);
#3772 = EDGE_CURVE('',#1782,#3765,#3773,.T.);
#3773 = LINE('',#3774,#3775);
#3774 = CARTESIAN_POINT('',(0.3,-9.86,8.2));
#3775 = VECTOR('',#3776,1.);
#3776 = DIRECTION('',(0.,-0.,-1.));
#3777 = ORIENTED_EDGE('',*,*,#1789,.F.);
#3778 = PLANE('',#3779);
#3779 = AXIS2_PLACEMENT_3D('',#3780,#3781,#3782);
#3780 = CARTESIAN_POINT('',(0.3,-10.46,8.2));
#3781 = DIRECTION('',(1.,-1.110223024625E-16,0.));
#3782 = DIRECTION('',(1.110223024625E-16,1.,0.));
#3783 = ADVANCED_FACE('',(#3784),#3834,.F.);
#3784 = FACE_BOUND('',#3785,.F.);
#3785 = EDGE_LOOP('',(#3786,#3787,#3788,#3796,#3804,#3812,#3820,#3828));
#3786 = ORIENTED_EDGE('',*,*,#1813,.F.);
#3787 = ORIENTED_EDGE('',*,*,#3772,.T.);
#3788 = ORIENTED_EDGE('',*,*,#3789,.T.);
#3789 = EDGE_CURVE('',#3765,#3790,#3792,.T.);
#3790 = VERTEX_POINT('',#3791);
#3791 = CARTESIAN_POINT('',(0.1,-9.86,0.9));
#3792 = LINE('',#3793,#3794);
#3793 = CARTESIAN_POINT('',(0.3,-9.86,0.9));
#3794 = VECTOR('',#3795,1.);
#3795 = DIRECTION('',(-1.,1.110223024625E-16,0.));
#3796 = ORIENTED_EDGE('',*,*,#3797,.T.);
#3797 = EDGE_CURVE('',#3790,#3798,#3800,.T.);
#3798 = VERTEX_POINT('',#3799);
#3799 = CARTESIAN_POINT('',(0.1,-9.86,7.4));
#3800 = LINE('',#3801,#3802);
#3801 = CARTESIAN_POINT('',(0.1,-9.86,6.055738799212));
#3802 = VECTOR('',#3803,1.);
#3803 = DIRECTION('',(0.,-0.,1.));
#3804 = ORIENTED_EDGE('',*,*,#3805,.F.);
#3805 = EDGE_CURVE('',#3806,#3798,#3808,.T.);
#3806 = VERTEX_POINT('',#3807);
#3807 = CARTESIAN_POINT('',(-0.1,-9.86,7.4));
#3808 = LINE('',#3809,#3810);
#3809 = CARTESIAN_POINT('',(-0.1,-9.86,7.4));
#3810 = VECTOR('',#3811,1.);
#3811 = DIRECTION('',(1.,-1.110223024625E-16,0.));
#3812 = ORIENTED_EDGE('',*,*,#3813,.F.);
#3813 = EDGE_CURVE('',#3814,#3806,#3816,.T.);
#3814 = VERTEX_POINT('',#3815);
#3815 = CARTESIAN_POINT('',(-0.1,-9.86,0.9));
#3816 = LINE('',#3817,#3818);
#3817 = CARTESIAN_POINT('',(-0.1,-9.86,6.055738799212));
#3818 = VECTOR('',#3819,1.);
#3819 = DIRECTION('',(0.,-0.,1.));
#3820 = ORIENTED_EDGE('',*,*,#3821,.T.);
#3821 = EDGE_CURVE('',#3814,#3822,#3824,.T.);
#3822 = VERTEX_POINT('',#3823);
#3823 = CARTESIAN_POINT('',(-0.3,-9.86,0.9));
#3824 = LINE('',#3825,#3826);
#3825 = CARTESIAN_POINT('',(0.3,-9.86,0.9));
#3826 = VECTOR('',#3827,1.);
#3827 = DIRECTION('',(-1.,1.110223024625E-16,0.));
#3828 = ORIENTED_EDGE('',*,*,#3829,.F.);
#3829 = EDGE_CURVE('',#1806,#3822,#3830,.T.);
#3830 = LINE('',#3831,#3832);
#3831 = CARTESIAN_POINT('',(-0.3,-9.86,8.2));
#3832 = VECTOR('',#3833,1.);
#3833 = DIRECTION('',(0.,-0.,-1.));
#3834 = PLANE('',#3835);
#3835 = AXIS2_PLACEMENT_3D('',#3836,#3837,#3838);
#3836 = CARTESIAN_POINT('',(0.3,-9.86,8.2));
#3837 = DIRECTION('',(1.110223024625E-16,1.,0.));
#3838 = DIRECTION('',(-1.,1.110223024625E-16,0.));
#3839 = ADVANCED_FACE('',(#3840),#3858,.F.);
#3840 = FACE_BOUND('',#3841,.F.);
#3841 = EDGE_LOOP('',(#3842,#3843,#3851,#3857));
#3842 = ORIENTED_EDGE('',*,*,#3829,.T.);
#3843 = ORIENTED_EDGE('',*,*,#3844,.T.);
#3844 = EDGE_CURVE('',#3822,#3845,#3847,.T.);
#3845 = VERTEX_POINT('',#3846);
#3846 = CARTESIAN_POINT('',(-0.3,-10.46,0.9));
#3847 = LINE('',#3848,#3849);
#3848 = CARTESIAN_POINT('',(-0.3,-9.86,0.9));
#3849 = VECTOR('',#3850,1.);
#3850 = DIRECTION('',(-1.110223024625E-16,-1.,0.));
#3851 = ORIENTED_EDGE('',*,*,#3852,.F.);
#3852 = EDGE_CURVE('',#1830,#3845,#3853,.T.);
#3853 = LINE('',#3854,#3855);
#3854 = CARTESIAN_POINT('',(-0.3,-10.46,8.2));
#3855 = VECTOR('',#3856,1.);
#3856 = DIRECTION('',(0.,-0.,-1.));
#3857 = ORIENTED_EDGE('',*,*,#1837,.F.);
#3858 = PLANE('',#3859);
#3859 = AXIS2_PLACEMENT_3D('',#3860,#3861,#3862);
#3860 = CARTESIAN_POINT('',(-0.3,-9.86,8.2));
#3861 = DIRECTION('',(-1.,1.110223024625E-16,0.));
#3862 = DIRECTION('',(-1.110223024625E-16,-1.,0.));
#3863 = ADVANCED_FACE('',(#3864),#3907,.F.);
#3864 = FACE_BOUND('',#3865,.F.);
#3865 = EDGE_LOOP('',(#3866,#3867,#3868,#3876,#3884,#3892,#3900,#3906));
#3866 = ORIENTED_EDGE('',*,*,#1854,.F.);
#3867 = ORIENTED_EDGE('',*,*,#3852,.T.);
#3868 = ORIENTED_EDGE('',*,*,#3869,.T.);
#3869 = EDGE_CURVE('',#3845,#3870,#3872,.T.);
#3870 = VERTEX_POINT('',#3871);
#3871 = CARTESIAN_POINT('',(-0.1,-10.46,0.9));
#3872 = LINE('',#3873,#3874);
#3873 = CARTESIAN_POINT('',(-0.3,-10.46,0.9));
#3874 = VECTOR('',#3875,1.);
#3875 = DIRECTION('',(1.,-1.110223024625E-16,0.));
#3876 = ORIENTED_EDGE('',*,*,#3877,.F.);
#3877 = EDGE_CURVE('',#3878,#3870,#3880,.T.);
#3878 = VERTEX_POINT('',#3879);
#3879 = CARTESIAN_POINT('',(-0.1,-10.46,7.4));
#3880 = LINE('',#3881,#3882);
#3881 = CARTESIAN_POINT('',(-0.1,-10.46,6.055738799212));
#3882 = VECTOR('',#3883,1.);
#3883 = DIRECTION('',(-0.,0.,-1.));
#3884 = ORIENTED_EDGE('',*,*,#3885,.T.);
#3885 = EDGE_CURVE('',#3878,#3886,#3888,.T.);
#3886 = VERTEX_POINT('',#3887);
#3887 = CARTESIAN_POINT('',(0.1,-10.46,7.4));
#3888 = LINE('',#3889,#3890);
#3889 = CARTESIAN_POINT('',(-0.1,-10.46,7.4));
#3890 = VECTOR('',#3891,1.);
#3891 = DIRECTION('',(1.,-1.110223024625E-16,0.));
#3892 = ORIENTED_EDGE('',*,*,#3893,.T.);
#3893 = EDGE_CURVE('',#3886,#3894,#3896,.T.);
#3894 = VERTEX_POINT('',#3895);
#3895 = CARTESIAN_POINT('',(0.1,-10.46,0.9));
#3896 = LINE('',#3897,#3898);
#3897 = CARTESIAN_POINT('',(0.1,-10.46,6.055738799212));
#3898 = VECTOR('',#3899,1.);
#3899 = DIRECTION('',(-0.,0.,-1.));
#3900 = ORIENTED_EDGE('',*,*,#3901,.T.);
#3901 = EDGE_CURVE('',#3894,#3757,#3902,.T.);
#3902 = LINE('',#3903,#3904);
#3903 = CARTESIAN_POINT('',(-0.3,-10.46,0.9));
#3904 = VECTOR('',#3905,1.);
#3905 = DIRECTION('',(1.,-1.110223024625E-16,0.));
#3906 = ORIENTED_EDGE('',*,*,#3756,.F.);
#3907 = PLANE('',#3908);
#3908 = AXIS2_PLACEMENT_3D('',#3909,#3910,#3911);
#3909 = CARTESIAN_POINT('',(-0.3,-10.46,8.2));
#3910 = DIRECTION('',(-1.110223024625E-16,-1.,0.));
#3911 = DIRECTION('',(1.,-1.110223024625E-16,0.));
#3912 = ADVANCED_FACE('',(#3913),#3938,.F.);
#3913 = FACE_BOUND('',#3914,.F.);
#3914 = EDGE_LOOP('',(#3915,#3923,#3931,#3937));
#3915 = ORIENTED_EDGE('',*,*,#3916,.T.);
#3916 = EDGE_CURVE('',#1869,#3917,#3919,.T.);
#3917 = VERTEX_POINT('',#3918);
#3918 = CARTESIAN_POINT('',(0.3,-7.92,0.9));
#3919 = LINE('',#3920,#3921);
#3920 = CARTESIAN_POINT('',(0.3,-7.92,8.2));
#3921 = VECTOR('',#3922,1.);
#3922 = DIRECTION('',(0.,-0.,-1.));
#3923 = ORIENTED_EDGE('',*,*,#3924,.T.);
#3924 = EDGE_CURVE('',#3917,#3925,#3927,.T.);
#3925 = VERTEX_POINT('',#3926);
#3926 = CARTESIAN_POINT('',(0.3,-7.32,0.9));
#3927 = LINE('',#3928,#3929);
#3928 = CARTESIAN_POINT('',(0.3,-7.92,0.9));
#3929 = VECTOR('',#3930,1.);
#3930 = DIRECTION('',(1.110223024625E-16,1.,0.));
#3931 = ORIENTED_EDGE('',*,*,#3932,.F.);
#3932 = EDGE_CURVE('',#1878,#3925,#3933,.T.);
#3933 = LINE('',#3934,#3935);
#3934 = CARTESIAN_POINT('',(0.3,-7.32,8.2));
#3935 = VECTOR('',#3936,1.);
#3936 = DIRECTION('',(0.,-0.,-1.));
#3937 = ORIENTED_EDGE('',*,*,#1885,.F.);
#3938 = PLANE('',#3939);
#3939 = AXIS2_PLACEMENT_3D('',#3940,#3941,#3942);
#3940 = CARTESIAN_POINT('',(0.3,-7.92,8.2));
#3941 = DIRECTION('',(1.,-1.110223024625E-16,0.));
#3942 = DIRECTION('',(1.110223024625E-16,1.,0.));
#3943 = ADVANCED_FACE('',(#3944),#3994,.F.);
#3944 = FACE_BOUND('',#3945,.F.);
#3945 = EDGE_LOOP('',(#3946,#3947,#3948,#3956,#3964,#3972,#3980,#3988));
#3946 = ORIENTED_EDGE('',*,*,#1909,.F.);
#3947 = ORIENTED_EDGE('',*,*,#3932,.T.);
#3948 = ORIENTED_EDGE('',*,*,#3949,.T.);
#3949 = EDGE_CURVE('',#3925,#3950,#3952,.T.);
#3950 = VERTEX_POINT('',#3951);
#3951 = CARTESIAN_POINT('',(0.1,-7.32,0.9));
#3952 = LINE('',#3953,#3954);
#3953 = CARTESIAN_POINT('',(0.3,-7.32,0.9));
#3954 = VECTOR('',#3955,1.);
#3955 = DIRECTION('',(-1.,1.110223024625E-16,0.));
#3956 = ORIENTED_EDGE('',*,*,#3957,.T.);
#3957 = EDGE_CURVE('',#3950,#3958,#3960,.T.);
#3958 = VERTEX_POINT('',#3959);
#3959 = CARTESIAN_POINT('',(0.1,-7.32,7.4));
#3960 = LINE('',#3961,#3962);
#3961 = CARTESIAN_POINT('',(0.1,-7.32,6.055738799212));
#3962 = VECTOR('',#3963,1.);
#3963 = DIRECTION('',(0.,-0.,1.));
#3964 = ORIENTED_EDGE('',*,*,#3965,.F.);
#3965 = EDGE_CURVE('',#3966,#3958,#3968,.T.);
#3966 = VERTEX_POINT('',#3967);
#3967 = CARTESIAN_POINT('',(-0.1,-7.32,7.4));
#3968 = LINE('',#3969,#3970);
#3969 = CARTESIAN_POINT('',(-0.1,-7.32,7.4));
#3970 = VECTOR('',#3971,1.);
#3971 = DIRECTION('',(1.,-1.110223024625E-16,0.));
#3972 = ORIENTED_EDGE('',*,*,#3973,.F.);
#3973 = EDGE_CURVE('',#3974,#3966,#3976,.T.);
#3974 = VERTEX_POINT('',#3975);
#3975 = CARTESIAN_POINT('',(-0.1,-7.32,0.9));
#3976 = LINE('',#3977,#3978);
#3977 = CARTESIAN_POINT('',(-0.1,-7.32,6.055738799212));
#3978 = VECTOR('',#3979,1.);
#3979 = DIRECTION('',(0.,-0.,1.));
#3980 = ORIENTED_EDGE('',*,*,#3981,.T.);
#3981 = EDGE_CURVE('',#3974,#3982,#3984,.T.);
#3982 = VERTEX_POINT('',#3983);
#3983 = CARTESIAN_POINT('',(-0.3,-7.32,0.9));
#3984 = LINE('',#3985,#3986);
#3985 = CARTESIAN_POINT('',(0.3,-7.32,0.9));
#3986 = VECTOR('',#3987,1.);
#3987 = DIRECTION('',(-1.,1.110223024625E-16,0.));
#3988 = ORIENTED_EDGE('',*,*,#3989,.F.);
#3989 = EDGE_CURVE('',#1902,#3982,#3990,.T.);
#3990 = LINE('',#3991,#3992);
#3991 = CARTESIAN_POINT('',(-0.3,-7.32,8.2));
#3992 = VECTOR('',#3993,1.);
#3993 = DIRECTION('',(0.,-0.,-1.));
#3994 = PLANE('',#3995);
#3995 = AXIS2_PLACEMENT_3D('',#3996,#3997,#3998);
#3996 = CARTESIAN_POINT('',(0.3,-7.32,8.2));
#3997 = DIRECTION('',(1.110223024625E-16,1.,0.));
#3998 = DIRECTION('',(-1.,1.110223024625E-16,0.));
#3999 = ADVANCED_FACE('',(#4000),#4018,.F.);
#4000 = FACE_BOUND('',#4001,.F.);
#4001 = EDGE_LOOP('',(#4002,#4003,#4011,#4017));
#4002 = ORIENTED_EDGE('',*,*,#3989,.T.);
#4003 = ORIENTED_EDGE('',*,*,#4004,.T.);
#4004 = EDGE_CURVE('',#3982,#4005,#4007,.T.);
#4005 = VERTEX_POINT('',#4006);
#4006 = CARTESIAN_POINT('',(-0.3,-7.92,0.9));
#4007 = LINE('',#4008,#4009);
#4008 = CARTESIAN_POINT('',(-0.3,-7.32,0.9));
#4009 = VECTOR('',#4010,1.);
#4010 = DIRECTION('',(-1.110223024625E-16,-1.,0.));
#4011 = ORIENTED_EDGE('',*,*,#4012,.F.);
#4012 = EDGE_CURVE('',#1926,#4005,#4013,.T.);
#4013 = LINE('',#4014,#4015);
#4014 = CARTESIAN_POINT('',(-0.3,-7.92,8.2));
#4015 = VECTOR('',#4016,1.);
#4016 = DIRECTION('',(0.,-0.,-1.));
#4017 = ORIENTED_EDGE('',*,*,#1933,.F.);
#4018 = PLANE('',#4019);
#4019 = AXIS2_PLACEMENT_3D('',#4020,#4021,#4022);
#4020 = CARTESIAN_POINT('',(-0.3,-7.32,8.2));
#4021 = DIRECTION('',(-1.,1.110223024625E-16,0.));
#4022 = DIRECTION('',(-1.110223024625E-16,-1.,0.));
#4023 = ADVANCED_FACE('',(#4024),#4067,.F.);
#4024 = FACE_BOUND('',#4025,.F.);
#4025 = EDGE_LOOP('',(#4026,#4027,#4028,#4036,#4044,#4052,#4060,#4066));
#4026 = ORIENTED_EDGE('',*,*,#1950,.F.);
#4027 = ORIENTED_EDGE('',*,*,#4012,.T.);
#4028 = ORIENTED_EDGE('',*,*,#4029,.T.);
#4029 = EDGE_CURVE('',#4005,#4030,#4032,.T.);
#4030 = VERTEX_POINT('',#4031);
#4031 = CARTESIAN_POINT('',(-0.1,-7.92,0.9));
#4032 = LINE('',#4033,#4034);
#4033 = CARTESIAN_POINT('',(-0.3,-7.92,0.9));
#4034 = VECTOR('',#4035,1.);
#4035 = DIRECTION('',(1.,-1.110223024625E-16,0.));
#4036 = ORIENTED_EDGE('',*,*,#4037,.F.);
#4037 = EDGE_CURVE('',#4038,#4030,#4040,.T.);
#4038 = VERTEX_POINT('',#4039);
#4039 = CARTESIAN_POINT('',(-0.1,-7.92,7.4));
#4040 = LINE('',#4041,#4042);
#4041 = CARTESIAN_POINT('',(-0.1,-7.92,6.055738799212));
#4042 = VECTOR('',#4043,1.);
#4043 = DIRECTION('',(-0.,0.,-1.));
#4044 = ORIENTED_EDGE('',*,*,#4045,.T.);
#4045 = EDGE_CURVE('',#4038,#4046,#4048,.T.);
#4046 = VERTEX_POINT('',#4047);
#4047 = CARTESIAN_POINT('',(0.1,-7.92,7.4));
#4048 = LINE('',#4049,#4050);
#4049 = CARTESIAN_POINT('',(-0.1,-7.92,7.4));
#4050 = VECTOR('',#4051,1.);
#4051 = DIRECTION('',(1.,-1.110223024625E-16,0.));
#4052 = ORIENTED_EDGE('',*,*,#4053,.T.);
#4053 = EDGE_CURVE('',#4046,#4054,#4056,.T.);
#4054 = VERTEX_POINT('',#4055);
#4055 = CARTESIAN_POINT('',(0.1,-7.92,0.9));
#4056 = LINE('',#4057,#4058);
#4057 = CARTESIAN_POINT('',(0.1,-7.92,6.055738799212));
#4058 = VECTOR('',#4059,1.);
#4059 = DIRECTION('',(-0.,0.,-1.));
#4060 = ORIENTED_EDGE('',*,*,#4061,.T.);
#4061 = EDGE_CURVE('',#4054,#3917,#4062,.T.);
#4062 = LINE('',#4063,#4064);
#4063 = CARTESIAN_POINT('',(-0.3,-7.92,0.9));
#4064 = VECTOR('',#4065,1.);
#4065 = DIRECTION('',(1.,-1.110223024625E-16,0.));
#4066 = ORIENTED_EDGE('',*,*,#3916,.F.);
#4067 = PLANE('',#4068);
#4068 = AXIS2_PLACEMENT_3D('',#4069,#4070,#4071);
#4069 = CARTESIAN_POINT('',(-0.3,-7.92,8.2));
#4070 = DIRECTION('',(-1.110223024625E-16,-1.,0.));
#4071 = DIRECTION('',(1.,-1.110223024625E-16,0.));
#4072 = ADVANCED_FACE('',(#4073),#4098,.F.);
#4073 = FACE_BOUND('',#4074,.F.);
#4074 = EDGE_LOOP('',(#4075,#4083,#4091,#4097));
#4075 = ORIENTED_EDGE('',*,*,#4076,.T.);
#4076 = EDGE_CURVE('',#1965,#4077,#4079,.T.);
#4077 = VERTEX_POINT('',#4078);
#4078 = CARTESIAN_POINT('',(0.3,-5.38,0.9));
#4079 = LINE('',#4080,#4081);
#4080 = CARTESIAN_POINT('',(0.3,-5.38,8.2));
#4081 = VECTOR('',#4082,1.);
#4082 = DIRECTION('',(0.,-0.,-1.));
#4083 = ORIENTED_EDGE('',*,*,#4084,.T.);
#4084 = EDGE_CURVE('',#4077,#4085,#4087,.T.);
#4085 = VERTEX_POINT('',#4086);
#4086 = CARTESIAN_POINT('',(0.3,-4.78,0.9));
#4087 = LINE('',#4088,#4089);
#4088 = CARTESIAN_POINT('',(0.3,-5.38,0.9));
#4089 = VECTOR('',#4090,1.);
#4090 = DIRECTION('',(1.110223024625E-16,1.,0.));
#4091 = ORIENTED_EDGE('',*,*,#4092,.F.);
#4092 = EDGE_CURVE('',#1974,#4085,#4093,.T.);
#4093 = LINE('',#4094,#4095);
#4094 = CARTESIAN_POINT('',(0.3,-4.78,8.2));
#4095 = VECTOR('',#4096,1.);
#4096 = DIRECTION('',(0.,-0.,-1.));
#4097 = ORIENTED_EDGE('',*,*,#1981,.F.);
#4098 = PLANE('',#4099);
#4099 = AXIS2_PLACEMENT_3D('',#4100,#4101,#4102);
#4100 = CARTESIAN_POINT('',(0.3,-5.38,8.2));
#4101 = DIRECTION('',(1.,-1.110223024625E-16,0.));
#4102 = DIRECTION('',(1.110223024625E-16,1.,0.));
#4103 = ADVANCED_FACE('',(#4104),#4154,.F.);
#4104 = FACE_BOUND('',#4105,.F.);
#4105 = EDGE_LOOP('',(#4106,#4107,#4108,#4116,#4124,#4132,#4140,#4148));
#4106 = ORIENTED_EDGE('',*,*,#2005,.F.);
#4107 = ORIENTED_EDGE('',*,*,#4092,.T.);
#4108 = ORIENTED_EDGE('',*,*,#4109,.T.);
#4109 = EDGE_CURVE('',#4085,#4110,#4112,.T.);
#4110 = VERTEX_POINT('',#4111);
#4111 = CARTESIAN_POINT('',(0.1,-4.78,0.9));
#4112 = LINE('',#4113,#4114);
#4113 = CARTESIAN_POINT('',(0.3,-4.78,0.9));
#4114 = VECTOR('',#4115,1.);
#4115 = DIRECTION('',(-1.,1.110223024625E-16,0.));
#4116 = ORIENTED_EDGE('',*,*,#4117,.T.);
#4117 = EDGE_CURVE('',#4110,#4118,#4120,.T.);
#4118 = VERTEX_POINT('',#4119);
#4119 = CARTESIAN_POINT('',(0.1,-4.78,7.4));
#4120 = LINE('',#4121,#4122);
#4121 = CARTESIAN_POINT('',(0.1,-4.78,6.055738799212));
#4122 = VECTOR('',#4123,1.);
#4123 = DIRECTION('',(0.,-0.,1.));
#4124 = ORIENTED_EDGE('',*,*,#4125,.F.);
#4125 = EDGE_CURVE('',#4126,#4118,#4128,.T.);
#4126 = VERTEX_POINT('',#4127);
#4127 = CARTESIAN_POINT('',(-0.1,-4.78,7.4));
#4128 = LINE('',#4129,#4130);
#4129 = CARTESIAN_POINT('',(-0.1,-4.78,7.4));
#4130 = VECTOR('',#4131,1.);
#4131 = DIRECTION('',(1.,-1.110223024625E-16,0.));
#4132 = ORIENTED_EDGE('',*,*,#4133,.F.);
#4133 = EDGE_CURVE('',#4134,#4126,#4136,.T.);
#4134 = VERTEX_POINT('',#4135);
#4135 = CARTESIAN_POINT('',(-0.1,-4.78,0.9));
#4136 = LINE('',#4137,#4138);
#4137 = CARTESIAN_POINT('',(-0.1,-4.78,6.055738799212));
#4138 = VECTOR('',#4139,1.);
#4139 = DIRECTION('',(0.,-0.,1.));
#4140 = ORIENTED_EDGE('',*,*,#4141,.T.);
#4141 = EDGE_CURVE('',#4134,#4142,#4144,.T.);
#4142 = VERTEX_POINT('',#4143);
#4143 = CARTESIAN_POINT('',(-0.3,-4.78,0.9));
#4144 = LINE('',#4145,#4146);
#4145 = CARTESIAN_POINT('',(0.3,-4.78,0.9));
#4146 = VECTOR('',#4147,1.);
#4147 = DIRECTION('',(-1.,1.110223024625E-16,0.));
#4148 = ORIENTED_EDGE('',*,*,#4149,.F.);
#4149 = EDGE_CURVE('',#1998,#4142,#4150,.T.);
#4150 = LINE('',#4151,#4152);
#4151 = CARTESIAN_POINT('',(-0.3,-4.78,8.2));
#4152 = VECTOR('',#4153,1.);
#4153 = DIRECTION('',(0.,-0.,-1.));
#4154 = PLANE('',#4155);
#4155 = AXIS2_PLACEMENT_3D('',#4156,#4157,#4158);
#4156 = CARTESIAN_POINT('',(0.3,-4.78,8.2));
#4157 = DIRECTION('',(1.110223024625E-16,1.,0.));
#4158 = DIRECTION('',(-1.,1.110223024625E-16,0.));
#4159 = ADVANCED_FACE('',(#4160),#4178,.F.);
#4160 = FACE_BOUND('',#4161,.F.);
#4161 = EDGE_LOOP('',(#4162,#4163,#4171,#4177));
#4162 = ORIENTED_EDGE('',*,*,#4149,.T.);
#4163 = ORIENTED_EDGE('',*,*,#4164,.T.);
#4164 = EDGE_CURVE('',#4142,#4165,#4167,.T.);
#4165 = VERTEX_POINT('',#4166);
#4166 = CARTESIAN_POINT('',(-0.3,-5.38,0.9));
#4167 = LINE('',#4168,#4169);
#4168 = CARTESIAN_POINT('',(-0.3,-4.78,0.9));
#4169 = VECTOR('',#4170,1.);
#4170 = DIRECTION('',(-1.110223024625E-16,-1.,0.));
#4171 = ORIENTED_EDGE('',*,*,#4172,.F.);
#4172 = EDGE_CURVE('',#2022,#4165,#4173,.T.);
#4173 = LINE('',#4174,#4175);
#4174 = CARTESIAN_POINT('',(-0.3,-5.38,8.2));
#4175 = VECTOR('',#4176,1.);
#4176 = DIRECTION('',(0.,-0.,-1.));
#4177 = ORIENTED_EDGE('',*,*,#2029,.F.);
#4178 = PLANE('',#4179);
#4179 = AXIS2_PLACEMENT_3D('',#4180,#4181,#4182);
#4180 = CARTESIAN_POINT('',(-0.3,-4.78,8.2));
#4181 = DIRECTION('',(-1.,1.110223024625E-16,0.));
#4182 = DIRECTION('',(-1.110223024625E-16,-1.,0.));
#4183 = ADVANCED_FACE('',(#4184),#4227,.F.);
#4184 = FACE_BOUND('',#4185,.F.);
#4185 = EDGE_LOOP('',(#4186,#4187,#4188,#4196,#4204,#4212,#4220,#4226));
#4186 = ORIENTED_EDGE('',*,*,#2046,.F.);
#4187 = ORIENTED_EDGE('',*,*,#4172,.T.);
#4188 = ORIENTED_EDGE('',*,*,#4189,.T.);
#4189 = EDGE_CURVE('',#4165,#4190,#4192,.T.);
#4190 = VERTEX_POINT('',#4191);
#4191 = CARTESIAN_POINT('',(-0.1,-5.38,0.9));
#4192 = LINE('',#4193,#4194);
#4193 = CARTESIAN_POINT('',(-0.3,-5.38,0.9));
#4194 = VECTOR('',#4195,1.);
#4195 = DIRECTION('',(1.,-1.110223024625E-16,0.));
#4196 = ORIENTED_EDGE('',*,*,#4197,.F.);
#4197 = EDGE_CURVE('',#4198,#4190,#4200,.T.);
#4198 = VERTEX_POINT('',#4199);
#4199 = CARTESIAN_POINT('',(-0.1,-5.38,7.4));
#4200 = LINE('',#4201,#4202);
#4201 = CARTESIAN_POINT('',(-0.1,-5.38,6.055738799212));
#4202 = VECTOR('',#4203,1.);
#4203 = DIRECTION('',(-0.,0.,-1.));
#4204 = ORIENTED_EDGE('',*,*,#4205,.T.);
#4205 = EDGE_CURVE('',#4198,#4206,#4208,.T.);
#4206 = VERTEX_POINT('',#4207);
#4207 = CARTESIAN_POINT('',(0.1,-5.38,7.4));
#4208 = LINE('',#4209,#4210);
#4209 = CARTESIAN_POINT('',(-0.1,-5.38,7.4));
#4210 = VECTOR('',#4211,1.);
#4211 = DIRECTION('',(1.,-1.110223024625E-16,0.));
#4212 = ORIENTED_EDGE('',*,*,#4213,.T.);
#4213 = EDGE_CURVE('',#4206,#4214,#4216,.T.);
#4214 = VERTEX_POINT('',#4215);
#4215 = CARTESIAN_POINT('',(0.1,-5.38,0.9));
#4216 = LINE('',#4217,#4218);
#4217 = CARTESIAN_POINT('',(0.1,-5.38,6.055738799212));
#4218 = VECTOR('',#4219,1.);
#4219 = DIRECTION('',(-0.,0.,-1.));
#4220 = ORIENTED_EDGE('',*,*,#4221,.T.);
#4221 = EDGE_CURVE('',#4214,#4077,#4222,.T.);
#4222 = LINE('',#4223,#4224);
#4223 = CARTESIAN_POINT('',(-0.3,-5.38,0.9));
#4224 = VECTOR('',#4225,1.);
#4225 = DIRECTION('',(1.,-1.110223024625E-16,0.));
#4226 = ORIENTED_EDGE('',*,*,#4076,.F.);
#4227 = PLANE('',#4228);
#4228 = AXIS2_PLACEMENT_3D('',#4229,#4230,#4231);
#4229 = CARTESIAN_POINT('',(-0.3,-5.38,8.2));
#4230 = DIRECTION('',(-1.110223024625E-16,-1.,0.));
#4231 = DIRECTION('',(1.,-1.110223024625E-16,0.));
#4232 = ADVANCED_FACE('',(#4233),#4258,.F.);
#4233 = FACE_BOUND('',#4234,.F.);
#4234 = EDGE_LOOP('',(#4235,#4243,#4251,#4257));
#4235 = ORIENTED_EDGE('',*,*,#4236,.T.);
#4236 = EDGE_CURVE('',#2061,#4237,#4239,.T.);
#4237 = VERTEX_POINT('',#4238);
#4238 = CARTESIAN_POINT('',(0.3,-2.84,0.9));
#4239 = LINE('',#4240,#4241);
#4240 = CARTESIAN_POINT('',(0.3,-2.84,8.2));
#4241 = VECTOR('',#4242,1.);
#4242 = DIRECTION('',(0.,-0.,-1.));
#4243 = ORIENTED_EDGE('',*,*,#4244,.T.);
#4244 = EDGE_CURVE('',#4237,#4245,#4247,.T.);
#4245 = VERTEX_POINT('',#4246);
#4246 = CARTESIAN_POINT('',(0.3,-2.24,0.9));
#4247 = LINE('',#4248,#4249);
#4248 = CARTESIAN_POINT('',(0.3,-2.84,0.9));
#4249 = VECTOR('',#4250,1.);
#4250 = DIRECTION('',(1.110223024625E-16,1.,0.));
#4251 = ORIENTED_EDGE('',*,*,#4252,.F.);
#4252 = EDGE_CURVE('',#2070,#4245,#4253,.T.);
#4253 = LINE('',#4254,#4255);
#4254 = CARTESIAN_POINT('',(0.3,-2.24,8.2));
#4255 = VECTOR('',#4256,1.);
#4256 = DIRECTION('',(0.,-0.,-1.));
#4257 = ORIENTED_EDGE('',*,*,#2077,.F.);
#4258 = PLANE('',#4259);
#4259 = AXIS2_PLACEMENT_3D('',#4260,#4261,#4262);
#4260 = CARTESIAN_POINT('',(0.3,-2.84,8.2));
#4261 = DIRECTION('',(1.,-1.110223024625E-16,0.));
#4262 = DIRECTION('',(1.110223024625E-16,1.,0.));
#4263 = ADVANCED_FACE('',(#4264),#4314,.F.);
#4264 = FACE_BOUND('',#4265,.F.);
#4265 = EDGE_LOOP('',(#4266,#4267,#4268,#4276,#4284,#4292,#4300,#4308));
#4266 = ORIENTED_EDGE('',*,*,#2101,.F.);
#4267 = ORIENTED_EDGE('',*,*,#4252,.T.);
#4268 = ORIENTED_EDGE('',*,*,#4269,.T.);
#4269 = EDGE_CURVE('',#4245,#4270,#4272,.T.);
#4270 = VERTEX_POINT('',#4271);
#4271 = CARTESIAN_POINT('',(0.1,-2.24,0.9));
#4272 = LINE('',#4273,#4274);
#4273 = CARTESIAN_POINT('',(0.3,-2.24,0.9));
#4274 = VECTOR('',#4275,1.);
#4275 = DIRECTION('',(-1.,1.110223024625E-16,0.));
#4276 = ORIENTED_EDGE('',*,*,#4277,.T.);
#4277 = EDGE_CURVE('',#4270,#4278,#4280,.T.);
#4278 = VERTEX_POINT('',#4279);
#4279 = CARTESIAN_POINT('',(0.1,-2.24,7.4));
#4280 = LINE('',#4281,#4282);
#4281 = CARTESIAN_POINT('',(0.1,-2.24,6.055738799212));
#4282 = VECTOR('',#4283,1.);
#4283 = DIRECTION('',(0.,-0.,1.));
#4284 = ORIENTED_EDGE('',*,*,#4285,.F.);
#4285 = EDGE_CURVE('',#4286,#4278,#4288,.T.);
#4286 = VERTEX_POINT('',#4287);
#4287 = CARTESIAN_POINT('',(-0.1,-2.24,7.4));
#4288 = LINE('',#4289,#4290);
#4289 = CARTESIAN_POINT('',(-0.1,-2.24,7.4));
#4290 = VECTOR('',#4291,1.);
#4291 = DIRECTION('',(1.,-1.110223024625E-16,0.));
#4292 = ORIENTED_EDGE('',*,*,#4293,.F.);
#4293 = EDGE_CURVE('',#4294,#4286,#4296,.T.);
#4294 = VERTEX_POINT('',#4295);
#4295 = CARTESIAN_POINT('',(-0.1,-2.24,0.9));
#4296 = LINE('',#4297,#4298);
#4297 = CARTESIAN_POINT('',(-0.1,-2.24,6.055738799212));
#4298 = VECTOR('',#4299,1.);
#4299 = DIRECTION('',(0.,-0.,1.));
#4300 = ORIENTED_EDGE('',*,*,#4301,.T.);
#4301 = EDGE_CURVE('',#4294,#4302,#4304,.T.);
#4302 = VERTEX_POINT('',#4303);
#4303 = CARTESIAN_POINT('',(-0.3,-2.24,0.9));
#4304 = LINE('',#4305,#4306);
#4305 = CARTESIAN_POINT('',(0.3,-2.24,0.9));
#4306 = VECTOR('',#4307,1.);
#4307 = DIRECTION('',(-1.,1.110223024625E-16,0.));
#4308 = ORIENTED_EDGE('',*,*,#4309,.F.);
#4309 = EDGE_CURVE('',#2094,#4302,#4310,.T.);
#4310 = LINE('',#4311,#4312);
#4311 = CARTESIAN_POINT('',(-0.3,-2.24,8.2));
#4312 = VECTOR('',#4313,1.);
#4313 = DIRECTION('',(0.,-0.,-1.));
#4314 = PLANE('',#4315);
#4315 = AXIS2_PLACEMENT_3D('',#4316,#4317,#4318);
#4316 = CARTESIAN_POINT('',(0.3,-2.24,8.2));
#4317 = DIRECTION('',(1.110223024625E-16,1.,0.));
#4318 = DIRECTION('',(-1.,1.110223024625E-16,0.));
#4319 = ADVANCED_FACE('',(#4320),#4338,.F.);
#4320 = FACE_BOUND('',#4321,.F.);
#4321 = EDGE_LOOP('',(#4322,#4323,#4331,#4337));
#4322 = ORIENTED_EDGE('',*,*,#4309,.T.);
#4323 = ORIENTED_EDGE('',*,*,#4324,.T.);
#4324 = EDGE_CURVE('',#4302,#4325,#4327,.T.);
#4325 = VERTEX_POINT('',#4326);
#4326 = CARTESIAN_POINT('',(-0.3,-2.84,0.9));
#4327 = LINE('',#4328,#4329);
#4328 = CARTESIAN_POINT('',(-0.3,-2.24,0.9));
#4329 = VECTOR('',#4330,1.);
#4330 = DIRECTION('',(-1.110223024625E-16,-1.,0.));
#4331 = ORIENTED_EDGE('',*,*,#4332,.F.);
#4332 = EDGE_CURVE('',#2118,#4325,#4333,.T.);
#4333 = LINE('',#4334,#4335);
#4334 = CARTESIAN_POINT('',(-0.3,-2.84,8.2));
#4335 = VECTOR('',#4336,1.);
#4336 = DIRECTION('',(0.,-0.,-1.));
#4337 = ORIENTED_EDGE('',*,*,#2125,.F.);
#4338 = PLANE('',#4339);
#4339 = AXIS2_PLACEMENT_3D('',#4340,#4341,#4342);
#4340 = CARTESIAN_POINT('',(-0.3,-2.24,8.2));
#4341 = DIRECTION('',(-1.,1.110223024625E-16,0.));
#4342 = DIRECTION('',(-1.110223024625E-16,-1.,0.));
#4343 = ADVANCED_FACE('',(#4344),#4387,.F.);
#4344 = FACE_BOUND('',#4345,.F.);
#4345 = EDGE_LOOP('',(#4346,#4347,#4348,#4356,#4364,#4372,#4380,#4386));
#4346 = ORIENTED_EDGE('',*,*,#2142,.F.);
#4347 = ORIENTED_EDGE('',*,*,#4332,.T.);
#4348 = ORIENTED_EDGE('',*,*,#4349,.T.);
#4349 = EDGE_CURVE('',#4325,#4350,#4352,.T.);
#4350 = VERTEX_POINT('',#4351);
#4351 = CARTESIAN_POINT('',(-0.1,-2.84,0.9));
#4352 = LINE('',#4353,#4354);
#4353 = CARTESIAN_POINT('',(-0.3,-2.84,0.9));
#4354 = VECTOR('',#4355,1.);
#4355 = DIRECTION('',(1.,-1.110223024625E-16,0.));
#4356 = ORIENTED_EDGE('',*,*,#4357,.F.);
#4357 = EDGE_CURVE('',#4358,#4350,#4360,.T.);
#4358 = VERTEX_POINT('',#4359);
#4359 = CARTESIAN_POINT('',(-0.1,-2.84,7.4));
#4360 = LINE('',#4361,#4362);
#4361 = CARTESIAN_POINT('',(-0.1,-2.84,6.055738799212));
#4362 = VECTOR('',#4363,1.);
#4363 = DIRECTION('',(-0.,0.,-1.));
#4364 = ORIENTED_EDGE('',*,*,#4365,.T.);
#4365 = EDGE_CURVE('',#4358,#4366,#4368,.T.);
#4366 = VERTEX_POINT('',#4367);
#4367 = CARTESIAN_POINT('',(0.1,-2.84,7.4));
#4368 = LINE('',#4369,#4370);
#4369 = CARTESIAN_POINT('',(-0.1,-2.84,7.4));
#4370 = VECTOR('',#4371,1.);
#4371 = DIRECTION('',(1.,-1.110223024625E-16,0.));
#4372 = ORIENTED_EDGE('',*,*,#4373,.T.);
#4373 = EDGE_CURVE('',#4366,#4374,#4376,.T.);
#4374 = VERTEX_POINT('',#4375);
#4375 = CARTESIAN_POINT('',(0.1,-2.84,0.9));
#4376 = LINE('',#4377,#4378);
#4377 = CARTESIAN_POINT('',(0.1,-2.84,6.055738799212));
#4378 = VECTOR('',#4379,1.);
#4379 = DIRECTION('',(-0.,0.,-1.));
#4380 = ORIENTED_EDGE('',*,*,#4381,.T.);
#4381 = EDGE_CURVE('',#4374,#4237,#4382,.T.);
#4382 = LINE('',#4383,#4384);
#4383 = CARTESIAN_POINT('',(-0.3,-2.84,0.9));
#4384 = VECTOR('',#4385,1.);
#4385 = DIRECTION('',(1.,-1.110223024625E-16,0.));
#4386 = ORIENTED_EDGE('',*,*,#4236,.F.);
#4387 = PLANE('',#4388);
#4388 = AXIS2_PLACEMENT_3D('',#4389,#4390,#4391);
#4389 = CARTESIAN_POINT('',(-0.3,-2.84,8.2));
#4390 = DIRECTION('',(-1.110223024625E-16,-1.,0.));
#4391 = DIRECTION('',(1.,-1.110223024625E-16,0.));
#4392 = ADVANCED_FACE('',(#4393),#4418,.F.);
#4393 = FACE_BOUND('',#4394,.F.);
#4394 = EDGE_LOOP('',(#4395,#4403,#4411,#4417));
#4395 = ORIENTED_EDGE('',*,*,#4396,.T.);
#4396 = EDGE_CURVE('',#2157,#4397,#4399,.T.);
#4397 = VERTEX_POINT('',#4398);
#4398 = CARTESIAN_POINT('',(0.3,-0.3,0.9));
#4399 = LINE('',#4400,#4401);
#4400 = CARTESIAN_POINT('',(0.3,-0.3,8.2));
#4401 = VECTOR('',#4402,1.);
#4402 = DIRECTION('',(0.,-0.,-1.));
#4403 = ORIENTED_EDGE('',*,*,#4404,.T.);
#4404 = EDGE_CURVE('',#4397,#4405,#4407,.T.);
#4405 = VERTEX_POINT('',#4406);
#4406 = CARTESIAN_POINT('',(0.3,0.3,0.9));
#4407 = LINE('',#4408,#4409);
#4408 = CARTESIAN_POINT('',(0.3,-0.3,0.9));
#4409 = VECTOR('',#4410,1.);
#4410 = DIRECTION('',(1.110223024625E-16,1.,0.));
#4411 = ORIENTED_EDGE('',*,*,#4412,.F.);
#4412 = EDGE_CURVE('',#2166,#4405,#4413,.T.);
#4413 = LINE('',#4414,#4415);
#4414 = CARTESIAN_POINT('',(0.3,0.3,8.2));
#4415 = VECTOR('',#4416,1.);
#4416 = DIRECTION('',(0.,-0.,-1.));
#4417 = ORIENTED_EDGE('',*,*,#2173,.F.);
#4418 = PLANE('',#4419);
#4419 = AXIS2_PLACEMENT_3D('',#4420,#4421,#4422);
#4420 = CARTESIAN_POINT('',(0.3,-0.3,8.2));
#4421 = DIRECTION('',(1.,-1.110223024625E-16,0.));
#4422 = DIRECTION('',(1.110223024625E-16,1.,0.));
#4423 = ADVANCED_FACE('',(#4424),#4474,.F.);
#4424 = FACE_BOUND('',#4425,.F.);
#4425 = EDGE_LOOP('',(#4426,#4427,#4428,#4436,#4444,#4452,#4460,#4468));
#4426 = ORIENTED_EDGE('',*,*,#2197,.F.);
#4427 = ORIENTED_EDGE('',*,*,#4412,.T.);
#4428 = ORIENTED_EDGE('',*,*,#4429,.T.);
#4429 = EDGE_CURVE('',#4405,#4430,#4432,.T.);
#4430 = VERTEX_POINT('',#4431);
#4431 = CARTESIAN_POINT('',(0.1,0.3,0.9));
#4432 = LINE('',#4433,#4434);
#4433 = CARTESIAN_POINT('',(0.3,0.3,0.9));
#4434 = VECTOR('',#4435,1.);
#4435 = DIRECTION('',(-1.,1.110223024625E-16,0.));
#4436 = ORIENTED_EDGE('',*,*,#4437,.T.);
#4437 = EDGE_CURVE('',#4430,#4438,#4440,.T.);
#4438 = VERTEX_POINT('',#4439);
#4439 = CARTESIAN_POINT('',(0.1,0.3,7.4));
#4440 = LINE('',#4441,#4442);
#4441 = CARTESIAN_POINT('',(0.1,0.3,6.055738799212));
#4442 = VECTOR('',#4443,1.);
#4443 = DIRECTION('',(0.,-0.,1.));
#4444 = ORIENTED_EDGE('',*,*,#4445,.F.);
#4445 = EDGE_CURVE('',#4446,#4438,#4448,.T.);
#4446 = VERTEX_POINT('',#4447);
#4447 = CARTESIAN_POINT('',(-0.1,0.3,7.4));
#4448 = LINE('',#4449,#4450);
#4449 = CARTESIAN_POINT('',(-0.1,0.3,7.4));
#4450 = VECTOR('',#4451,1.);
#4451 = DIRECTION('',(1.,-1.110223024625E-16,0.));
#4452 = ORIENTED_EDGE('',*,*,#4453,.F.);
#4453 = EDGE_CURVE('',#4454,#4446,#4456,.T.);
#4454 = VERTEX_POINT('',#4455);
#4455 = CARTESIAN_POINT('',(-0.1,0.3,0.9));
#4456 = LINE('',#4457,#4458);
#4457 = CARTESIAN_POINT('',(-0.1,0.3,6.055738799212));
#4458 = VECTOR('',#4459,1.);
#4459 = DIRECTION('',(0.,-0.,1.));
#4460 = ORIENTED_EDGE('',*,*,#4461,.T.);
#4461 = EDGE_CURVE('',#4454,#4462,#4464,.T.);
#4462 = VERTEX_POINT('',#4463);
#4463 = CARTESIAN_POINT('',(-0.3,0.3,0.9));
#4464 = LINE('',#4465,#4466);
#4465 = CARTESIAN_POINT('',(0.3,0.3,0.9));
#4466 = VECTOR('',#4467,1.);
#4467 = DIRECTION('',(-1.,1.110223024625E-16,0.));
#4468 = ORIENTED_EDGE('',*,*,#4469,.F.);
#4469 = EDGE_CURVE('',#2190,#4462,#4470,.T.);
#4470 = LINE('',#4471,#4472);
#4471 = CARTESIAN_POINT('',(-0.3,0.3,8.2));
#4472 = VECTOR('',#4473,1.);
#4473 = DIRECTION('',(0.,-0.,-1.));
#4474 = PLANE('',#4475);
#4475 = AXIS2_PLACEMENT_3D('',#4476,#4477,#4478);
#4476 = CARTESIAN_POINT('',(0.3,0.3,8.2));
#4477 = DIRECTION('',(1.110223024625E-16,1.,0.));
#4478 = DIRECTION('',(-1.,1.110223024625E-16,0.));
#4479 = ADVANCED_FACE('',(#4480),#4498,.F.);
#4480 = FACE_BOUND('',#4481,.F.);
#4481 = EDGE_LOOP('',(#4482,#4483,#4491,#4497));
#4482 = ORIENTED_EDGE('',*,*,#4469,.T.);
#4483 = ORIENTED_EDGE('',*,*,#4484,.T.);
#4484 = EDGE_CURVE('',#4462,#4485,#4487,.T.);
#4485 = VERTEX_POINT('',#4486);
#4486 = CARTESIAN_POINT('',(-0.3,-0.3,0.9));
#4487 = LINE('',#4488,#4489);
#4488 = CARTESIAN_POINT('',(-0.3,0.3,0.9));
#4489 = VECTOR('',#4490,1.);
#4490 = DIRECTION('',(-1.110223024625E-16,-1.,0.));
#4491 = ORIENTED_EDGE('',*,*,#4492,.F.);
#4492 = EDGE_CURVE('',#2214,#4485,#4493,.T.);
#4493 = LINE('',#4494,#4495);
#4494 = CARTESIAN_POINT('',(-0.3,-0.3,8.2));
#4495 = VECTOR('',#4496,1.);
#4496 = DIRECTION('',(0.,-0.,-1.));
#4497 = ORIENTED_EDGE('',*,*,#2221,.F.);
#4498 = PLANE('',#4499);
#4499 = AXIS2_PLACEMENT_3D('',#4500,#4501,#4502);
#4500 = CARTESIAN_POINT('',(-0.3,0.3,8.2));
#4501 = DIRECTION('',(-1.,1.110223024625E-16,0.));
#4502 = DIRECTION('',(-1.110223024625E-16,-1.,0.));
#4503 = ADVANCED_FACE('',(#4504),#4547,.F.);
#4504 = FACE_BOUND('',#4505,.F.);
#4505 = EDGE_LOOP('',(#4506,#4507,#4508,#4516,#4524,#4532,#4540,#4546));
#4506 = ORIENTED_EDGE('',*,*,#2238,.F.);
#4507 = ORIENTED_EDGE('',*,*,#4492,.T.);
#4508 = ORIENTED_EDGE('',*,*,#4509,.T.);
#4509 = EDGE_CURVE('',#4485,#4510,#4512,.T.);
#4510 = VERTEX_POINT('',#4511);
#4511 = CARTESIAN_POINT('',(-0.1,-0.3,0.9));
#4512 = LINE('',#4513,#4514);
#4513 = CARTESIAN_POINT('',(-0.3,-0.3,0.9));
#4514 = VECTOR('',#4515,1.);
#4515 = DIRECTION('',(1.,-1.110223024625E-16,0.));
#4516 = ORIENTED_EDGE('',*,*,#4517,.F.);
#4517 = EDGE_CURVE('',#4518,#4510,#4520,.T.);
#4518 = VERTEX_POINT('',#4519);
#4519 = CARTESIAN_POINT('',(-0.1,-0.3,7.4));
#4520 = LINE('',#4521,#4522);
#4521 = CARTESIAN_POINT('',(-0.1,-0.3,6.055738799212));
#4522 = VECTOR('',#4523,1.);
#4523 = DIRECTION('',(-0.,0.,-1.));
#4524 = ORIENTED_EDGE('',*,*,#4525,.T.);
#4525 = EDGE_CURVE('',#4518,#4526,#4528,.T.);
#4526 = VERTEX_POINT('',#4527);
#4527 = CARTESIAN_POINT('',(0.1,-0.3,7.4));
#4528 = LINE('',#4529,#4530);
#4529 = CARTESIAN_POINT('',(-0.1,-0.3,7.4));
#4530 = VECTOR('',#4531,1.);
#4531 = DIRECTION('',(1.,-1.110223024625E-16,0.));
#4532 = ORIENTED_EDGE('',*,*,#4533,.T.);
#4533 = EDGE_CURVE('',#4526,#4534,#4536,.T.);
#4534 = VERTEX_POINT('',#4535);
#4535 = CARTESIAN_POINT('',(0.1,-0.3,0.9));
#4536 = LINE('',#4537,#4538);
#4537 = CARTESIAN_POINT('',(0.1,-0.3,6.055738799212));
#4538 = VECTOR('',#4539,1.);
#4539 = DIRECTION('',(-0.,0.,-1.));
#4540 = ORIENTED_EDGE('',*,*,#4541,.T.);
#4541 = EDGE_CURVE('',#4534,#4397,#4542,.T.);
#4542 = LINE('',#4543,#4544);
#4543 = CARTESIAN_POINT('',(-0.3,-0.3,0.9));
#4544 = VECTOR('',#4545,1.);
#4545 = DIRECTION('',(1.,-1.110223024625E-16,0.));
#4546 = ORIENTED_EDGE('',*,*,#4396,.F.);
#4547 = PLANE('',#4548);
#4548 = AXIS2_PLACEMENT_3D('',#4549,#4550,#4551);
#4549 = CARTESIAN_POINT('',(-0.3,-0.3,8.2));
#4550 = DIRECTION('',(-1.110223024625E-16,-1.,0.));
#4551 = DIRECTION('',(1.,-1.110223024625E-16,0.));
#4552 = ADVANCED_FACE('',(#4553),#4564,.T.);
#4553 = FACE_BOUND('',#4554,.T.);
#4554 = EDGE_LOOP('',(#4555,#4561,#4562,#4563));
#4555 = ORIENTED_EDGE('',*,*,#4556,.T.);
#4556 = EDGE_CURVE('',#2334,#2270,#4557,.T.);
#4557 = LINE('',#4558,#4559);
#4558 = CARTESIAN_POINT('',(-0.1,-18.08,-2.5));
#4559 = VECTOR('',#4560,1.);
#4560 = DIRECTION('',(1.,-1.110223024625E-16,0.));
#4561 = ORIENTED_EDGE('',*,*,#2269,.T.);
#4562 = ORIENTED_EDGE('',*,*,#2254,.F.);
#4563 = ORIENTED_EDGE('',*,*,#2333,.F.);
#4564 = PLANE('',#4565);
#4565 = AXIS2_PLACEMENT_3D('',#4566,#4567,#4568);
#4566 = CARTESIAN_POINT('',(-0.1,-18.08,-2.5));
#4567 = DIRECTION('',(-1.110223024625E-16,-1.,0.));
#4568 = DIRECTION('',(0.,0.,1.));
#4569 = ADVANCED_FACE('',(#4570),#4581,.T.);
#4570 = FACE_BOUND('',#4571,.T.);
#4571 = EDGE_LOOP('',(#4572,#4578,#4579,#4580));
#4572 = ORIENTED_EDGE('',*,*,#4573,.T.);
#4573 = EDGE_CURVE('',#2359,#2295,#4574,.T.);
#4574 = LINE('',#4575,#4576);
#4575 = CARTESIAN_POINT('',(-0.1,-17.93,-3.1));
#4576 = VECTOR('',#4577,1.);
#4577 = DIRECTION('',(1.,-1.110223024625E-16,0.));
#4578 = ORIENTED_EDGE('',*,*,#2302,.T.);
#4579 = ORIENTED_EDGE('',*,*,#4556,.F.);
#4580 = ORIENTED_EDGE('',*,*,#2366,.F.);
#4581 = PLANE('',#4582);
#4582 = AXIS2_PLACEMENT_3D('',#4583,#4584,#4585);
#4583 = CARTESIAN_POINT('',(-0.1,-17.93,-3.1));
#4584 = DIRECTION('',(-1.077074540829E-16,-0.970142500145,
    -0.242535625036));
#4585 = DIRECTION('',(-2.692686352073E-17,-0.242535625036,0.970142500145
    ));
#4586 = ADVANCED_FACE('',(#4587),#4598,.T.);
#4587 = FACE_BOUND('',#4588,.T.);
#4588 = EDGE_LOOP('',(#4589,#4595,#4596,#4597));
#4589 = ORIENTED_EDGE('',*,*,#4590,.T.);
#4590 = EDGE_CURVE('',#2351,#2287,#4591,.T.);
#4591 = LINE('',#4592,#4593);
#4592 = CARTESIAN_POINT('',(-0.1,-17.63,-3.1));
#4593 = VECTOR('',#4594,1.);
#4594 = DIRECTION('',(1.,-1.110223024625E-16,0.));
#4595 = ORIENTED_EDGE('',*,*,#2294,.T.);
#4596 = ORIENTED_EDGE('',*,*,#4573,.F.);
#4597 = ORIENTED_EDGE('',*,*,#2358,.T.);
#4598 = PLANE('',#4599);
#4599 = AXIS2_PLACEMENT_3D('',#4600,#4601,#4602);
#4600 = CARTESIAN_POINT('',(-0.1,-17.63,-3.1));
#4601 = DIRECTION('',(0.,-0.,-1.));
#4602 = DIRECTION('',(-1.110223024625E-16,-1.,0.));
#4603 = ADVANCED_FACE('',(#4604),#4615,.T.);
#4604 = FACE_BOUND('',#4605,.T.);
#4605 = EDGE_LOOP('',(#4606,#4612,#4613,#4614));
#4606 = ORIENTED_EDGE('',*,*,#4607,.T.);
#4607 = EDGE_CURVE('',#2343,#2279,#4608,.T.);
#4608 = LINE('',#4609,#4610);
#4609 = CARTESIAN_POINT('',(-0.1,-17.48,-2.5));
#4610 = VECTOR('',#4611,1.);
#4611 = DIRECTION('',(1.,-1.110223024625E-16,0.));
#4612 = ORIENTED_EDGE('',*,*,#2286,.T.);
#4613 = ORIENTED_EDGE('',*,*,#4590,.F.);
#4614 = ORIENTED_EDGE('',*,*,#2350,.F.);
#4615 = PLANE('',#4616);
#4616 = AXIS2_PLACEMENT_3D('',#4617,#4618,#4619);
#4617 = CARTESIAN_POINT('',(-0.1,-17.48,-2.5));
#4618 = DIRECTION('',(1.077074540829E-16,0.970142500145,-0.242535625036)
  );
#4619 = DIRECTION('',(-2.692686352073E-17,-0.242535625036,
    -0.970142500145));
#4620 = ADVANCED_FACE('',(#4621),#4627,.T.);
#4621 = FACE_BOUND('',#4622,.T.);
#4622 = EDGE_LOOP('',(#4623,#4624,#4625,#4626));
#4623 = ORIENTED_EDGE('',*,*,#2316,.T.);
#4624 = ORIENTED_EDGE('',*,*,#2278,.T.);
#4625 = ORIENTED_EDGE('',*,*,#4607,.F.);
#4626 = ORIENTED_EDGE('',*,*,#2342,.F.);
#4627 = PLANE('',#4628);
#4628 = AXIS2_PLACEMENT_3D('',#4629,#4630,#4631);
#4629 = CARTESIAN_POINT('',(-0.1,-17.48,0.2));
#4630 = DIRECTION('',(1.110223024625E-16,1.,0.));
#4631 = DIRECTION('',(0.,0.,-1.));
#4632 = ADVANCED_FACE('',(#4633),#4644,.T.);
#4633 = FACE_BOUND('',#4634,.T.);
#4634 = EDGE_LOOP('',(#4635,#4641,#4642,#4643));
#4635 = ORIENTED_EDGE('',*,*,#4636,.T.);
#4636 = EDGE_CURVE('',#2462,#2398,#4637,.T.);
#4637 = LINE('',#4638,#4639);
#4638 = CARTESIAN_POINT('',(-0.1,-15.54,-2.5));
#4639 = VECTOR('',#4640,1.);
#4640 = DIRECTION('',(1.,-1.110223024625E-16,0.));
#4641 = ORIENTED_EDGE('',*,*,#2397,.T.);
#4642 = ORIENTED_EDGE('',*,*,#2382,.F.);
#4643 = ORIENTED_EDGE('',*,*,#2461,.F.);
#4644 = PLANE('',#4645);
#4645 = AXIS2_PLACEMENT_3D('',#4646,#4647,#4648);
#4646 = CARTESIAN_POINT('',(-0.1,-15.54,-2.5));
#4647 = DIRECTION('',(-1.110223024625E-16,-1.,0.));
#4648 = DIRECTION('',(0.,0.,1.));
#4649 = ADVANCED_FACE('',(#4650),#4661,.T.);
#4650 = FACE_BOUND('',#4651,.T.);
#4651 = EDGE_LOOP('',(#4652,#4658,#4659,#4660));
#4652 = ORIENTED_EDGE('',*,*,#4653,.T.);
#4653 = EDGE_CURVE('',#2487,#2423,#4654,.T.);
#4654 = LINE('',#4655,#4656);
#4655 = CARTESIAN_POINT('',(-0.1,-15.39,-3.1));
#4656 = VECTOR('',#4657,1.);
#4657 = DIRECTION('',(1.,-1.110223024625E-16,0.));
#4658 = ORIENTED_EDGE('',*,*,#2430,.T.);
#4659 = ORIENTED_EDGE('',*,*,#4636,.F.);
#4660 = ORIENTED_EDGE('',*,*,#2494,.F.);
#4661 = PLANE('',#4662);
#4662 = AXIS2_PLACEMENT_3D('',#4663,#4664,#4665);
#4663 = CARTESIAN_POINT('',(-0.1,-15.39,-3.1));
#4664 = DIRECTION('',(-1.077074540829E-16,-0.970142500145,
    -0.242535625036));
#4665 = DIRECTION('',(-2.692686352073E-17,-0.242535625036,0.970142500145
    ));
#4666 = ADVANCED_FACE('',(#4667),#4678,.T.);
#4667 = FACE_BOUND('',#4668,.T.);
#4668 = EDGE_LOOP('',(#4669,#4675,#4676,#4677));
#4669 = ORIENTED_EDGE('',*,*,#4670,.T.);
#4670 = EDGE_CURVE('',#2479,#2415,#4671,.T.);
#4671 = LINE('',#4672,#4673);
#4672 = CARTESIAN_POINT('',(-0.1,-15.09,-3.1));
#4673 = VECTOR('',#4674,1.);
#4674 = DIRECTION('',(1.,-1.110223024625E-16,0.));
#4675 = ORIENTED_EDGE('',*,*,#2422,.T.);
#4676 = ORIENTED_EDGE('',*,*,#4653,.F.);
#4677 = ORIENTED_EDGE('',*,*,#2486,.T.);
#4678 = PLANE('',#4679);
#4679 = AXIS2_PLACEMENT_3D('',#4680,#4681,#4682);
#4680 = CARTESIAN_POINT('',(-0.1,-15.09,-3.1));
#4681 = DIRECTION('',(0.,-0.,-1.));
#4682 = DIRECTION('',(-1.110223024625E-16,-1.,0.));
#4683 = ADVANCED_FACE('',(#4684),#4695,.T.);
#4684 = FACE_BOUND('',#4685,.T.);
#4685 = EDGE_LOOP('',(#4686,#4692,#4693,#4694));
#4686 = ORIENTED_EDGE('',*,*,#4687,.T.);
#4687 = EDGE_CURVE('',#2471,#2407,#4688,.T.);
#4688 = LINE('',#4689,#4690);
#4689 = CARTESIAN_POINT('',(-0.1,-14.94,-2.5));
#4690 = VECTOR('',#4691,1.);
#4691 = DIRECTION('',(1.,-1.110223024625E-16,0.));
#4692 = ORIENTED_EDGE('',*,*,#2414,.T.);
#4693 = ORIENTED_EDGE('',*,*,#4670,.F.);
#4694 = ORIENTED_EDGE('',*,*,#2478,.F.);
#4695 = PLANE('',#4696);
#4696 = AXIS2_PLACEMENT_3D('',#4697,#4698,#4699);
#4697 = CARTESIAN_POINT('',(-0.1,-14.94,-2.5));
#4698 = DIRECTION('',(1.077074540829E-16,0.970142500145,-0.242535625036)
  );
#4699 = DIRECTION('',(-2.692686352073E-17,-0.242535625036,
    -0.970142500145));
#4700 = ADVANCED_FACE('',(#4701),#4707,.T.);
#4701 = FACE_BOUND('',#4702,.T.);
#4702 = EDGE_LOOP('',(#4703,#4704,#4705,#4706));
#4703 = ORIENTED_EDGE('',*,*,#2444,.T.);
#4704 = ORIENTED_EDGE('',*,*,#2406,.T.);
#4705 = ORIENTED_EDGE('',*,*,#4687,.F.);
#4706 = ORIENTED_EDGE('',*,*,#2470,.F.);
#4707 = PLANE('',#4708);
#4708 = AXIS2_PLACEMENT_3D('',#4709,#4710,#4711);
#4709 = CARTESIAN_POINT('',(-0.1,-14.94,0.2));
#4710 = DIRECTION('',(1.110223024625E-16,1.,0.));
#4711 = DIRECTION('',(0.,0.,-1.));
#4712 = ADVANCED_FACE('',(#4713),#4724,.T.);
#4713 = FACE_BOUND('',#4714,.T.);
#4714 = EDGE_LOOP('',(#4715,#4721,#4722,#4723));
#4715 = ORIENTED_EDGE('',*,*,#4716,.T.);
#4716 = EDGE_CURVE('',#2590,#2526,#4717,.T.);
#4717 = LINE('',#4718,#4719);
#4718 = CARTESIAN_POINT('',(-0.1,-13.,-2.5));
#4719 = VECTOR('',#4720,1.);
#4720 = DIRECTION('',(1.,-1.110223024625E-16,0.));
#4721 = ORIENTED_EDGE('',*,*,#2525,.T.);
#4722 = ORIENTED_EDGE('',*,*,#2510,.F.);
#4723 = ORIENTED_EDGE('',*,*,#2589,.F.);
#4724 = PLANE('',#4725);
#4725 = AXIS2_PLACEMENT_3D('',#4726,#4727,#4728);
#4726 = CARTESIAN_POINT('',(-0.1,-13.,-2.5));
#4727 = DIRECTION('',(-1.110223024625E-16,-1.,0.));
#4728 = DIRECTION('',(0.,0.,1.));
#4729 = ADVANCED_FACE('',(#4730),#4741,.T.);
#4730 = FACE_BOUND('',#4731,.T.);
#4731 = EDGE_LOOP('',(#4732,#4738,#4739,#4740));
#4732 = ORIENTED_EDGE('',*,*,#4733,.T.);
#4733 = EDGE_CURVE('',#2615,#2551,#4734,.T.);
#4734 = LINE('',#4735,#4736);
#4735 = CARTESIAN_POINT('',(-0.1,-12.85,-3.1));
#4736 = VECTOR('',#4737,1.);
#4737 = DIRECTION('',(1.,-1.110223024625E-16,0.));
#4738 = ORIENTED_EDGE('',*,*,#2558,.T.);
#4739 = ORIENTED_EDGE('',*,*,#4716,.F.);
#4740 = ORIENTED_EDGE('',*,*,#2622,.F.);
#4741 = PLANE('',#4742);
#4742 = AXIS2_PLACEMENT_3D('',#4743,#4744,#4745);
#4743 = CARTESIAN_POINT('',(-0.1,-12.85,-3.1));
#4744 = DIRECTION('',(-1.077074540829E-16,-0.970142500145,
    -0.242535625036));
#4745 = DIRECTION('',(-2.692686352073E-17,-0.242535625036,0.970142500145
    ));
#4746 = ADVANCED_FACE('',(#4747),#4758,.T.);
#4747 = FACE_BOUND('',#4748,.T.);
#4748 = EDGE_LOOP('',(#4749,#4755,#4756,#4757));
#4749 = ORIENTED_EDGE('',*,*,#4750,.T.);
#4750 = EDGE_CURVE('',#2607,#2543,#4751,.T.);
#4751 = LINE('',#4752,#4753);
#4752 = CARTESIAN_POINT('',(-0.1,-12.55,-3.1));
#4753 = VECTOR('',#4754,1.);
#4754 = DIRECTION('',(1.,-1.110223024625E-16,0.));
#4755 = ORIENTED_EDGE('',*,*,#2550,.T.);
#4756 = ORIENTED_EDGE('',*,*,#4733,.F.);
#4757 = ORIENTED_EDGE('',*,*,#2614,.T.);
#4758 = PLANE('',#4759);
#4759 = AXIS2_PLACEMENT_3D('',#4760,#4761,#4762);
#4760 = CARTESIAN_POINT('',(-0.1,-12.55,-3.1));
#4761 = DIRECTION('',(0.,-0.,-1.));
#4762 = DIRECTION('',(-1.110223024625E-16,-1.,0.));
#4763 = ADVANCED_FACE('',(#4764),#4775,.T.);
#4764 = FACE_BOUND('',#4765,.T.);
#4765 = EDGE_LOOP('',(#4766,#4772,#4773,#4774));
#4766 = ORIENTED_EDGE('',*,*,#4767,.T.);
#4767 = EDGE_CURVE('',#2599,#2535,#4768,.T.);
#4768 = LINE('',#4769,#4770);
#4769 = CARTESIAN_POINT('',(-0.1,-12.4,-2.5));
#4770 = VECTOR('',#4771,1.);
#4771 = DIRECTION('',(1.,-1.110223024625E-16,0.));
#4772 = ORIENTED_EDGE('',*,*,#2542,.T.);
#4773 = ORIENTED_EDGE('',*,*,#4750,.F.);
#4774 = ORIENTED_EDGE('',*,*,#2606,.F.);
#4775 = PLANE('',#4776);
#4776 = AXIS2_PLACEMENT_3D('',#4777,#4778,#4779);
#4777 = CARTESIAN_POINT('',(-0.1,-12.4,-2.5));
#4778 = DIRECTION('',(1.077074540829E-16,0.970142500145,-0.242535625036)
  );
#4779 = DIRECTION('',(-2.692686352073E-17,-0.242535625036,
    -0.970142500145));
#4780 = ADVANCED_FACE('',(#4781),#4787,.T.);
#4781 = FACE_BOUND('',#4782,.T.);
#4782 = EDGE_LOOP('',(#4783,#4784,#4785,#4786));
#4783 = ORIENTED_EDGE('',*,*,#2572,.T.);
#4784 = ORIENTED_EDGE('',*,*,#2534,.T.);
#4785 = ORIENTED_EDGE('',*,*,#4767,.F.);
#4786 = ORIENTED_EDGE('',*,*,#2598,.F.);
#4787 = PLANE('',#4788);
#4788 = AXIS2_PLACEMENT_3D('',#4789,#4790,#4791);
#4789 = CARTESIAN_POINT('',(-0.1,-12.4,0.2));
#4790 = DIRECTION('',(1.110223024625E-16,1.,0.));
#4791 = DIRECTION('',(0.,0.,-1.));
#4792 = ADVANCED_FACE('',(#4793),#4804,.T.);
#4793 = FACE_BOUND('',#4794,.T.);
#4794 = EDGE_LOOP('',(#4795,#4801,#4802,#4803));
#4795 = ORIENTED_EDGE('',*,*,#4796,.T.);
#4796 = EDGE_CURVE('',#2718,#2654,#4797,.T.);
#4797 = LINE('',#4798,#4799);
#4798 = CARTESIAN_POINT('',(-0.1,-10.46,-2.5));
#4799 = VECTOR('',#4800,1.);
#4800 = DIRECTION('',(1.,-1.110223024625E-16,0.));
#4801 = ORIENTED_EDGE('',*,*,#2653,.T.);
#4802 = ORIENTED_EDGE('',*,*,#2638,.F.);
#4803 = ORIENTED_EDGE('',*,*,#2717,.F.);
#4804 = PLANE('',#4805);
#4805 = AXIS2_PLACEMENT_3D('',#4806,#4807,#4808);
#4806 = CARTESIAN_POINT('',(-0.1,-10.46,-2.5));
#4807 = DIRECTION('',(-1.110223024625E-16,-1.,0.));
#4808 = DIRECTION('',(0.,0.,1.));
#4809 = ADVANCED_FACE('',(#4810),#4821,.T.);
#4810 = FACE_BOUND('',#4811,.T.);
#4811 = EDGE_LOOP('',(#4812,#4818,#4819,#4820));
#4812 = ORIENTED_EDGE('',*,*,#4813,.T.);
#4813 = EDGE_CURVE('',#2743,#2679,#4814,.T.);
#4814 = LINE('',#4815,#4816);
#4815 = CARTESIAN_POINT('',(-0.1,-10.31,-3.1));
#4816 = VECTOR('',#4817,1.);
#4817 = DIRECTION('',(1.,-1.110223024625E-16,0.));
#4818 = ORIENTED_EDGE('',*,*,#2686,.T.);
#4819 = ORIENTED_EDGE('',*,*,#4796,.F.);
#4820 = ORIENTED_EDGE('',*,*,#2750,.F.);
#4821 = PLANE('',#4822);
#4822 = AXIS2_PLACEMENT_3D('',#4823,#4824,#4825);
#4823 = CARTESIAN_POINT('',(-0.1,-10.31,-3.1));
#4824 = DIRECTION('',(-1.077074540829E-16,-0.970142500145,
    -0.242535625036));
#4825 = DIRECTION('',(-2.692686352073E-17,-0.242535625036,0.970142500145
    ));
#4826 = ADVANCED_FACE('',(#4827),#4838,.T.);
#4827 = FACE_BOUND('',#4828,.T.);
#4828 = EDGE_LOOP('',(#4829,#4835,#4836,#4837));
#4829 = ORIENTED_EDGE('',*,*,#4830,.T.);
#4830 = EDGE_CURVE('',#2735,#2671,#4831,.T.);
#4831 = LINE('',#4832,#4833);
#4832 = CARTESIAN_POINT('',(-0.1,-10.01,-3.1));
#4833 = VECTOR('',#4834,1.);
#4834 = DIRECTION('',(1.,-1.110223024625E-16,0.));
#4835 = ORIENTED_EDGE('',*,*,#2678,.T.);
#4836 = ORIENTED_EDGE('',*,*,#4813,.F.);
#4837 = ORIENTED_EDGE('',*,*,#2742,.T.);
#4838 = PLANE('',#4839);
#4839 = AXIS2_PLACEMENT_3D('',#4840,#4841,#4842);
#4840 = CARTESIAN_POINT('',(-0.1,-10.01,-3.1));
#4841 = DIRECTION('',(0.,-0.,-1.));
#4842 = DIRECTION('',(-1.110223024625E-16,-1.,0.));
#4843 = ADVANCED_FACE('',(#4844),#4855,.T.);
#4844 = FACE_BOUND('',#4845,.T.);
#4845 = EDGE_LOOP('',(#4846,#4852,#4853,#4854));
#4846 = ORIENTED_EDGE('',*,*,#4847,.T.);
#4847 = EDGE_CURVE('',#2727,#2663,#4848,.T.);
#4848 = LINE('',#4849,#4850);
#4849 = CARTESIAN_POINT('',(-0.1,-9.86,-2.5));
#4850 = VECTOR('',#4851,1.);
#4851 = DIRECTION('',(1.,-1.110223024625E-16,0.));
#4852 = ORIENTED_EDGE('',*,*,#2670,.T.);
#4853 = ORIENTED_EDGE('',*,*,#4830,.F.);
#4854 = ORIENTED_EDGE('',*,*,#2734,.F.);
#4855 = PLANE('',#4856);
#4856 = AXIS2_PLACEMENT_3D('',#4857,#4858,#4859);
#4857 = CARTESIAN_POINT('',(-0.1,-9.86,-2.5));
#4858 = DIRECTION('',(1.077074540829E-16,0.970142500145,-0.242535625036)
  );
#4859 = DIRECTION('',(-2.692686352073E-17,-0.242535625036,
    -0.970142500145));
#4860 = ADVANCED_FACE('',(#4861),#4867,.T.);
#4861 = FACE_BOUND('',#4862,.T.);
#4862 = EDGE_LOOP('',(#4863,#4864,#4865,#4866));
#4863 = ORIENTED_EDGE('',*,*,#2700,.T.);
#4864 = ORIENTED_EDGE('',*,*,#2662,.T.);
#4865 = ORIENTED_EDGE('',*,*,#4847,.F.);
#4866 = ORIENTED_EDGE('',*,*,#2726,.F.);
#4867 = PLANE('',#4868);
#4868 = AXIS2_PLACEMENT_3D('',#4869,#4870,#4871);
#4869 = CARTESIAN_POINT('',(-0.1,-9.86,0.2));
#4870 = DIRECTION('',(1.110223024625E-16,1.,0.));
#4871 = DIRECTION('',(0.,0.,-1.));
#4872 = ADVANCED_FACE('',(#4873),#4884,.T.);
#4873 = FACE_BOUND('',#4874,.T.);
#4874 = EDGE_LOOP('',(#4875,#4881,#4882,#4883));
#4875 = ORIENTED_EDGE('',*,*,#4876,.T.);
#4876 = EDGE_CURVE('',#2846,#2782,#4877,.T.);
#4877 = LINE('',#4878,#4879);
#4878 = CARTESIAN_POINT('',(-0.1,-7.92,-2.5));
#4879 = VECTOR('',#4880,1.);
#4880 = DIRECTION('',(1.,-1.110223024625E-16,0.));
#4881 = ORIENTED_EDGE('',*,*,#2781,.T.);
#4882 = ORIENTED_EDGE('',*,*,#2766,.F.);
#4883 = ORIENTED_EDGE('',*,*,#2845,.F.);
#4884 = PLANE('',#4885);
#4885 = AXIS2_PLACEMENT_3D('',#4886,#4887,#4888);
#4886 = CARTESIAN_POINT('',(-0.1,-7.92,-2.5));
#4887 = DIRECTION('',(-1.110223024625E-16,-1.,0.));
#4888 = DIRECTION('',(0.,0.,1.));
#4889 = ADVANCED_FACE('',(#4890),#4901,.T.);
#4890 = FACE_BOUND('',#4891,.T.);
#4891 = EDGE_LOOP('',(#4892,#4898,#4899,#4900));
#4892 = ORIENTED_EDGE('',*,*,#4893,.T.);
#4893 = EDGE_CURVE('',#2871,#2807,#4894,.T.);
#4894 = LINE('',#4895,#4896);
#4895 = CARTESIAN_POINT('',(-0.1,-7.77,-3.1));
#4896 = VECTOR('',#4897,1.);
#4897 = DIRECTION('',(1.,-1.110223024625E-16,0.));
#4898 = ORIENTED_EDGE('',*,*,#2814,.T.);
#4899 = ORIENTED_EDGE('',*,*,#4876,.F.);
#4900 = ORIENTED_EDGE('',*,*,#2878,.F.);
#4901 = PLANE('',#4902);
#4902 = AXIS2_PLACEMENT_3D('',#4903,#4904,#4905);
#4903 = CARTESIAN_POINT('',(-0.1,-7.77,-3.1));
#4904 = DIRECTION('',(-1.077074540829E-16,-0.970142500145,
    -0.242535625036));
#4905 = DIRECTION('',(-2.692686352073E-17,-0.242535625036,0.970142500145
    ));
#4906 = ADVANCED_FACE('',(#4907),#4918,.T.);
#4907 = FACE_BOUND('',#4908,.T.);
#4908 = EDGE_LOOP('',(#4909,#4915,#4916,#4917));
#4909 = ORIENTED_EDGE('',*,*,#4910,.T.);
#4910 = EDGE_CURVE('',#2863,#2799,#4911,.T.);
#4911 = LINE('',#4912,#4913);
#4912 = CARTESIAN_POINT('',(-0.1,-7.47,-3.1));
#4913 = VECTOR('',#4914,1.);
#4914 = DIRECTION('',(1.,-1.110223024625E-16,0.));
#4915 = ORIENTED_EDGE('',*,*,#2806,.T.);
#4916 = ORIENTED_EDGE('',*,*,#4893,.F.);
#4917 = ORIENTED_EDGE('',*,*,#2870,.T.);
#4918 = PLANE('',#4919);
#4919 = AXIS2_PLACEMENT_3D('',#4920,#4921,#4922);
#4920 = CARTESIAN_POINT('',(-0.1,-7.47,-3.1));
#4921 = DIRECTION('',(0.,-0.,-1.));
#4922 = DIRECTION('',(-1.110223024625E-16,-1.,0.));
#4923 = ADVANCED_FACE('',(#4924),#4935,.T.);
#4924 = FACE_BOUND('',#4925,.T.);
#4925 = EDGE_LOOP('',(#4926,#4932,#4933,#4934));
#4926 = ORIENTED_EDGE('',*,*,#4927,.T.);
#4927 = EDGE_CURVE('',#2855,#2791,#4928,.T.);
#4928 = LINE('',#4929,#4930);
#4929 = CARTESIAN_POINT('',(-0.1,-7.32,-2.5));
#4930 = VECTOR('',#4931,1.);
#4931 = DIRECTION('',(1.,-1.110223024625E-16,0.));
#4932 = ORIENTED_EDGE('',*,*,#2798,.T.);
#4933 = ORIENTED_EDGE('',*,*,#4910,.F.);
#4934 = ORIENTED_EDGE('',*,*,#2862,.F.);
#4935 = PLANE('',#4936);
#4936 = AXIS2_PLACEMENT_3D('',#4937,#4938,#4939);
#4937 = CARTESIAN_POINT('',(-0.1,-7.32,-2.5));
#4938 = DIRECTION('',(1.077074540829E-16,0.970142500145,-0.242535625036)
  );
#4939 = DIRECTION('',(-2.692686352073E-17,-0.242535625036,
    -0.970142500145));
#4940 = ADVANCED_FACE('',(#4941),#4947,.T.);
#4941 = FACE_BOUND('',#4942,.T.);
#4942 = EDGE_LOOP('',(#4943,#4944,#4945,#4946));
#4943 = ORIENTED_EDGE('',*,*,#2828,.T.);
#4944 = ORIENTED_EDGE('',*,*,#2790,.T.);
#4945 = ORIENTED_EDGE('',*,*,#4927,.F.);
#4946 = ORIENTED_EDGE('',*,*,#2854,.F.);
#4947 = PLANE('',#4948);
#4948 = AXIS2_PLACEMENT_3D('',#4949,#4950,#4951);
#4949 = CARTESIAN_POINT('',(-0.1,-7.32,0.2));
#4950 = DIRECTION('',(1.110223024625E-16,1.,0.));
#4951 = DIRECTION('',(0.,0.,-1.));
#4952 = ADVANCED_FACE('',(#4953),#4964,.T.);
#4953 = FACE_BOUND('',#4954,.T.);
#4954 = EDGE_LOOP('',(#4955,#4961,#4962,#4963));
#4955 = ORIENTED_EDGE('',*,*,#4956,.T.);
#4956 = EDGE_CURVE('',#2974,#2910,#4957,.T.);
#4957 = LINE('',#4958,#4959);
#4958 = CARTESIAN_POINT('',(-0.1,-5.38,-2.5));
#4959 = VECTOR('',#4960,1.);
#4960 = DIRECTION('',(1.,-1.110223024625E-16,0.));
#4961 = ORIENTED_EDGE('',*,*,#2909,.T.);
#4962 = ORIENTED_EDGE('',*,*,#2894,.F.);
#4963 = ORIENTED_EDGE('',*,*,#2973,.F.);
#4964 = PLANE('',#4965);
#4965 = AXIS2_PLACEMENT_3D('',#4966,#4967,#4968);
#4966 = CARTESIAN_POINT('',(-0.1,-5.38,-2.5));
#4967 = DIRECTION('',(-1.110223024625E-16,-1.,0.));
#4968 = DIRECTION('',(0.,0.,1.));
#4969 = ADVANCED_FACE('',(#4970),#4981,.T.);
#4970 = FACE_BOUND('',#4971,.T.);
#4971 = EDGE_LOOP('',(#4972,#4978,#4979,#4980));
#4972 = ORIENTED_EDGE('',*,*,#4973,.T.);
#4973 = EDGE_CURVE('',#2999,#2935,#4974,.T.);
#4974 = LINE('',#4975,#4976);
#4975 = CARTESIAN_POINT('',(-0.1,-5.23,-3.1));
#4976 = VECTOR('',#4977,1.);
#4977 = DIRECTION('',(1.,-1.110223024625E-16,0.));
#4978 = ORIENTED_EDGE('',*,*,#2942,.T.);
#4979 = ORIENTED_EDGE('',*,*,#4956,.F.);
#4980 = ORIENTED_EDGE('',*,*,#3006,.F.);
#4981 = PLANE('',#4982);
#4982 = AXIS2_PLACEMENT_3D('',#4983,#4984,#4985);
#4983 = CARTESIAN_POINT('',(-0.1,-5.23,-3.1));
#4984 = DIRECTION('',(-1.077074540829E-16,-0.970142500145,
    -0.242535625036));
#4985 = DIRECTION('',(-2.692686352073E-17,-0.242535625036,0.970142500145
    ));
#4986 = ADVANCED_FACE('',(#4987),#4998,.T.);
#4987 = FACE_BOUND('',#4988,.T.);
#4988 = EDGE_LOOP('',(#4989,#4995,#4996,#4997));
#4989 = ORIENTED_EDGE('',*,*,#4990,.T.);
#4990 = EDGE_CURVE('',#2991,#2927,#4991,.T.);
#4991 = LINE('',#4992,#4993);
#4992 = CARTESIAN_POINT('',(-0.1,-4.93,-3.1));
#4993 = VECTOR('',#4994,1.);
#4994 = DIRECTION('',(1.,-1.110223024625E-16,0.));
#4995 = ORIENTED_EDGE('',*,*,#2934,.T.);
#4996 = ORIENTED_EDGE('',*,*,#4973,.F.);
#4997 = ORIENTED_EDGE('',*,*,#2998,.T.);
#4998 = PLANE('',#4999);
#4999 = AXIS2_PLACEMENT_3D('',#5000,#5001,#5002);
#5000 = CARTESIAN_POINT('',(-0.1,-4.93,-3.1));
#5001 = DIRECTION('',(0.,-0.,-1.));
#5002 = DIRECTION('',(-1.110223024625E-16,-1.,0.));
#5003 = ADVANCED_FACE('',(#5004),#5015,.T.);
#5004 = FACE_BOUND('',#5005,.T.);
#5005 = EDGE_LOOP('',(#5006,#5012,#5013,#5014));
#5006 = ORIENTED_EDGE('',*,*,#5007,.T.);
#5007 = EDGE_CURVE('',#2983,#2919,#5008,.T.);
#5008 = LINE('',#5009,#5010);
#5009 = CARTESIAN_POINT('',(-0.1,-4.78,-2.5));
#5010 = VECTOR('',#5011,1.);
#5011 = DIRECTION('',(1.,-1.110223024625E-16,0.));
#5012 = ORIENTED_EDGE('',*,*,#2926,.T.);
#5013 = ORIENTED_EDGE('',*,*,#4990,.F.);
#5014 = ORIENTED_EDGE('',*,*,#2990,.F.);
#5015 = PLANE('',#5016);
#5016 = AXIS2_PLACEMENT_3D('',#5017,#5018,#5019);
#5017 = CARTESIAN_POINT('',(-0.1,-4.78,-2.5));
#5018 = DIRECTION('',(1.077074540829E-16,0.970142500145,-0.242535625036)
  );
#5019 = DIRECTION('',(-2.692686352073E-17,-0.242535625036,
    -0.970142500145));
#5020 = ADVANCED_FACE('',(#5021),#5027,.T.);
#5021 = FACE_BOUND('',#5022,.T.);
#5022 = EDGE_LOOP('',(#5023,#5024,#5025,#5026));
#5023 = ORIENTED_EDGE('',*,*,#2956,.T.);
#5024 = ORIENTED_EDGE('',*,*,#2918,.T.);
#5025 = ORIENTED_EDGE('',*,*,#5007,.F.);
#5026 = ORIENTED_EDGE('',*,*,#2982,.F.);
#5027 = PLANE('',#5028);
#5028 = AXIS2_PLACEMENT_3D('',#5029,#5030,#5031);
#5029 = CARTESIAN_POINT('',(-0.1,-4.78,0.2));
#5030 = DIRECTION('',(1.110223024625E-16,1.,0.));
#5031 = DIRECTION('',(0.,0.,-1.));
#5032 = ADVANCED_FACE('',(#5033),#5044,.T.);
#5033 = FACE_BOUND('',#5034,.T.);
#5034 = EDGE_LOOP('',(#5035,#5041,#5042,#5043));
#5035 = ORIENTED_EDGE('',*,*,#5036,.T.);
#5036 = EDGE_CURVE('',#3102,#3038,#5037,.T.);
#5037 = LINE('',#5038,#5039);
#5038 = CARTESIAN_POINT('',(-0.1,-2.84,-2.5));
#5039 = VECTOR('',#5040,1.);
#5040 = DIRECTION('',(1.,-1.110223024625E-16,0.));
#5041 = ORIENTED_EDGE('',*,*,#3037,.T.);
#5042 = ORIENTED_EDGE('',*,*,#3022,.F.);
#5043 = ORIENTED_EDGE('',*,*,#3101,.F.);
#5044 = PLANE('',#5045);
#5045 = AXIS2_PLACEMENT_3D('',#5046,#5047,#5048);
#5046 = CARTESIAN_POINT('',(-0.1,-2.84,-2.5));
#5047 = DIRECTION('',(-1.110223024625E-16,-1.,0.));
#5048 = DIRECTION('',(0.,0.,1.));
#5049 = ADVANCED_FACE('',(#5050),#5061,.T.);
#5050 = FACE_BOUND('',#5051,.T.);
#5051 = EDGE_LOOP('',(#5052,#5058,#5059,#5060));
#5052 = ORIENTED_EDGE('',*,*,#5053,.T.);
#5053 = EDGE_CURVE('',#3127,#3063,#5054,.T.);
#5054 = LINE('',#5055,#5056);
#5055 = CARTESIAN_POINT('',(-0.1,-2.69,-3.1));
#5056 = VECTOR('',#5057,1.);
#5057 = DIRECTION('',(1.,-1.110223024625E-16,0.));
#5058 = ORIENTED_EDGE('',*,*,#3070,.T.);
#5059 = ORIENTED_EDGE('',*,*,#5036,.F.);
#5060 = ORIENTED_EDGE('',*,*,#3134,.F.);
#5061 = PLANE('',#5062);
#5062 = AXIS2_PLACEMENT_3D('',#5063,#5064,#5065);
#5063 = CARTESIAN_POINT('',(-0.1,-2.69,-3.1));
#5064 = DIRECTION('',(-1.077074540829E-16,-0.970142500145,
    -0.242535625036));
#5065 = DIRECTION('',(-2.692686352073E-17,-0.242535625036,0.970142500145
    ));
#5066 = ADVANCED_FACE('',(#5067),#5078,.T.);
#5067 = FACE_BOUND('',#5068,.T.);
#5068 = EDGE_LOOP('',(#5069,#5075,#5076,#5077));
#5069 = ORIENTED_EDGE('',*,*,#5070,.T.);
#5070 = EDGE_CURVE('',#3119,#3055,#5071,.T.);
#5071 = LINE('',#5072,#5073);
#5072 = CARTESIAN_POINT('',(-0.1,-2.39,-3.1));
#5073 = VECTOR('',#5074,1.);
#5074 = DIRECTION('',(1.,-1.110223024625E-16,0.));
#5075 = ORIENTED_EDGE('',*,*,#3062,.T.);
#5076 = ORIENTED_EDGE('',*,*,#5053,.F.);
#5077 = ORIENTED_EDGE('',*,*,#3126,.T.);
#5078 = PLANE('',#5079);
#5079 = AXIS2_PLACEMENT_3D('',#5080,#5081,#5082);
#5080 = CARTESIAN_POINT('',(-0.1,-2.39,-3.1));
#5081 = DIRECTION('',(0.,-0.,-1.));
#5082 = DIRECTION('',(-1.110223024625E-16,-1.,0.));
#5083 = ADVANCED_FACE('',(#5084),#5095,.T.);
#5084 = FACE_BOUND('',#5085,.T.);
#5085 = EDGE_LOOP('',(#5086,#5092,#5093,#5094));
#5086 = ORIENTED_EDGE('',*,*,#5087,.T.);
#5087 = EDGE_CURVE('',#3111,#3047,#5088,.T.);
#5088 = LINE('',#5089,#5090);
#5089 = CARTESIAN_POINT('',(-0.1,-2.24,-2.5));
#5090 = VECTOR('',#5091,1.);
#5091 = DIRECTION('',(1.,-1.110223024625E-16,0.));
#5092 = ORIENTED_EDGE('',*,*,#3054,.T.);
#5093 = ORIENTED_EDGE('',*,*,#5070,.F.);
#5094 = ORIENTED_EDGE('',*,*,#3118,.F.);
#5095 = PLANE('',#5096);
#5096 = AXIS2_PLACEMENT_3D('',#5097,#5098,#5099);
#5097 = CARTESIAN_POINT('',(-0.1,-2.24,-2.5));
#5098 = DIRECTION('',(1.077074540829E-16,0.970142500145,-0.242535625036)
  );
#5099 = DIRECTION('',(-2.692686352073E-17,-0.242535625036,
    -0.970142500145));
#5100 = ADVANCED_FACE('',(#5101),#5107,.T.);
#5101 = FACE_BOUND('',#5102,.T.);
#5102 = EDGE_LOOP('',(#5103,#5104,#5105,#5106));
#5103 = ORIENTED_EDGE('',*,*,#3084,.T.);
#5104 = ORIENTED_EDGE('',*,*,#3046,.T.);
#5105 = ORIENTED_EDGE('',*,*,#5087,.F.);
#5106 = ORIENTED_EDGE('',*,*,#3110,.F.);
#5107 = PLANE('',#5108);
#5108 = AXIS2_PLACEMENT_3D('',#5109,#5110,#5111);
#5109 = CARTESIAN_POINT('',(-0.1,-2.24,0.2));
#5110 = DIRECTION('',(1.110223024625E-16,1.,0.));
#5111 = DIRECTION('',(0.,0.,-1.));
#5112 = ADVANCED_FACE('',(#5113),#5124,.T.);
#5113 = FACE_BOUND('',#5114,.T.);
#5114 = EDGE_LOOP('',(#5115,#5121,#5122,#5123));
#5115 = ORIENTED_EDGE('',*,*,#5116,.T.);
#5116 = EDGE_CURVE('',#3230,#3166,#5117,.T.);
#5117 = LINE('',#5118,#5119);
#5118 = CARTESIAN_POINT('',(-0.1,-0.3,-2.5));
#5119 = VECTOR('',#5120,1.);
#5120 = DIRECTION('',(1.,-1.110223024625E-16,0.));
#5121 = ORIENTED_EDGE('',*,*,#3165,.T.);
#5122 = ORIENTED_EDGE('',*,*,#3150,.F.);
#5123 = ORIENTED_EDGE('',*,*,#3229,.F.);
#5124 = PLANE('',#5125);
#5125 = AXIS2_PLACEMENT_3D('',#5126,#5127,#5128);
#5126 = CARTESIAN_POINT('',(-0.1,-0.3,-2.5));
#5127 = DIRECTION('',(-1.110223024625E-16,-1.,0.));
#5128 = DIRECTION('',(0.,0.,1.));
#5129 = ADVANCED_FACE('',(#5130),#5141,.T.);
#5130 = FACE_BOUND('',#5131,.T.);
#5131 = EDGE_LOOP('',(#5132,#5138,#5139,#5140));
#5132 = ORIENTED_EDGE('',*,*,#5133,.T.);
#5133 = EDGE_CURVE('',#3255,#3191,#5134,.T.);
#5134 = LINE('',#5135,#5136);
#5135 = CARTESIAN_POINT('',(-0.1,-0.15,-3.1));
#5136 = VECTOR('',#5137,1.);
#5137 = DIRECTION('',(1.,-1.110223024625E-16,0.));
#5138 = ORIENTED_EDGE('',*,*,#3198,.T.);
#5139 = ORIENTED_EDGE('',*,*,#5116,.F.);
#5140 = ORIENTED_EDGE('',*,*,#3262,.F.);
#5141 = PLANE('',#5142);
#5142 = AXIS2_PLACEMENT_3D('',#5143,#5144,#5145);
#5143 = CARTESIAN_POINT('',(-0.1,-0.15,-3.1));
#5144 = DIRECTION('',(-1.077074540829E-16,-0.970142500145,
    -0.242535625036));
#5145 = DIRECTION('',(-2.692686352073E-17,-0.242535625036,0.970142500145
    ));
#5146 = ADVANCED_FACE('',(#5147),#5158,.T.);
#5147 = FACE_BOUND('',#5148,.T.);
#5148 = EDGE_LOOP('',(#5149,#5155,#5156,#5157));
#5149 = ORIENTED_EDGE('',*,*,#5150,.T.);
#5150 = EDGE_CURVE('',#3247,#3183,#5151,.T.);
#5151 = LINE('',#5152,#5153);
#5152 = CARTESIAN_POINT('',(-0.1,0.15,-3.1));
#5153 = VECTOR('',#5154,1.);
#5154 = DIRECTION('',(1.,-1.110223024625E-16,0.));
#5155 = ORIENTED_EDGE('',*,*,#3190,.T.);
#5156 = ORIENTED_EDGE('',*,*,#5133,.F.);
#5157 = ORIENTED_EDGE('',*,*,#3254,.T.);
#5158 = PLANE('',#5159);
#5159 = AXIS2_PLACEMENT_3D('',#5160,#5161,#5162);
#5160 = CARTESIAN_POINT('',(-0.1,0.15,-3.1));
#5161 = DIRECTION('',(0.,-0.,-1.));
#5162 = DIRECTION('',(-1.110223024625E-16,-1.,0.));
#5163 = ADVANCED_FACE('',(#5164),#5175,.T.);
#5164 = FACE_BOUND('',#5165,.T.);
#5165 = EDGE_LOOP('',(#5166,#5172,#5173,#5174));
#5166 = ORIENTED_EDGE('',*,*,#5167,.T.);
#5167 = EDGE_CURVE('',#3239,#3175,#5168,.T.);
#5168 = LINE('',#5169,#5170);
#5169 = CARTESIAN_POINT('',(-0.1,0.3,-2.5));
#5170 = VECTOR('',#5171,1.);
#5171 = DIRECTION('',(1.,-1.110223024625E-16,0.));
#5172 = ORIENTED_EDGE('',*,*,#3182,.T.);
#5173 = ORIENTED_EDGE('',*,*,#5150,.F.);
#5174 = ORIENTED_EDGE('',*,*,#3246,.F.);
#5175 = PLANE('',#5176);
#5176 = AXIS2_PLACEMENT_3D('',#5177,#5178,#5179);
#5177 = CARTESIAN_POINT('',(-0.1,0.3,-2.5));
#5178 = DIRECTION('',(1.077074540829E-16,0.970142500145,-0.242535625036)
  );
#5179 = DIRECTION('',(-2.692686352073E-17,-0.242535625036,
    -0.970142500145));
#5180 = ADVANCED_FACE('',(#5181),#5187,.T.);
#5181 = FACE_BOUND('',#5182,.T.);
#5182 = EDGE_LOOP('',(#5183,#5184,#5185,#5186));
#5183 = ORIENTED_EDGE('',*,*,#3212,.T.);
#5184 = ORIENTED_EDGE('',*,*,#3174,.T.);
#5185 = ORIENTED_EDGE('',*,*,#5167,.F.);
#5186 = ORIENTED_EDGE('',*,*,#3238,.F.);
#5187 = PLANE('',#5188);
#5188 = AXIS2_PLACEMENT_3D('',#5189,#5190,#5191);
#5189 = CARTESIAN_POINT('',(-0.1,0.3,0.2));
#5190 = DIRECTION('',(1.110223024625E-16,1.,0.));
#5191 = DIRECTION('',(0.,0.,-1.));
#5192 = ADVANCED_FACE('',(#5193),#5204,.T.);
#5193 = FACE_BOUND('',#5194,.T.);
#5194 = EDGE_LOOP('',(#5195,#5196,#5197,#5198));
#5195 = ORIENTED_EDGE('',*,*,#3421,.T.);
#5196 = ORIENTED_EDGE('',*,*,#3284,.T.);
#5197 = ORIENTED_EDGE('',*,*,#3309,.T.);
#5198 = ORIENTED_EDGE('',*,*,#5199,.T.);
#5199 = EDGE_CURVE('',#3310,#3414,#5200,.T.);
#5200 = LINE('',#5201,#5202);
#5201 = CARTESIAN_POINT('',(0.1,-17.78,0.9));
#5202 = VECTOR('',#5203,1.);
#5203 = DIRECTION('',(-1.110223024625E-16,-1.,0.));
#5204 = PLANE('',#5205);
#5205 = AXIS2_PLACEMENT_3D('',#5206,#5207,#5208);
#5206 = CARTESIAN_POINT('',(-2.067651605486E-15,-17.78,0.9));
#5207 = DIRECTION('',(0.,0.,1.));
#5208 = DIRECTION('',(1.110223024625E-16,1.,-0.));
#5209 = ADVANCED_FACE('',(#5210),#5221,.T.);
#5210 = FACE_BOUND('',#5211,.T.);
#5211 = EDGE_LOOP('',(#5212,#5213,#5219,#5220));
#5212 = ORIENTED_EDGE('',*,*,#3389,.T.);
#5213 = ORIENTED_EDGE('',*,*,#5214,.F.);
#5214 = EDGE_CURVE('',#3334,#3390,#5215,.T.);
#5215 = LINE('',#5216,#5217);
#5216 = CARTESIAN_POINT('',(-0.1,-17.78,0.9));
#5217 = VECTOR('',#5218,1.);
#5218 = DIRECTION('',(-1.110223024625E-16,-1.,0.));
#5219 = ORIENTED_EDGE('',*,*,#3341,.T.);
#5220 = ORIENTED_EDGE('',*,*,#3364,.T.);
#5221 = PLANE('',#5222);
#5222 = AXIS2_PLACEMENT_3D('',#5223,#5224,#5225);
#5223 = CARTESIAN_POINT('',(-2.067651605486E-15,-17.78,0.9));
#5224 = DIRECTION('',(0.,0.,1.));
#5225 = DIRECTION('',(1.110223024625E-16,1.,-0.));
#5226 = ADVANCED_FACE('',(#5227),#5270,.T.);
#5227 = FACE_BOUND('',#5228,.T.);
#5228 = EDGE_LOOP('',(#5229,#5230,#5238,#5246,#5254,#5262,#5268,#5269));
#5229 = ORIENTED_EDGE('',*,*,#3397,.F.);
#5230 = ORIENTED_EDGE('',*,*,#5231,.T.);
#5231 = EDGE_CURVE('',#3398,#5232,#5234,.T.);
#5232 = VERTEX_POINT('',#5233);
#5233 = CARTESIAN_POINT('',(-0.1,-18.03,7.35));
#5234 = LINE('',#5235,#5236);
#5235 = CARTESIAN_POINT('',(-0.1,-18.08,7.4));
#5236 = VECTOR('',#5237,1.);
#5237 = DIRECTION('',(7.850462293414E-17,0.707106781187,-0.707106781187)
  );
#5238 = ORIENTED_EDGE('',*,*,#5239,.T.);
#5239 = EDGE_CURVE('',#5232,#5240,#5242,.T.);
#5240 = VERTEX_POINT('',#5241);
#5241 = CARTESIAN_POINT('',(-0.1,-18.03,1.25));
#5242 = LINE('',#5243,#5244);
#5243 = CARTESIAN_POINT('',(-0.1,-18.03,7.35));
#5244 = VECTOR('',#5245,1.);
#5245 = DIRECTION('',(0.,0.,-1.));
#5246 = ORIENTED_EDGE('',*,*,#5247,.T.);
#5247 = EDGE_CURVE('',#5240,#5248,#5250,.T.);
#5248 = VERTEX_POINT('',#5249);
#5249 = CARTESIAN_POINT('',(-0.1,-17.53,1.25));
#5250 = LINE('',#5251,#5252);
#5251 = CARTESIAN_POINT('',(-0.1,-18.03,1.25));
#5252 = VECTOR('',#5253,1.);
#5253 = DIRECTION('',(1.110223024625E-16,1.,0.));
#5254 = ORIENTED_EDGE('',*,*,#5255,.T.);
#5255 = EDGE_CURVE('',#5248,#5256,#5258,.T.);
#5256 = VERTEX_POINT('',#5257);
#5257 = CARTESIAN_POINT('',(-0.1,-17.53,7.35));
#5258 = LINE('',#5259,#5260);
#5259 = CARTESIAN_POINT('',(-0.1,-17.53,1.25));
#5260 = VECTOR('',#5261,1.);
#5261 = DIRECTION('',(0.,0.,1.));
#5262 = ORIENTED_EDGE('',*,*,#5263,.T.);
#5263 = EDGE_CURVE('',#5256,#3326,#5264,.T.);
#5264 = LINE('',#5265,#5266);
#5265 = CARTESIAN_POINT('',(-0.1,-17.53,7.35));
#5266 = VECTOR('',#5267,1.);
#5267 = DIRECTION('',(7.850462293414E-17,0.707106781187,0.707106781187)
  );
#5268 = ORIENTED_EDGE('',*,*,#3333,.F.);
#5269 = ORIENTED_EDGE('',*,*,#5214,.T.);
#5270 = PLANE('',#5271);
#5271 = AXIS2_PLACEMENT_3D('',#5272,#5273,#5274);
#5272 = CARTESIAN_POINT('',(-0.1,-17.78,3.911477598424));
#5273 = DIRECTION('',(-1.,1.110223024625E-16,0.));
#5274 = DIRECTION('',(0.,0.,1.));
#5275 = ADVANCED_FACE('',(#5276),#5294,.T.);
#5276 = FACE_BOUND('',#5277,.T.);
#5277 = EDGE_LOOP('',(#5278,#5286,#5292,#5293));
#5278 = ORIENTED_EDGE('',*,*,#5279,.T.);
#5279 = EDGE_CURVE('',#5256,#5280,#5282,.T.);
#5280 = VERTEX_POINT('',#5281);
#5281 = CARTESIAN_POINT('',(0.1,-17.53,7.35));
#5282 = LINE('',#5283,#5284);
#5283 = CARTESIAN_POINT('',(-0.1,-17.53,7.35));
#5284 = VECTOR('',#5285,1.);
#5285 = DIRECTION('',(1.,-1.110223024625E-16,0.));
#5286 = ORIENTED_EDGE('',*,*,#5287,.T.);
#5287 = EDGE_CURVE('',#5280,#3318,#5288,.T.);
#5288 = LINE('',#5289,#5290);
#5289 = CARTESIAN_POINT('',(0.1,-17.53,7.35));
#5290 = VECTOR('',#5291,1.);
#5291 = DIRECTION('',(7.850462293414E-17,0.707106781187,0.707106781187)
  );
#5292 = ORIENTED_EDGE('',*,*,#3325,.F.);
#5293 = ORIENTED_EDGE('',*,*,#5263,.F.);
#5294 = PLANE('',#5295);
#5295 = AXIS2_PLACEMENT_3D('',#5296,#5297,#5298);
#5296 = CARTESIAN_POINT('',(-0.1,-17.53,7.35));
#5297 = DIRECTION('',(-7.850462293414E-17,-0.707106781187,0.707106781187
    ));
#5298 = DIRECTION('',(7.850462293414E-17,0.707106781187,0.707106781187)
  );
#5299 = ADVANCED_FACE('',(#5300),#5336,.F.);
#5300 = FACE_BOUND('',#5301,.F.);
#5301 = EDGE_LOOP('',(#5302,#5303,#5311,#5319,#5327,#5333,#5334,#5335));
#5302 = ORIENTED_EDGE('',*,*,#3413,.F.);
#5303 = ORIENTED_EDGE('',*,*,#5304,.T.);
#5304 = EDGE_CURVE('',#3406,#5305,#5307,.T.);
#5305 = VERTEX_POINT('',#5306);
#5306 = CARTESIAN_POINT('',(0.1,-18.03,7.35));
#5307 = LINE('',#5308,#5309);
#5308 = CARTESIAN_POINT('',(0.1,-18.08,7.4));
#5309 = VECTOR('',#5310,1.);
#5310 = DIRECTION('',(7.850462293414E-17,0.707106781187,-0.707106781187)
  );
#5311 = ORIENTED_EDGE('',*,*,#5312,.T.);
#5312 = EDGE_CURVE('',#5305,#5313,#5315,.T.);
#5313 = VERTEX_POINT('',#5314);
#5314 = CARTESIAN_POINT('',(0.1,-18.03,1.25));
#5315 = LINE('',#5316,#5317);
#5316 = CARTESIAN_POINT('',(0.1,-18.03,7.35));
#5317 = VECTOR('',#5318,1.);
#5318 = DIRECTION('',(0.,0.,-1.));
#5319 = ORIENTED_EDGE('',*,*,#5320,.T.);
#5320 = EDGE_CURVE('',#5313,#5321,#5323,.T.);
#5321 = VERTEX_POINT('',#5322);
#5322 = CARTESIAN_POINT('',(0.1,-17.53,1.25));
#5323 = LINE('',#5324,#5325);
#5324 = CARTESIAN_POINT('',(0.1,-18.03,1.25));
#5325 = VECTOR('',#5326,1.);
#5326 = DIRECTION('',(1.110223024625E-16,1.,0.));
#5327 = ORIENTED_EDGE('',*,*,#5328,.T.);
#5328 = EDGE_CURVE('',#5321,#5280,#5329,.T.);
#5329 = LINE('',#5330,#5331);
#5330 = CARTESIAN_POINT('',(0.1,-17.53,1.25));
#5331 = VECTOR('',#5332,1.);
#5332 = DIRECTION('',(0.,0.,1.));
#5333 = ORIENTED_EDGE('',*,*,#5287,.T.);
#5334 = ORIENTED_EDGE('',*,*,#3317,.F.);
#5335 = ORIENTED_EDGE('',*,*,#5199,.T.);
#5336 = PLANE('',#5337);
#5337 = AXIS2_PLACEMENT_3D('',#5338,#5339,#5340);
#5338 = CARTESIAN_POINT('',(0.1,-17.78,3.911477598424));
#5339 = DIRECTION('',(-1.,1.110223024625E-16,0.));
#5340 = DIRECTION('',(0.,0.,1.));
#5341 = ADVANCED_FACE('',(#5342),#5353,.T.);
#5342 = FACE_BOUND('',#5343,.T.);
#5343 = EDGE_LOOP('',(#5344,#5345,#5346,#5352));
#5344 = ORIENTED_EDGE('',*,*,#3405,.T.);
#5345 = ORIENTED_EDGE('',*,*,#5304,.T.);
#5346 = ORIENTED_EDGE('',*,*,#5347,.F.);
#5347 = EDGE_CURVE('',#5232,#5305,#5348,.T.);
#5348 = LINE('',#5349,#5350);
#5349 = CARTESIAN_POINT('',(-0.1,-18.03,7.35));
#5350 = VECTOR('',#5351,1.);
#5351 = DIRECTION('',(1.,-1.110223024625E-16,0.));
#5352 = ORIENTED_EDGE('',*,*,#5231,.F.);
#5353 = PLANE('',#5354);
#5354 = AXIS2_PLACEMENT_3D('',#5355,#5356,#5357);
#5355 = CARTESIAN_POINT('',(-0.1,-18.08,7.4));
#5356 = DIRECTION('',(7.850462293414E-17,0.707106781187,0.707106781187)
  );
#5357 = DIRECTION('',(7.850462293414E-17,0.707106781187,-0.707106781187)
  );
#5358 = ADVANCED_FACE('',(#5359),#5370,.T.);
#5359 = FACE_BOUND('',#5360,.T.);
#5360 = EDGE_LOOP('',(#5361,#5362,#5363,#5364));
#5361 = ORIENTED_EDGE('',*,*,#3581,.T.);
#5362 = ORIENTED_EDGE('',*,*,#3444,.T.);
#5363 = ORIENTED_EDGE('',*,*,#3469,.T.);
#5364 = ORIENTED_EDGE('',*,*,#5365,.T.);
#5365 = EDGE_CURVE('',#3470,#3574,#5366,.T.);
#5366 = LINE('',#5367,#5368);
#5367 = CARTESIAN_POINT('',(0.1,-15.24,0.9));
#5368 = VECTOR('',#5369,1.);
#5369 = DIRECTION('',(-1.110223024625E-16,-1.,0.));
#5370 = PLANE('',#5371);
#5371 = AXIS2_PLACEMENT_3D('',#5372,#5373,#5374);
#5372 = CARTESIAN_POINT('',(-1.785654957231E-15,-15.24,0.9));
#5373 = DIRECTION('',(0.,0.,1.));
#5374 = DIRECTION('',(1.110223024625E-16,1.,-0.));
#5375 = ADVANCED_FACE('',(#5376),#5387,.T.);
#5376 = FACE_BOUND('',#5377,.T.);
#5377 = EDGE_LOOP('',(#5378,#5379,#5385,#5386));
#5378 = ORIENTED_EDGE('',*,*,#3549,.T.);
#5379 = ORIENTED_EDGE('',*,*,#5380,.F.);
#5380 = EDGE_CURVE('',#3494,#3550,#5381,.T.);
#5381 = LINE('',#5382,#5383);
#5382 = CARTESIAN_POINT('',(-0.1,-15.24,0.9));
#5383 = VECTOR('',#5384,1.);
#5384 = DIRECTION('',(-1.110223024625E-16,-1.,0.));
#5385 = ORIENTED_EDGE('',*,*,#3501,.T.);
#5386 = ORIENTED_EDGE('',*,*,#3524,.T.);
#5387 = PLANE('',#5388);
#5388 = AXIS2_PLACEMENT_3D('',#5389,#5390,#5391);
#5389 = CARTESIAN_POINT('',(-1.785654957231E-15,-15.24,0.9));
#5390 = DIRECTION('',(0.,0.,1.));
#5391 = DIRECTION('',(1.110223024625E-16,1.,-0.));
#5392 = ADVANCED_FACE('',(#5393),#5436,.T.);
#5393 = FACE_BOUND('',#5394,.T.);
#5394 = EDGE_LOOP('',(#5395,#5396,#5404,#5412,#5420,#5428,#5434,#5435));
#5395 = ORIENTED_EDGE('',*,*,#3557,.F.);
#5396 = ORIENTED_EDGE('',*,*,#5397,.T.);
#5397 = EDGE_CURVE('',#3558,#5398,#5400,.T.);
#5398 = VERTEX_POINT('',#5399);
#5399 = CARTESIAN_POINT('',(-0.1,-15.49,7.35));
#5400 = LINE('',#5401,#5402);
#5401 = CARTESIAN_POINT('',(-0.1,-15.54,7.4));
#5402 = VECTOR('',#5403,1.);
#5403 = DIRECTION('',(7.850462293414E-17,0.707106781187,-0.707106781187)
  );
#5404 = ORIENTED_EDGE('',*,*,#5405,.T.);
#5405 = EDGE_CURVE('',#5398,#5406,#5408,.T.);
#5406 = VERTEX_POINT('',#5407);
#5407 = CARTESIAN_POINT('',(-0.1,-15.49,1.25));
#5408 = LINE('',#5409,#5410);
#5409 = CARTESIAN_POINT('',(-0.1,-15.49,7.35));
#5410 = VECTOR('',#5411,1.);
#5411 = DIRECTION('',(0.,0.,-1.));
#5412 = ORIENTED_EDGE('',*,*,#5413,.T.);
#5413 = EDGE_CURVE('',#5406,#5414,#5416,.T.);
#5414 = VERTEX_POINT('',#5415);
#5415 = CARTESIAN_POINT('',(-0.1,-14.99,1.25));
#5416 = LINE('',#5417,#5418);
#5417 = CARTESIAN_POINT('',(-0.1,-15.49,1.25));
#5418 = VECTOR('',#5419,1.);
#5419 = DIRECTION('',(1.110223024625E-16,1.,0.));
#5420 = ORIENTED_EDGE('',*,*,#5421,.T.);
#5421 = EDGE_CURVE('',#5414,#5422,#5424,.T.);
#5422 = VERTEX_POINT('',#5423);
#5423 = CARTESIAN_POINT('',(-0.1,-14.99,7.35));
#5424 = LINE('',#5425,#5426);
#5425 = CARTESIAN_POINT('',(-0.1,-14.99,1.25));
#5426 = VECTOR('',#5427,1.);
#5427 = DIRECTION('',(0.,0.,1.));
#5428 = ORIENTED_EDGE('',*,*,#5429,.T.);
#5429 = EDGE_CURVE('',#5422,#3486,#5430,.T.);
#5430 = LINE('',#5431,#5432);
#5431 = CARTESIAN_POINT('',(-0.1,-14.99,7.35));
#5432 = VECTOR('',#5433,1.);
#5433 = DIRECTION('',(7.850462293414E-17,0.707106781187,0.707106781187)
  );
#5434 = ORIENTED_EDGE('',*,*,#3493,.F.);
#5435 = ORIENTED_EDGE('',*,*,#5380,.T.);
#5436 = PLANE('',#5437);
#5437 = AXIS2_PLACEMENT_3D('',#5438,#5439,#5440);
#5438 = CARTESIAN_POINT('',(-0.1,-15.24,3.911477598424));
#5439 = DIRECTION('',(-1.,1.110223024625E-16,0.));
#5440 = DIRECTION('',(0.,0.,1.));
#5441 = ADVANCED_FACE('',(#5442),#5460,.T.);
#5442 = FACE_BOUND('',#5443,.T.);
#5443 = EDGE_LOOP('',(#5444,#5452,#5458,#5459));
#5444 = ORIENTED_EDGE('',*,*,#5445,.T.);
#5445 = EDGE_CURVE('',#5422,#5446,#5448,.T.);
#5446 = VERTEX_POINT('',#5447);
#5447 = CARTESIAN_POINT('',(0.1,-14.99,7.35));
#5448 = LINE('',#5449,#5450);
#5449 = CARTESIAN_POINT('',(-0.1,-14.99,7.35));
#5450 = VECTOR('',#5451,1.);
#5451 = DIRECTION('',(1.,-1.110223024625E-16,0.));
#5452 = ORIENTED_EDGE('',*,*,#5453,.T.);
#5453 = EDGE_CURVE('',#5446,#3478,#5454,.T.);
#5454 = LINE('',#5455,#5456);
#5455 = CARTESIAN_POINT('',(0.1,-14.99,7.35));
#5456 = VECTOR('',#5457,1.);
#5457 = DIRECTION('',(7.850462293414E-17,0.707106781187,0.707106781187)
  );
#5458 = ORIENTED_EDGE('',*,*,#3485,.F.);
#5459 = ORIENTED_EDGE('',*,*,#5429,.F.);
#5460 = PLANE('',#5461);
#5461 = AXIS2_PLACEMENT_3D('',#5462,#5463,#5464);
#5462 = CARTESIAN_POINT('',(-0.1,-14.99,7.35));
#5463 = DIRECTION('',(-7.850462293414E-17,-0.707106781187,0.707106781187
    ));
#5464 = DIRECTION('',(7.850462293414E-17,0.707106781187,0.707106781187)
  );
#5465 = ADVANCED_FACE('',(#5466),#5502,.F.);
#5466 = FACE_BOUND('',#5467,.F.);
#5467 = EDGE_LOOP('',(#5468,#5469,#5477,#5485,#5493,#5499,#5500,#5501));
#5468 = ORIENTED_EDGE('',*,*,#3573,.F.);
#5469 = ORIENTED_EDGE('',*,*,#5470,.T.);
#5470 = EDGE_CURVE('',#3566,#5471,#5473,.T.);
#5471 = VERTEX_POINT('',#5472);
#5472 = CARTESIAN_POINT('',(0.1,-15.49,7.35));
#5473 = LINE('',#5474,#5475);
#5474 = CARTESIAN_POINT('',(0.1,-15.54,7.4));
#5475 = VECTOR('',#5476,1.);
#5476 = DIRECTION('',(7.850462293414E-17,0.707106781187,-0.707106781187)
  );
#5477 = ORIENTED_EDGE('',*,*,#5478,.T.);
#5478 = EDGE_CURVE('',#5471,#5479,#5481,.T.);
#5479 = VERTEX_POINT('',#5480);
#5480 = CARTESIAN_POINT('',(0.1,-15.49,1.25));
#5481 = LINE('',#5482,#5483);
#5482 = CARTESIAN_POINT('',(0.1,-15.49,7.35));
#5483 = VECTOR('',#5484,1.);
#5484 = DIRECTION('',(0.,0.,-1.));
#5485 = ORIENTED_EDGE('',*,*,#5486,.T.);
#5486 = EDGE_CURVE('',#5479,#5487,#5489,.T.);
#5487 = VERTEX_POINT('',#5488);
#5488 = CARTESIAN_POINT('',(0.1,-14.99,1.25));
#5489 = LINE('',#5490,#5491);
#5490 = CARTESIAN_POINT('',(0.1,-15.49,1.25));
#5491 = VECTOR('',#5492,1.);
#5492 = DIRECTION('',(1.110223024625E-16,1.,0.));
#5493 = ORIENTED_EDGE('',*,*,#5494,.T.);
#5494 = EDGE_CURVE('',#5487,#5446,#5495,.T.);
#5495 = LINE('',#5496,#5497);
#5496 = CARTESIAN_POINT('',(0.1,-14.99,1.25));
#5497 = VECTOR('',#5498,1.);
#5498 = DIRECTION('',(0.,0.,1.));
#5499 = ORIENTED_EDGE('',*,*,#5453,.T.);
#5500 = ORIENTED_EDGE('',*,*,#3477,.F.);
#5501 = ORIENTED_EDGE('',*,*,#5365,.T.);
#5502 = PLANE('',#5503);
#5503 = AXIS2_PLACEMENT_3D('',#5504,#5505,#5506);
#5504 = CARTESIAN_POINT('',(0.1,-15.24,3.911477598424));
#5505 = DIRECTION('',(-1.,1.110223024625E-16,0.));
#5506 = DIRECTION('',(0.,0.,1.));
#5507 = ADVANCED_FACE('',(#5508),#5519,.T.);
#5508 = FACE_BOUND('',#5509,.T.);
#5509 = EDGE_LOOP('',(#5510,#5511,#5512,#5518));
#5510 = ORIENTED_EDGE('',*,*,#3565,.T.);
#5511 = ORIENTED_EDGE('',*,*,#5470,.T.);
#5512 = ORIENTED_EDGE('',*,*,#5513,.F.);
#5513 = EDGE_CURVE('',#5398,#5471,#5514,.T.);
#5514 = LINE('',#5515,#5516);
#5515 = CARTESIAN_POINT('',(-0.1,-15.49,7.35));
#5516 = VECTOR('',#5517,1.);
#5517 = DIRECTION('',(1.,-1.110223024625E-16,0.));
#5518 = ORIENTED_EDGE('',*,*,#5397,.F.);
#5519 = PLANE('',#5520);
#5520 = AXIS2_PLACEMENT_3D('',#5521,#5522,#5523);
#5521 = CARTESIAN_POINT('',(-0.1,-15.54,7.4));
#5522 = DIRECTION('',(7.850462293414E-17,0.707106781187,0.707106781187)
  );
#5523 = DIRECTION('',(7.850462293414E-17,0.707106781187,-0.707106781187)
  );
#5524 = ADVANCED_FACE('',(#5525),#5536,.T.);
#5525 = FACE_BOUND('',#5526,.T.);
#5526 = EDGE_LOOP('',(#5527,#5528,#5529,#5530));
#5527 = ORIENTED_EDGE('',*,*,#3741,.T.);
#5528 = ORIENTED_EDGE('',*,*,#3604,.T.);
#5529 = ORIENTED_EDGE('',*,*,#3629,.T.);
#5530 = ORIENTED_EDGE('',*,*,#5531,.T.);
#5531 = EDGE_CURVE('',#3630,#3734,#5532,.T.);
#5532 = LINE('',#5533,#5534);
#5533 = CARTESIAN_POINT('',(0.1,-12.7,0.9));
#5534 = VECTOR('',#5535,1.);
#5535 = DIRECTION('',(-1.110223024625E-16,-1.,0.));
#5536 = PLANE('',#5537);
#5537 = AXIS2_PLACEMENT_3D('',#5538,#5539,#5540);
#5538 = CARTESIAN_POINT('',(-1.503658308977E-15,-12.7,0.9));
#5539 = DIRECTION('',(0.,0.,1.));
#5540 = DIRECTION('',(1.110223024625E-16,1.,-0.));
#5541 = ADVANCED_FACE('',(#5542),#5553,.T.);
#5542 = FACE_BOUND('',#5543,.T.);
#5543 = EDGE_LOOP('',(#5544,#5545,#5551,#5552));
#5544 = ORIENTED_EDGE('',*,*,#3709,.T.);
#5545 = ORIENTED_EDGE('',*,*,#5546,.F.);
#5546 = EDGE_CURVE('',#3654,#3710,#5547,.T.);
#5547 = LINE('',#5548,#5549);
#5548 = CARTESIAN_POINT('',(-0.1,-12.7,0.9));
#5549 = VECTOR('',#5550,1.);
#5550 = DIRECTION('',(-1.110223024625E-16,-1.,0.));
#5551 = ORIENTED_EDGE('',*,*,#3661,.T.);
#5552 = ORIENTED_EDGE('',*,*,#3684,.T.);
#5553 = PLANE('',#5554);
#5554 = AXIS2_PLACEMENT_3D('',#5555,#5556,#5557);
#5555 = CARTESIAN_POINT('',(-1.503658308977E-15,-12.7,0.9));
#5556 = DIRECTION('',(0.,0.,1.));
#5557 = DIRECTION('',(1.110223024625E-16,1.,-0.));
#5558 = ADVANCED_FACE('',(#5559),#5602,.T.);
#5559 = FACE_BOUND('',#5560,.T.);
#5560 = EDGE_LOOP('',(#5561,#5562,#5570,#5578,#5586,#5594,#5600,#5601));
#5561 = ORIENTED_EDGE('',*,*,#3717,.F.);
#5562 = ORIENTED_EDGE('',*,*,#5563,.T.);
#5563 = EDGE_CURVE('',#3718,#5564,#5566,.T.);
#5564 = VERTEX_POINT('',#5565);
#5565 = CARTESIAN_POINT('',(-0.1,-12.95,7.35));
#5566 = LINE('',#5567,#5568);
#5567 = CARTESIAN_POINT('',(-0.1,-13.,7.4));
#5568 = VECTOR('',#5569,1.);
#5569 = DIRECTION('',(7.850462293414E-17,0.707106781187,-0.707106781187)
  );
#5570 = ORIENTED_EDGE('',*,*,#5571,.T.);
#5571 = EDGE_CURVE('',#5564,#5572,#5574,.T.);
#5572 = VERTEX_POINT('',#5573);
#5573 = CARTESIAN_POINT('',(-0.1,-12.95,1.25));
#5574 = LINE('',#5575,#5576);
#5575 = CARTESIAN_POINT('',(-0.1,-12.95,7.35));
#5576 = VECTOR('',#5577,1.);
#5577 = DIRECTION('',(0.,0.,-1.));
#5578 = ORIENTED_EDGE('',*,*,#5579,.T.);
#5579 = EDGE_CURVE('',#5572,#5580,#5582,.T.);
#5580 = VERTEX_POINT('',#5581);
#5581 = CARTESIAN_POINT('',(-0.1,-12.45,1.25));
#5582 = LINE('',#5583,#5584);
#5583 = CARTESIAN_POINT('',(-0.1,-12.95,1.25));
#5584 = VECTOR('',#5585,1.);
#5585 = DIRECTION('',(1.110223024625E-16,1.,0.));
#5586 = ORIENTED_EDGE('',*,*,#5587,.T.);
#5587 = EDGE_CURVE('',#5580,#5588,#5590,.T.);
#5588 = VERTEX_POINT('',#5589);
#5589 = CARTESIAN_POINT('',(-0.1,-12.45,7.35));
#5590 = LINE('',#5591,#5592);
#5591 = CARTESIAN_POINT('',(-0.1,-12.45,1.25));
#5592 = VECTOR('',#5593,1.);
#5593 = DIRECTION('',(0.,0.,1.));
#5594 = ORIENTED_EDGE('',*,*,#5595,.T.);
#5595 = EDGE_CURVE('',#5588,#3646,#5596,.T.);
#5596 = LINE('',#5597,#5598);
#5597 = CARTESIAN_POINT('',(-0.1,-12.45,7.35));
#5598 = VECTOR('',#5599,1.);
#5599 = DIRECTION('',(7.850462293414E-17,0.707106781187,0.707106781187)
  );
#5600 = ORIENTED_EDGE('',*,*,#3653,.F.);
#5601 = ORIENTED_EDGE('',*,*,#5546,.T.);
#5602 = PLANE('',#5603);
#5603 = AXIS2_PLACEMENT_3D('',#5604,#5605,#5606);
#5604 = CARTESIAN_POINT('',(-0.1,-12.7,3.911477598424));
#5605 = DIRECTION('',(-1.,1.110223024625E-16,0.));
#5606 = DIRECTION('',(0.,0.,1.));
#5607 = ADVANCED_FACE('',(#5608),#5626,.T.);
#5608 = FACE_BOUND('',#5609,.T.);
#5609 = EDGE_LOOP('',(#5610,#5618,#5624,#5625));
#5610 = ORIENTED_EDGE('',*,*,#5611,.T.);
#5611 = EDGE_CURVE('',#5588,#5612,#5614,.T.);
#5612 = VERTEX_POINT('',#5613);
#5613 = CARTESIAN_POINT('',(0.1,-12.45,7.35));
#5614 = LINE('',#5615,#5616);
#5615 = CARTESIAN_POINT('',(-0.1,-12.45,7.35));
#5616 = VECTOR('',#5617,1.);
#5617 = DIRECTION('',(1.,-1.110223024625E-16,0.));
#5618 = ORIENTED_EDGE('',*,*,#5619,.T.);
#5619 = EDGE_CURVE('',#5612,#3638,#5620,.T.);
#5620 = LINE('',#5621,#5622);
#5621 = CARTESIAN_POINT('',(0.1,-12.45,7.35));
#5622 = VECTOR('',#5623,1.);
#5623 = DIRECTION('',(7.850462293414E-17,0.707106781187,0.707106781187)
  );
#5624 = ORIENTED_EDGE('',*,*,#3645,.F.);
#5625 = ORIENTED_EDGE('',*,*,#5595,.F.);
#5626 = PLANE('',#5627);
#5627 = AXIS2_PLACEMENT_3D('',#5628,#5629,#5630);
#5628 = CARTESIAN_POINT('',(-0.1,-12.45,7.35));
#5629 = DIRECTION('',(-7.850462293414E-17,-0.707106781187,0.707106781187
    ));
#5630 = DIRECTION('',(7.850462293414E-17,0.707106781187,0.707106781187)
  );
#5631 = ADVANCED_FACE('',(#5632),#5668,.F.);
#5632 = FACE_BOUND('',#5633,.F.);
#5633 = EDGE_LOOP('',(#5634,#5635,#5643,#5651,#5659,#5665,#5666,#5667));
#5634 = ORIENTED_EDGE('',*,*,#3733,.F.);
#5635 = ORIENTED_EDGE('',*,*,#5636,.T.);
#5636 = EDGE_CURVE('',#3726,#5637,#5639,.T.);
#5637 = VERTEX_POINT('',#5638);
#5638 = CARTESIAN_POINT('',(0.1,-12.95,7.35));
#5639 = LINE('',#5640,#5641);
#5640 = CARTESIAN_POINT('',(0.1,-13.,7.4));
#5641 = VECTOR('',#5642,1.);
#5642 = DIRECTION('',(7.850462293414E-17,0.707106781187,-0.707106781187)
  );
#5643 = ORIENTED_EDGE('',*,*,#5644,.T.);
#5644 = EDGE_CURVE('',#5637,#5645,#5647,.T.);
#5645 = VERTEX_POINT('',#5646);
#5646 = CARTESIAN_POINT('',(0.1,-12.95,1.25));
#5647 = LINE('',#5648,#5649);
#5648 = CARTESIAN_POINT('',(0.1,-12.95,7.35));
#5649 = VECTOR('',#5650,1.);
#5650 = DIRECTION('',(0.,0.,-1.));
#5651 = ORIENTED_EDGE('',*,*,#5652,.T.);
#5652 = EDGE_CURVE('',#5645,#5653,#5655,.T.);
#5653 = VERTEX_POINT('',#5654);
#5654 = CARTESIAN_POINT('',(0.1,-12.45,1.25));
#5655 = LINE('',#5656,#5657);
#5656 = CARTESIAN_POINT('',(0.1,-12.95,1.25));
#5657 = VECTOR('',#5658,1.);
#5658 = DIRECTION('',(1.110223024625E-16,1.,0.));
#5659 = ORIENTED_EDGE('',*,*,#5660,.T.);
#5660 = EDGE_CURVE('',#5653,#5612,#5661,.T.);
#5661 = LINE('',#5662,#5663);
#5662 = CARTESIAN_POINT('',(0.1,-12.45,1.25));
#5663 = VECTOR('',#5664,1.);
#5664 = DIRECTION('',(0.,0.,1.));
#5665 = ORIENTED_EDGE('',*,*,#5619,.T.);
#5666 = ORIENTED_EDGE('',*,*,#3637,.F.);
#5667 = ORIENTED_EDGE('',*,*,#5531,.T.);
#5668 = PLANE('',#5669);
#5669 = AXIS2_PLACEMENT_3D('',#5670,#5671,#5672);
#5670 = CARTESIAN_POINT('',(0.1,-12.7,3.911477598424));
#5671 = DIRECTION('',(-1.,1.110223024625E-16,0.));
#5672 = DIRECTION('',(0.,0.,1.));
#5673 = ADVANCED_FACE('',(#5674),#5685,.T.);
#5674 = FACE_BOUND('',#5675,.T.);
#5675 = EDGE_LOOP('',(#5676,#5677,#5678,#5684));
#5676 = ORIENTED_EDGE('',*,*,#3725,.T.);
#5677 = ORIENTED_EDGE('',*,*,#5636,.T.);
#5678 = ORIENTED_EDGE('',*,*,#5679,.F.);
#5679 = EDGE_CURVE('',#5564,#5637,#5680,.T.);
#5680 = LINE('',#5681,#5682);
#5681 = CARTESIAN_POINT('',(-0.1,-12.95,7.35));
#5682 = VECTOR('',#5683,1.);
#5683 = DIRECTION('',(1.,-1.110223024625E-16,0.));
#5684 = ORIENTED_EDGE('',*,*,#5563,.F.);
#5685 = PLANE('',#5686);
#5686 = AXIS2_PLACEMENT_3D('',#5687,#5688,#5689);
#5687 = CARTESIAN_POINT('',(-0.1,-13.,7.4));
#5688 = DIRECTION('',(7.850462293414E-17,0.707106781187,0.707106781187)
  );
#5689 = DIRECTION('',(7.850462293414E-17,0.707106781187,-0.707106781187)
  );
#5690 = ADVANCED_FACE('',(#5691),#5702,.T.);
#5691 = FACE_BOUND('',#5692,.T.);
#5692 = EDGE_LOOP('',(#5693,#5694,#5695,#5696));
#5693 = ORIENTED_EDGE('',*,*,#3901,.T.);
#5694 = ORIENTED_EDGE('',*,*,#3764,.T.);
#5695 = ORIENTED_EDGE('',*,*,#3789,.T.);
#5696 = ORIENTED_EDGE('',*,*,#5697,.T.);
#5697 = EDGE_CURVE('',#3790,#3894,#5698,.T.);
#5698 = LINE('',#5699,#5700);
#5699 = CARTESIAN_POINT('',(0.1,-10.16,0.9));
#5700 = VECTOR('',#5701,1.);
#5701 = DIRECTION('',(-1.110223024625E-16,-1.,0.));
#5702 = PLANE('',#5703);
#5703 = AXIS2_PLACEMENT_3D('',#5704,#5705,#5706);
#5704 = CARTESIAN_POINT('',(-1.221661660722E-15,-10.16,0.9));
#5705 = DIRECTION('',(0.,0.,1.));
#5706 = DIRECTION('',(1.110223024625E-16,1.,-0.));
#5707 = ADVANCED_FACE('',(#5708),#5719,.T.);
#5708 = FACE_BOUND('',#5709,.T.);
#5709 = EDGE_LOOP('',(#5710,#5711,#5717,#5718));
#5710 = ORIENTED_EDGE('',*,*,#3869,.T.);
#5711 = ORIENTED_EDGE('',*,*,#5712,.F.);
#5712 = EDGE_CURVE('',#3814,#3870,#5713,.T.);
#5713 = LINE('',#5714,#5715);
#5714 = CARTESIAN_POINT('',(-0.1,-10.16,0.9));
#5715 = VECTOR('',#5716,1.);
#5716 = DIRECTION('',(-1.110223024625E-16,-1.,0.));
#5717 = ORIENTED_EDGE('',*,*,#3821,.T.);
#5718 = ORIENTED_EDGE('',*,*,#3844,.T.);
#5719 = PLANE('',#5720);
#5720 = AXIS2_PLACEMENT_3D('',#5721,#5722,#5723);
#5721 = CARTESIAN_POINT('',(-1.221661660722E-15,-10.16,0.9));
#5722 = DIRECTION('',(0.,0.,1.));
#5723 = DIRECTION('',(1.110223024625E-16,1.,-0.));
#5724 = ADVANCED_FACE('',(#5725),#5768,.T.);
#5725 = FACE_BOUND('',#5726,.T.);
#5726 = EDGE_LOOP('',(#5727,#5728,#5736,#5744,#5752,#5760,#5766,#5767));
#5727 = ORIENTED_EDGE('',*,*,#3877,.F.);
#5728 = ORIENTED_EDGE('',*,*,#5729,.T.);
#5729 = EDGE_CURVE('',#3878,#5730,#5732,.T.);
#5730 = VERTEX_POINT('',#5731);
#5731 = CARTESIAN_POINT('',(-0.1,-10.41,7.35));
#5732 = LINE('',#5733,#5734);
#5733 = CARTESIAN_POINT('',(-0.1,-10.46,7.4));
#5734 = VECTOR('',#5735,1.);
#5735 = DIRECTION('',(7.850462293414E-17,0.707106781187,-0.707106781187)
  );
#5736 = ORIENTED_EDGE('',*,*,#5737,.T.);
#5737 = EDGE_CURVE('',#5730,#5738,#5740,.T.);
#5738 = VERTEX_POINT('',#5739);
#5739 = CARTESIAN_POINT('',(-0.1,-10.41,1.25));
#5740 = LINE('',#5741,#5742);
#5741 = CARTESIAN_POINT('',(-0.1,-10.41,7.35));
#5742 = VECTOR('',#5743,1.);
#5743 = DIRECTION('',(0.,0.,-1.));
#5744 = ORIENTED_EDGE('',*,*,#5745,.T.);
#5745 = EDGE_CURVE('',#5738,#5746,#5748,.T.);
#5746 = VERTEX_POINT('',#5747);
#5747 = CARTESIAN_POINT('',(-0.1,-9.91,1.25));
#5748 = LINE('',#5749,#5750);
#5749 = CARTESIAN_POINT('',(-0.1,-10.41,1.25));
#5750 = VECTOR('',#5751,1.);
#5751 = DIRECTION('',(1.110223024625E-16,1.,0.));
#5752 = ORIENTED_EDGE('',*,*,#5753,.T.);
#5753 = EDGE_CURVE('',#5746,#5754,#5756,.T.);
#5754 = VERTEX_POINT('',#5755);
#5755 = CARTESIAN_POINT('',(-0.1,-9.91,7.35));
#5756 = LINE('',#5757,#5758);
#5757 = CARTESIAN_POINT('',(-0.1,-9.91,1.25));
#5758 = VECTOR('',#5759,1.);
#5759 = DIRECTION('',(0.,0.,1.));
#5760 = ORIENTED_EDGE('',*,*,#5761,.T.);
#5761 = EDGE_CURVE('',#5754,#3806,#5762,.T.);
#5762 = LINE('',#5763,#5764);
#5763 = CARTESIAN_POINT('',(-0.1,-9.91,7.35));
#5764 = VECTOR('',#5765,1.);
#5765 = DIRECTION('',(7.850462293414E-17,0.707106781187,0.707106781187)
  );
#5766 = ORIENTED_EDGE('',*,*,#3813,.F.);
#5767 = ORIENTED_EDGE('',*,*,#5712,.T.);
#5768 = PLANE('',#5769);
#5769 = AXIS2_PLACEMENT_3D('',#5770,#5771,#5772);
#5770 = CARTESIAN_POINT('',(-0.1,-10.16,3.911477598424));
#5771 = DIRECTION('',(-1.,1.110223024625E-16,0.));
#5772 = DIRECTION('',(0.,0.,1.));
#5773 = ADVANCED_FACE('',(#5774),#5792,.T.);
#5774 = FACE_BOUND('',#5775,.T.);
#5775 = EDGE_LOOP('',(#5776,#5784,#5790,#5791));
#5776 = ORIENTED_EDGE('',*,*,#5777,.T.);
#5777 = EDGE_CURVE('',#5754,#5778,#5780,.T.);
#5778 = VERTEX_POINT('',#5779);
#5779 = CARTESIAN_POINT('',(0.1,-9.91,7.35));
#5780 = LINE('',#5781,#5782);
#5781 = CARTESIAN_POINT('',(-0.1,-9.91,7.35));
#5782 = VECTOR('',#5783,1.);
#5783 = DIRECTION('',(1.,-1.110223024625E-16,0.));
#5784 = ORIENTED_EDGE('',*,*,#5785,.T.);
#5785 = EDGE_CURVE('',#5778,#3798,#5786,.T.);
#5786 = LINE('',#5787,#5788);
#5787 = CARTESIAN_POINT('',(0.1,-9.91,7.35));
#5788 = VECTOR('',#5789,1.);
#5789 = DIRECTION('',(7.850462293414E-17,0.707106781187,0.707106781187)
  );
#5790 = ORIENTED_EDGE('',*,*,#3805,.F.);
#5791 = ORIENTED_EDGE('',*,*,#5761,.F.);
#5792 = PLANE('',#5793);
#5793 = AXIS2_PLACEMENT_3D('',#5794,#5795,#5796);
#5794 = CARTESIAN_POINT('',(-0.1,-9.91,7.35));
#5795 = DIRECTION('',(-7.850462293414E-17,-0.707106781187,0.707106781187
    ));
#5796 = DIRECTION('',(7.850462293414E-17,0.707106781187,0.707106781187)
  );
#5797 = ADVANCED_FACE('',(#5798),#5834,.F.);
#5798 = FACE_BOUND('',#5799,.F.);
#5799 = EDGE_LOOP('',(#5800,#5801,#5809,#5817,#5825,#5831,#5832,#5833));
#5800 = ORIENTED_EDGE('',*,*,#3893,.F.);
#5801 = ORIENTED_EDGE('',*,*,#5802,.T.);
#5802 = EDGE_CURVE('',#3886,#5803,#5805,.T.);
#5803 = VERTEX_POINT('',#5804);
#5804 = CARTESIAN_POINT('',(0.1,-10.41,7.35));
#5805 = LINE('',#5806,#5807);
#5806 = CARTESIAN_POINT('',(0.1,-10.46,7.4));
#5807 = VECTOR('',#5808,1.);
#5808 = DIRECTION('',(7.850462293414E-17,0.707106781187,-0.707106781187)
  );
#5809 = ORIENTED_EDGE('',*,*,#5810,.T.);
#5810 = EDGE_CURVE('',#5803,#5811,#5813,.T.);
#5811 = VERTEX_POINT('',#5812);
#5812 = CARTESIAN_POINT('',(0.1,-10.41,1.25));
#5813 = LINE('',#5814,#5815);
#5814 = CARTESIAN_POINT('',(0.1,-10.41,7.35));
#5815 = VECTOR('',#5816,1.);
#5816 = DIRECTION('',(0.,0.,-1.));
#5817 = ORIENTED_EDGE('',*,*,#5818,.T.);
#5818 = EDGE_CURVE('',#5811,#5819,#5821,.T.);
#5819 = VERTEX_POINT('',#5820);
#5820 = CARTESIAN_POINT('',(0.1,-9.91,1.25));
#5821 = LINE('',#5822,#5823);
#5822 = CARTESIAN_POINT('',(0.1,-10.41,1.25));
#5823 = VECTOR('',#5824,1.);
#5824 = DIRECTION('',(1.110223024625E-16,1.,0.));
#5825 = ORIENTED_EDGE('',*,*,#5826,.T.);
#5826 = EDGE_CURVE('',#5819,#5778,#5827,.T.);
#5827 = LINE('',#5828,#5829);
#5828 = CARTESIAN_POINT('',(0.1,-9.91,1.25));
#5829 = VECTOR('',#5830,1.);
#5830 = DIRECTION('',(0.,0.,1.));
#5831 = ORIENTED_EDGE('',*,*,#5785,.T.);
#5832 = ORIENTED_EDGE('',*,*,#3797,.F.);
#5833 = ORIENTED_EDGE('',*,*,#5697,.T.);
#5834 = PLANE('',#5835);
#5835 = AXIS2_PLACEMENT_3D('',#5836,#5837,#5838);
#5836 = CARTESIAN_POINT('',(0.1,-10.16,3.911477598424));
#5837 = DIRECTION('',(-1.,1.110223024625E-16,0.));
#5838 = DIRECTION('',(0.,0.,1.));
#5839 = ADVANCED_FACE('',(#5840),#5851,.T.);
#5840 = FACE_BOUND('',#5841,.T.);
#5841 = EDGE_LOOP('',(#5842,#5843,#5844,#5850));
#5842 = ORIENTED_EDGE('',*,*,#3885,.T.);
#5843 = ORIENTED_EDGE('',*,*,#5802,.T.);
#5844 = ORIENTED_EDGE('',*,*,#5845,.F.);
#5845 = EDGE_CURVE('',#5730,#5803,#5846,.T.);
#5846 = LINE('',#5847,#5848);
#5847 = CARTESIAN_POINT('',(-0.1,-10.41,7.35));
#5848 = VECTOR('',#5849,1.);
#5849 = DIRECTION('',(1.,-1.110223024625E-16,0.));
#5850 = ORIENTED_EDGE('',*,*,#5729,.F.);
#5851 = PLANE('',#5852);
#5852 = AXIS2_PLACEMENT_3D('',#5853,#5854,#5855);
#5853 = CARTESIAN_POINT('',(-0.1,-10.46,7.4));
#5854 = DIRECTION('',(7.850462293414E-17,0.707106781187,0.707106781187)
  );
#5855 = DIRECTION('',(7.850462293414E-17,0.707106781187,-0.707106781187)
  );
#5856 = ADVANCED_FACE('',(#5857),#5868,.T.);
#5857 = FACE_BOUND('',#5858,.T.);
#5858 = EDGE_LOOP('',(#5859,#5860,#5861,#5862));
#5859 = ORIENTED_EDGE('',*,*,#4061,.T.);
#5860 = ORIENTED_EDGE('',*,*,#3924,.T.);
#5861 = ORIENTED_EDGE('',*,*,#3949,.T.);
#5862 = ORIENTED_EDGE('',*,*,#5863,.T.);
#5863 = EDGE_CURVE('',#3950,#4054,#5864,.T.);
#5864 = LINE('',#5865,#5866);
#5865 = CARTESIAN_POINT('',(0.1,-7.62,0.9));
#5866 = VECTOR('',#5867,1.);
#5867 = DIRECTION('',(-1.110223024625E-16,-1.,0.));
#5868 = PLANE('',#5869);
#5869 = AXIS2_PLACEMENT_3D('',#5870,#5871,#5872);
#5870 = CARTESIAN_POINT('',(-9.396650124671E-16,-7.62,0.9));
#5871 = DIRECTION('',(0.,0.,1.));
#5872 = DIRECTION('',(1.110223024625E-16,1.,-0.));
#5873 = ADVANCED_FACE('',(#5874),#5885,.T.);
#5874 = FACE_BOUND('',#5875,.T.);
#5875 = EDGE_LOOP('',(#5876,#5877,#5883,#5884));
#5876 = ORIENTED_EDGE('',*,*,#4029,.T.);
#5877 = ORIENTED_EDGE('',*,*,#5878,.F.);
#5878 = EDGE_CURVE('',#3974,#4030,#5879,.T.);
#5879 = LINE('',#5880,#5881);
#5880 = CARTESIAN_POINT('',(-0.1,-7.62,0.9));
#5881 = VECTOR('',#5882,1.);
#5882 = DIRECTION('',(-1.110223024625E-16,-1.,0.));
#5883 = ORIENTED_EDGE('',*,*,#3981,.T.);
#5884 = ORIENTED_EDGE('',*,*,#4004,.T.);
#5885 = PLANE('',#5886);
#5886 = AXIS2_PLACEMENT_3D('',#5887,#5888,#5889);
#5887 = CARTESIAN_POINT('',(-9.396650124671E-16,-7.62,0.9));
#5888 = DIRECTION('',(0.,0.,1.));
#5889 = DIRECTION('',(1.110223024625E-16,1.,-0.));
#5890 = ADVANCED_FACE('',(#5891),#5934,.T.);
#5891 = FACE_BOUND('',#5892,.T.);
#5892 = EDGE_LOOP('',(#5893,#5894,#5902,#5910,#5918,#5926,#5932,#5933));
#5893 = ORIENTED_EDGE('',*,*,#4037,.F.);
#5894 = ORIENTED_EDGE('',*,*,#5895,.T.);
#5895 = EDGE_CURVE('',#4038,#5896,#5898,.T.);
#5896 = VERTEX_POINT('',#5897);
#5897 = CARTESIAN_POINT('',(-0.1,-7.87,7.35));
#5898 = LINE('',#5899,#5900);
#5899 = CARTESIAN_POINT('',(-0.1,-7.92,7.4));
#5900 = VECTOR('',#5901,1.);
#5901 = DIRECTION('',(7.850462293414E-17,0.707106781187,-0.707106781187)
  );
#5902 = ORIENTED_EDGE('',*,*,#5903,.T.);
#5903 = EDGE_CURVE('',#5896,#5904,#5906,.T.);
#5904 = VERTEX_POINT('',#5905);
#5905 = CARTESIAN_POINT('',(-0.1,-7.87,1.25));
#5906 = LINE('',#5907,#5908);
#5907 = CARTESIAN_POINT('',(-0.1,-7.87,7.35));
#5908 = VECTOR('',#5909,1.);
#5909 = DIRECTION('',(0.,0.,-1.));
#5910 = ORIENTED_EDGE('',*,*,#5911,.T.);
#5911 = EDGE_CURVE('',#5904,#5912,#5914,.T.);
#5912 = VERTEX_POINT('',#5913);
#5913 = CARTESIAN_POINT('',(-0.1,-7.37,1.25));
#5914 = LINE('',#5915,#5916);
#5915 = CARTESIAN_POINT('',(-0.1,-7.87,1.25));
#5916 = VECTOR('',#5917,1.);
#5917 = DIRECTION('',(1.110223024625E-16,1.,0.));
#5918 = ORIENTED_EDGE('',*,*,#5919,.T.);
#5919 = EDGE_CURVE('',#5912,#5920,#5922,.T.);
#5920 = VERTEX_POINT('',#5921);
#5921 = CARTESIAN_POINT('',(-0.1,-7.37,7.35));
#5922 = LINE('',#5923,#5924);
#5923 = CARTESIAN_POINT('',(-0.1,-7.37,1.25));
#5924 = VECTOR('',#5925,1.);
#5925 = DIRECTION('',(0.,0.,1.));
#5926 = ORIENTED_EDGE('',*,*,#5927,.T.);
#5927 = EDGE_CURVE('',#5920,#3966,#5928,.T.);
#5928 = LINE('',#5929,#5930);
#5929 = CARTESIAN_POINT('',(-0.1,-7.37,7.35));
#5930 = VECTOR('',#5931,1.);
#5931 = DIRECTION('',(7.850462293414E-17,0.707106781187,0.707106781187)
  );
#5932 = ORIENTED_EDGE('',*,*,#3973,.F.);
#5933 = ORIENTED_EDGE('',*,*,#5878,.T.);
#5934 = PLANE('',#5935);
#5935 = AXIS2_PLACEMENT_3D('',#5936,#5937,#5938);
#5936 = CARTESIAN_POINT('',(-0.1,-7.62,3.911477598424));
#5937 = DIRECTION('',(-1.,1.110223024625E-16,0.));
#5938 = DIRECTION('',(0.,0.,1.));
#5939 = ADVANCED_FACE('',(#5940),#5958,.T.);
#5940 = FACE_BOUND('',#5941,.T.);
#5941 = EDGE_LOOP('',(#5942,#5950,#5956,#5957));
#5942 = ORIENTED_EDGE('',*,*,#5943,.T.);
#5943 = EDGE_CURVE('',#5920,#5944,#5946,.T.);
#5944 = VERTEX_POINT('',#5945);
#5945 = CARTESIAN_POINT('',(0.1,-7.37,7.35));
#5946 = LINE('',#5947,#5948);
#5947 = CARTESIAN_POINT('',(-0.1,-7.37,7.35));
#5948 = VECTOR('',#5949,1.);
#5949 = DIRECTION('',(1.,-1.110223024625E-16,0.));
#5950 = ORIENTED_EDGE('',*,*,#5951,.T.);
#5951 = EDGE_CURVE('',#5944,#3958,#5952,.T.);
#5952 = LINE('',#5953,#5954);
#5953 = CARTESIAN_POINT('',(0.1,-7.37,7.35));
#5954 = VECTOR('',#5955,1.);
#5955 = DIRECTION('',(7.850462293414E-17,0.707106781187,0.707106781187)
  );
#5956 = ORIENTED_EDGE('',*,*,#3965,.F.);
#5957 = ORIENTED_EDGE('',*,*,#5927,.F.);
#5958 = PLANE('',#5959);
#5959 = AXIS2_PLACEMENT_3D('',#5960,#5961,#5962);
#5960 = CARTESIAN_POINT('',(-0.1,-7.37,7.35));
#5961 = DIRECTION('',(-7.850462293414E-17,-0.707106781187,0.707106781187
    ));
#5962 = DIRECTION('',(7.850462293414E-17,0.707106781187,0.707106781187)
  );
#5963 = ADVANCED_FACE('',(#5964),#6000,.F.);
#5964 = FACE_BOUND('',#5965,.F.);
#5965 = EDGE_LOOP('',(#5966,#5967,#5975,#5983,#5991,#5997,#5998,#5999));
#5966 = ORIENTED_EDGE('',*,*,#4053,.F.);
#5967 = ORIENTED_EDGE('',*,*,#5968,.T.);
#5968 = EDGE_CURVE('',#4046,#5969,#5971,.T.);
#5969 = VERTEX_POINT('',#5970);
#5970 = CARTESIAN_POINT('',(0.1,-7.87,7.35));
#5971 = LINE('',#5972,#5973);
#5972 = CARTESIAN_POINT('',(0.1,-7.92,7.4));
#5973 = VECTOR('',#5974,1.);
#5974 = DIRECTION('',(7.850462293414E-17,0.707106781187,-0.707106781187)
  );
#5975 = ORIENTED_EDGE('',*,*,#5976,.T.);
#5976 = EDGE_CURVE('',#5969,#5977,#5979,.T.);
#5977 = VERTEX_POINT('',#5978);
#5978 = CARTESIAN_POINT('',(0.1,-7.87,1.25));
#5979 = LINE('',#5980,#5981);
#5980 = CARTESIAN_POINT('',(0.1,-7.87,7.35));
#5981 = VECTOR('',#5982,1.);
#5982 = DIRECTION('',(0.,0.,-1.));
#5983 = ORIENTED_EDGE('',*,*,#5984,.T.);
#5984 = EDGE_CURVE('',#5977,#5985,#5987,.T.);
#5985 = VERTEX_POINT('',#5986);
#5986 = CARTESIAN_POINT('',(0.1,-7.37,1.25));
#5987 = LINE('',#5988,#5989);
#5988 = CARTESIAN_POINT('',(0.1,-7.87,1.25));
#5989 = VECTOR('',#5990,1.);
#5990 = DIRECTION('',(1.110223024625E-16,1.,0.));
#5991 = ORIENTED_EDGE('',*,*,#5992,.T.);
#5992 = EDGE_CURVE('',#5985,#5944,#5993,.T.);
#5993 = LINE('',#5994,#5995);
#5994 = CARTESIAN_POINT('',(0.1,-7.37,1.25));
#5995 = VECTOR('',#5996,1.);
#5996 = DIRECTION('',(0.,0.,1.));
#5997 = ORIENTED_EDGE('',*,*,#5951,.T.);
#5998 = ORIENTED_EDGE('',*,*,#3957,.F.);
#5999 = ORIENTED_EDGE('',*,*,#5863,.T.);
#6000 = PLANE('',#6001);
#6001 = AXIS2_PLACEMENT_3D('',#6002,#6003,#6004);
#6002 = CARTESIAN_POINT('',(0.1,-7.62,3.911477598424));
#6003 = DIRECTION('',(-1.,1.110223024625E-16,0.));
#6004 = DIRECTION('',(0.,0.,1.));
#6005 = ADVANCED_FACE('',(#6006),#6017,.T.);
#6006 = FACE_BOUND('',#6007,.T.);
#6007 = EDGE_LOOP('',(#6008,#6009,#6010,#6016));
#6008 = ORIENTED_EDGE('',*,*,#4045,.T.);
#6009 = ORIENTED_EDGE('',*,*,#5968,.T.);
#6010 = ORIENTED_EDGE('',*,*,#6011,.F.);
#6011 = EDGE_CURVE('',#5896,#5969,#6012,.T.);
#6012 = LINE('',#6013,#6014);
#6013 = CARTESIAN_POINT('',(-0.1,-7.87,7.35));
#6014 = VECTOR('',#6015,1.);
#6015 = DIRECTION('',(1.,-1.110223024625E-16,0.));
#6016 = ORIENTED_EDGE('',*,*,#5895,.F.);
#6017 = PLANE('',#6018);
#6018 = AXIS2_PLACEMENT_3D('',#6019,#6020,#6021);
#6019 = CARTESIAN_POINT('',(-0.1,-7.92,7.4));
#6020 = DIRECTION('',(7.850462293414E-17,0.707106781187,0.707106781187)
  );
#6021 = DIRECTION('',(7.850462293414E-17,0.707106781187,-0.707106781187)
  );
#6022 = ADVANCED_FACE('',(#6023),#6034,.T.);
#6023 = FACE_BOUND('',#6024,.T.);
#6024 = EDGE_LOOP('',(#6025,#6026,#6027,#6028));
#6025 = ORIENTED_EDGE('',*,*,#4221,.T.);
#6026 = ORIENTED_EDGE('',*,*,#4084,.T.);
#6027 = ORIENTED_EDGE('',*,*,#4109,.T.);
#6028 = ORIENTED_EDGE('',*,*,#6029,.T.);
#6029 = EDGE_CURVE('',#4110,#4214,#6030,.T.);
#6030 = LINE('',#6031,#6032);
#6031 = CARTESIAN_POINT('',(0.1,-5.08,0.9));
#6032 = VECTOR('',#6033,1.);
#6033 = DIRECTION('',(-1.110223024625E-16,-1.,0.));
#6034 = PLANE('',#6035);
#6035 = AXIS2_PLACEMENT_3D('',#6036,#6037,#6038);
#6036 = CARTESIAN_POINT('',(-6.576683642123E-16,-5.08,0.9));
#6037 = DIRECTION('',(0.,0.,1.));
#6038 = DIRECTION('',(1.110223024625E-16,1.,-0.));
#6039 = ADVANCED_FACE('',(#6040),#6051,.T.);
#6040 = FACE_BOUND('',#6041,.T.);
#6041 = EDGE_LOOP('',(#6042,#6043,#6049,#6050));
#6042 = ORIENTED_EDGE('',*,*,#4189,.T.);
#6043 = ORIENTED_EDGE('',*,*,#6044,.F.);
#6044 = EDGE_CURVE('',#4134,#4190,#6045,.T.);
#6045 = LINE('',#6046,#6047);
#6046 = CARTESIAN_POINT('',(-0.1,-5.08,0.9));
#6047 = VECTOR('',#6048,1.);
#6048 = DIRECTION('',(-1.110223024625E-16,-1.,0.));
#6049 = ORIENTED_EDGE('',*,*,#4141,.T.);
#6050 = ORIENTED_EDGE('',*,*,#4164,.T.);
#6051 = PLANE('',#6052);
#6052 = AXIS2_PLACEMENT_3D('',#6053,#6054,#6055);
#6053 = CARTESIAN_POINT('',(-6.576683642123E-16,-5.08,0.9));
#6054 = DIRECTION('',(0.,0.,1.));
#6055 = DIRECTION('',(1.110223024625E-16,1.,-0.));
#6056 = ADVANCED_FACE('',(#6057),#6100,.T.);
#6057 = FACE_BOUND('',#6058,.T.);
#6058 = EDGE_LOOP('',(#6059,#6060,#6068,#6076,#6084,#6092,#6098,#6099));
#6059 = ORIENTED_EDGE('',*,*,#4197,.F.);
#6060 = ORIENTED_EDGE('',*,*,#6061,.T.);
#6061 = EDGE_CURVE('',#4198,#6062,#6064,.T.);
#6062 = VERTEX_POINT('',#6063);
#6063 = CARTESIAN_POINT('',(-0.1,-5.33,7.35));
#6064 = LINE('',#6065,#6066);
#6065 = CARTESIAN_POINT('',(-0.1,-5.38,7.4));
#6066 = VECTOR('',#6067,1.);
#6067 = DIRECTION('',(7.850462293414E-17,0.707106781187,-0.707106781187)
  );
#6068 = ORIENTED_EDGE('',*,*,#6069,.T.);
#6069 = EDGE_CURVE('',#6062,#6070,#6072,.T.);
#6070 = VERTEX_POINT('',#6071);
#6071 = CARTESIAN_POINT('',(-0.1,-5.33,1.25));
#6072 = LINE('',#6073,#6074);
#6073 = CARTESIAN_POINT('',(-0.1,-5.33,7.35));
#6074 = VECTOR('',#6075,1.);
#6075 = DIRECTION('',(0.,0.,-1.));
#6076 = ORIENTED_EDGE('',*,*,#6077,.T.);
#6077 = EDGE_CURVE('',#6070,#6078,#6080,.T.);
#6078 = VERTEX_POINT('',#6079);
#6079 = CARTESIAN_POINT('',(-0.1,-4.83,1.25));
#6080 = LINE('',#6081,#6082);
#6081 = CARTESIAN_POINT('',(-0.1,-5.33,1.25));
#6082 = VECTOR('',#6083,1.);
#6083 = DIRECTION('',(1.110223024625E-16,1.,0.));
#6084 = ORIENTED_EDGE('',*,*,#6085,.T.);
#6085 = EDGE_CURVE('',#6078,#6086,#6088,.T.);
#6086 = VERTEX_POINT('',#6087);
#6087 = CARTESIAN_POINT('',(-0.1,-4.83,7.35));
#6088 = LINE('',#6089,#6090);
#6089 = CARTESIAN_POINT('',(-0.1,-4.83,1.25));
#6090 = VECTOR('',#6091,1.);
#6091 = DIRECTION('',(0.,0.,1.));
#6092 = ORIENTED_EDGE('',*,*,#6093,.T.);
#6093 = EDGE_CURVE('',#6086,#4126,#6094,.T.);
#6094 = LINE('',#6095,#6096);
#6095 = CARTESIAN_POINT('',(-0.1,-4.83,7.35));
#6096 = VECTOR('',#6097,1.);
#6097 = DIRECTION('',(7.850462293414E-17,0.707106781187,0.707106781187)
  );
#6098 = ORIENTED_EDGE('',*,*,#4133,.F.);
#6099 = ORIENTED_EDGE('',*,*,#6044,.T.);
#6100 = PLANE('',#6101);
#6101 = AXIS2_PLACEMENT_3D('',#6102,#6103,#6104);
#6102 = CARTESIAN_POINT('',(-0.1,-5.08,3.911477598424));
#6103 = DIRECTION('',(-1.,1.110223024625E-16,0.));
#6104 = DIRECTION('',(0.,0.,1.));
#6105 = ADVANCED_FACE('',(#6106),#6124,.T.);
#6106 = FACE_BOUND('',#6107,.T.);
#6107 = EDGE_LOOP('',(#6108,#6116,#6122,#6123));
#6108 = ORIENTED_EDGE('',*,*,#6109,.T.);
#6109 = EDGE_CURVE('',#6086,#6110,#6112,.T.);
#6110 = VERTEX_POINT('',#6111);
#6111 = CARTESIAN_POINT('',(0.1,-4.83,7.35));
#6112 = LINE('',#6113,#6114);
#6113 = CARTESIAN_POINT('',(-0.1,-4.83,7.35));
#6114 = VECTOR('',#6115,1.);
#6115 = DIRECTION('',(1.,-1.110223024625E-16,0.));
#6116 = ORIENTED_EDGE('',*,*,#6117,.T.);
#6117 = EDGE_CURVE('',#6110,#4118,#6118,.T.);
#6118 = LINE('',#6119,#6120);
#6119 = CARTESIAN_POINT('',(0.1,-4.83,7.35));
#6120 = VECTOR('',#6121,1.);
#6121 = DIRECTION('',(7.850462293414E-17,0.707106781187,0.707106781187)
  );
#6122 = ORIENTED_EDGE('',*,*,#4125,.F.);
#6123 = ORIENTED_EDGE('',*,*,#6093,.F.);
#6124 = PLANE('',#6125);
#6125 = AXIS2_PLACEMENT_3D('',#6126,#6127,#6128);
#6126 = CARTESIAN_POINT('',(-0.1,-4.83,7.35));
#6127 = DIRECTION('',(-7.850462293414E-17,-0.707106781187,0.707106781187
    ));
#6128 = DIRECTION('',(7.850462293414E-17,0.707106781187,0.707106781187)
  );
#6129 = ADVANCED_FACE('',(#6130),#6166,.F.);
#6130 = FACE_BOUND('',#6131,.F.);
#6131 = EDGE_LOOP('',(#6132,#6133,#6141,#6149,#6157,#6163,#6164,#6165));
#6132 = ORIENTED_EDGE('',*,*,#4213,.F.);
#6133 = ORIENTED_EDGE('',*,*,#6134,.T.);
#6134 = EDGE_CURVE('',#4206,#6135,#6137,.T.);
#6135 = VERTEX_POINT('',#6136);
#6136 = CARTESIAN_POINT('',(0.1,-5.33,7.35));
#6137 = LINE('',#6138,#6139);
#6138 = CARTESIAN_POINT('',(0.1,-5.38,7.4));
#6139 = VECTOR('',#6140,1.);
#6140 = DIRECTION('',(7.850462293414E-17,0.707106781187,-0.707106781187)
  );
#6141 = ORIENTED_EDGE('',*,*,#6142,.T.);
#6142 = EDGE_CURVE('',#6135,#6143,#6145,.T.);
#6143 = VERTEX_POINT('',#6144);
#6144 = CARTESIAN_POINT('',(0.1,-5.33,1.25));
#6145 = LINE('',#6146,#6147);
#6146 = CARTESIAN_POINT('',(0.1,-5.33,7.35));
#6147 = VECTOR('',#6148,1.);
#6148 = DIRECTION('',(0.,0.,-1.));
#6149 = ORIENTED_EDGE('',*,*,#6150,.T.);
#6150 = EDGE_CURVE('',#6143,#6151,#6153,.T.);
#6151 = VERTEX_POINT('',#6152);
#6152 = CARTESIAN_POINT('',(0.1,-4.83,1.25));
#6153 = LINE('',#6154,#6155);
#6154 = CARTESIAN_POINT('',(0.1,-5.33,1.25));
#6155 = VECTOR('',#6156,1.);
#6156 = DIRECTION('',(1.110223024625E-16,1.,0.));
#6157 = ORIENTED_EDGE('',*,*,#6158,.T.);
#6158 = EDGE_CURVE('',#6151,#6110,#6159,.T.);
#6159 = LINE('',#6160,#6161);
#6160 = CARTESIAN_POINT('',(0.1,-4.83,1.25));
#6161 = VECTOR('',#6162,1.);
#6162 = DIRECTION('',(0.,0.,1.));
#6163 = ORIENTED_EDGE('',*,*,#6117,.T.);
#6164 = ORIENTED_EDGE('',*,*,#4117,.F.);
#6165 = ORIENTED_EDGE('',*,*,#6029,.T.);
#6166 = PLANE('',#6167);
#6167 = AXIS2_PLACEMENT_3D('',#6168,#6169,#6170);
#6168 = CARTESIAN_POINT('',(0.1,-5.08,3.911477598424));
#6169 = DIRECTION('',(-1.,1.110223024625E-16,0.));
#6170 = DIRECTION('',(0.,0.,1.));
#6171 = ADVANCED_FACE('',(#6172),#6183,.T.);
#6172 = FACE_BOUND('',#6173,.T.);
#6173 = EDGE_LOOP('',(#6174,#6175,#6176,#6182));
#6174 = ORIENTED_EDGE('',*,*,#4205,.T.);
#6175 = ORIENTED_EDGE('',*,*,#6134,.T.);
#6176 = ORIENTED_EDGE('',*,*,#6177,.F.);
#6177 = EDGE_CURVE('',#6062,#6135,#6178,.T.);
#6178 = LINE('',#6179,#6180);
#6179 = CARTESIAN_POINT('',(-0.1,-5.33,7.35));
#6180 = VECTOR('',#6181,1.);
#6181 = DIRECTION('',(1.,-1.110223024625E-16,0.));
#6182 = ORIENTED_EDGE('',*,*,#6061,.F.);
#6183 = PLANE('',#6184);
#6184 = AXIS2_PLACEMENT_3D('',#6185,#6186,#6187);
#6185 = CARTESIAN_POINT('',(-0.1,-5.38,7.4));
#6186 = DIRECTION('',(7.850462293414E-17,0.707106781187,0.707106781187)
  );
#6187 = DIRECTION('',(7.850462293414E-17,0.707106781187,-0.707106781187)
  );
#6188 = ADVANCED_FACE('',(#6189),#6200,.T.);
#6189 = FACE_BOUND('',#6190,.T.);
#6190 = EDGE_LOOP('',(#6191,#6192,#6193,#6194));
#6191 = ORIENTED_EDGE('',*,*,#4381,.T.);
#6192 = ORIENTED_EDGE('',*,*,#4244,.T.);
#6193 = ORIENTED_EDGE('',*,*,#4269,.T.);
#6194 = ORIENTED_EDGE('',*,*,#6195,.T.);
#6195 = EDGE_CURVE('',#4270,#4374,#6196,.T.);
#6196 = LINE('',#6197,#6198);
#6197 = CARTESIAN_POINT('',(0.1,-2.54,0.9));
#6198 = VECTOR('',#6199,1.);
#6199 = DIRECTION('',(-1.110223024625E-16,-1.,0.));
#6200 = PLANE('',#6201);
#6201 = AXIS2_PLACEMENT_3D('',#6202,#6203,#6204);
#6202 = CARTESIAN_POINT('',(-3.756717159575E-16,-2.54,0.9));
#6203 = DIRECTION('',(0.,0.,1.));
#6204 = DIRECTION('',(1.110223024625E-16,1.,-0.));
#6205 = ADVANCED_FACE('',(#6206),#6217,.T.);
#6206 = FACE_BOUND('',#6207,.T.);
#6207 = EDGE_LOOP('',(#6208,#6209,#6215,#6216));
#6208 = ORIENTED_EDGE('',*,*,#4349,.T.);
#6209 = ORIENTED_EDGE('',*,*,#6210,.F.);
#6210 = EDGE_CURVE('',#4294,#4350,#6211,.T.);
#6211 = LINE('',#6212,#6213);
#6212 = CARTESIAN_POINT('',(-0.1,-2.54,0.9));
#6213 = VECTOR('',#6214,1.);
#6214 = DIRECTION('',(-1.110223024625E-16,-1.,0.));
#6215 = ORIENTED_EDGE('',*,*,#4301,.T.);
#6216 = ORIENTED_EDGE('',*,*,#4324,.T.);
#6217 = PLANE('',#6218);
#6218 = AXIS2_PLACEMENT_3D('',#6219,#6220,#6221);
#6219 = CARTESIAN_POINT('',(-3.756717159575E-16,-2.54,0.9));
#6220 = DIRECTION('',(0.,0.,1.));
#6221 = DIRECTION('',(1.110223024625E-16,1.,-0.));
#6222 = ADVANCED_FACE('',(#6223),#6266,.T.);
#6223 = FACE_BOUND('',#6224,.T.);
#6224 = EDGE_LOOP('',(#6225,#6226,#6234,#6242,#6250,#6258,#6264,#6265));
#6225 = ORIENTED_EDGE('',*,*,#4357,.F.);
#6226 = ORIENTED_EDGE('',*,*,#6227,.T.);
#6227 = EDGE_CURVE('',#4358,#6228,#6230,.T.);
#6228 = VERTEX_POINT('',#6229);
#6229 = CARTESIAN_POINT('',(-0.1,-2.79,7.35));
#6230 = LINE('',#6231,#6232);
#6231 = CARTESIAN_POINT('',(-0.1,-2.84,7.4));
#6232 = VECTOR('',#6233,1.);
#6233 = DIRECTION('',(7.850462293414E-17,0.707106781187,-0.707106781187)
  );
#6234 = ORIENTED_EDGE('',*,*,#6235,.T.);
#6235 = EDGE_CURVE('',#6228,#6236,#6238,.T.);
#6236 = VERTEX_POINT('',#6237);
#6237 = CARTESIAN_POINT('',(-0.1,-2.79,1.25));
#6238 = LINE('',#6239,#6240);
#6239 = CARTESIAN_POINT('',(-0.1,-2.79,7.35));
#6240 = VECTOR('',#6241,1.);
#6241 = DIRECTION('',(0.,0.,-1.));
#6242 = ORIENTED_EDGE('',*,*,#6243,.T.);
#6243 = EDGE_CURVE('',#6236,#6244,#6246,.T.);
#6244 = VERTEX_POINT('',#6245);
#6245 = CARTESIAN_POINT('',(-0.1,-2.29,1.25));
#6246 = LINE('',#6247,#6248);
#6247 = CARTESIAN_POINT('',(-0.1,-2.79,1.25));
#6248 = VECTOR('',#6249,1.);
#6249 = DIRECTION('',(1.110223024625E-16,1.,0.));
#6250 = ORIENTED_EDGE('',*,*,#6251,.T.);
#6251 = EDGE_CURVE('',#6244,#6252,#6254,.T.);
#6252 = VERTEX_POINT('',#6253);
#6253 = CARTESIAN_POINT('',(-0.1,-2.29,7.35));
#6254 = LINE('',#6255,#6256);
#6255 = CARTESIAN_POINT('',(-0.1,-2.29,1.25));
#6256 = VECTOR('',#6257,1.);
#6257 = DIRECTION('',(0.,0.,1.));
#6258 = ORIENTED_EDGE('',*,*,#6259,.T.);
#6259 = EDGE_CURVE('',#6252,#4286,#6260,.T.);
#6260 = LINE('',#6261,#6262);
#6261 = CARTESIAN_POINT('',(-0.1,-2.29,7.35));
#6262 = VECTOR('',#6263,1.);
#6263 = DIRECTION('',(7.850462293414E-17,0.707106781187,0.707106781187)
  );
#6264 = ORIENTED_EDGE('',*,*,#4293,.F.);
#6265 = ORIENTED_EDGE('',*,*,#6210,.T.);
#6266 = PLANE('',#6267);
#6267 = AXIS2_PLACEMENT_3D('',#6268,#6269,#6270);
#6268 = CARTESIAN_POINT('',(-0.1,-2.54,3.911477598424));
#6269 = DIRECTION('',(-1.,1.110223024625E-16,0.));
#6270 = DIRECTION('',(0.,0.,1.));
#6271 = ADVANCED_FACE('',(#6272),#6290,.T.);
#6272 = FACE_BOUND('',#6273,.T.);
#6273 = EDGE_LOOP('',(#6274,#6282,#6288,#6289));
#6274 = ORIENTED_EDGE('',*,*,#6275,.T.);
#6275 = EDGE_CURVE('',#6252,#6276,#6278,.T.);
#6276 = VERTEX_POINT('',#6277);
#6277 = CARTESIAN_POINT('',(0.1,-2.29,7.35));
#6278 = LINE('',#6279,#6280);
#6279 = CARTESIAN_POINT('',(-0.1,-2.29,7.35));
#6280 = VECTOR('',#6281,1.);
#6281 = DIRECTION('',(1.,-1.110223024625E-16,0.));
#6282 = ORIENTED_EDGE('',*,*,#6283,.T.);
#6283 = EDGE_CURVE('',#6276,#4278,#6284,.T.);
#6284 = LINE('',#6285,#6286);
#6285 = CARTESIAN_POINT('',(0.1,-2.29,7.35));
#6286 = VECTOR('',#6287,1.);
#6287 = DIRECTION('',(7.850462293414E-17,0.707106781187,0.707106781187)
  );
#6288 = ORIENTED_EDGE('',*,*,#4285,.F.);
#6289 = ORIENTED_EDGE('',*,*,#6259,.F.);
#6290 = PLANE('',#6291);
#6291 = AXIS2_PLACEMENT_3D('',#6292,#6293,#6294);
#6292 = CARTESIAN_POINT('',(-0.1,-2.29,7.35));
#6293 = DIRECTION('',(-7.850462293414E-17,-0.707106781187,0.707106781187
    ));
#6294 = DIRECTION('',(7.850462293414E-17,0.707106781187,0.707106781187)
  );
#6295 = ADVANCED_FACE('',(#6296),#6332,.F.);
#6296 = FACE_BOUND('',#6297,.F.);
#6297 = EDGE_LOOP('',(#6298,#6299,#6307,#6315,#6323,#6329,#6330,#6331));
#6298 = ORIENTED_EDGE('',*,*,#4373,.F.);
#6299 = ORIENTED_EDGE('',*,*,#6300,.T.);
#6300 = EDGE_CURVE('',#4366,#6301,#6303,.T.);
#6301 = VERTEX_POINT('',#6302);
#6302 = CARTESIAN_POINT('',(0.1,-2.79,7.35));
#6303 = LINE('',#6304,#6305);
#6304 = CARTESIAN_POINT('',(0.1,-2.84,7.4));
#6305 = VECTOR('',#6306,1.);
#6306 = DIRECTION('',(7.850462293414E-17,0.707106781187,-0.707106781187)
  );
#6307 = ORIENTED_EDGE('',*,*,#6308,.T.);
#6308 = EDGE_CURVE('',#6301,#6309,#6311,.T.);
#6309 = VERTEX_POINT('',#6310);
#6310 = CARTESIAN_POINT('',(0.1,-2.79,1.25));
#6311 = LINE('',#6312,#6313);
#6312 = CARTESIAN_POINT('',(0.1,-2.79,7.35));
#6313 = VECTOR('',#6314,1.);
#6314 = DIRECTION('',(0.,0.,-1.));
#6315 = ORIENTED_EDGE('',*,*,#6316,.T.);
#6316 = EDGE_CURVE('',#6309,#6317,#6319,.T.);
#6317 = VERTEX_POINT('',#6318);
#6318 = CARTESIAN_POINT('',(0.1,-2.29,1.25));
#6319 = LINE('',#6320,#6321);
#6320 = CARTESIAN_POINT('',(0.1,-2.79,1.25));
#6321 = VECTOR('',#6322,1.);
#6322 = DIRECTION('',(1.110223024625E-16,1.,0.));
#6323 = ORIENTED_EDGE('',*,*,#6324,.T.);
#6324 = EDGE_CURVE('',#6317,#6276,#6325,.T.);
#6325 = LINE('',#6326,#6327);
#6326 = CARTESIAN_POINT('',(0.1,-2.29,1.25));
#6327 = VECTOR('',#6328,1.);
#6328 = DIRECTION('',(0.,0.,1.));
#6329 = ORIENTED_EDGE('',*,*,#6283,.T.);
#6330 = ORIENTED_EDGE('',*,*,#4277,.F.);
#6331 = ORIENTED_EDGE('',*,*,#6195,.T.);
#6332 = PLANE('',#6333);
#6333 = AXIS2_PLACEMENT_3D('',#6334,#6335,#6336);
#6334 = CARTESIAN_POINT('',(0.1,-2.54,3.911477598424));
#6335 = DIRECTION('',(-1.,1.110223024625E-16,0.));
#6336 = DIRECTION('',(0.,0.,1.));
#6337 = ADVANCED_FACE('',(#6338),#6349,.T.);
#6338 = FACE_BOUND('',#6339,.T.);
#6339 = EDGE_LOOP('',(#6340,#6341,#6342,#6348));
#6340 = ORIENTED_EDGE('',*,*,#4365,.T.);
#6341 = ORIENTED_EDGE('',*,*,#6300,.T.);
#6342 = ORIENTED_EDGE('',*,*,#6343,.F.);
#6343 = EDGE_CURVE('',#6228,#6301,#6344,.T.);
#6344 = LINE('',#6345,#6346);
#6345 = CARTESIAN_POINT('',(-0.1,-2.79,7.35));
#6346 = VECTOR('',#6347,1.);
#6347 = DIRECTION('',(1.,-1.110223024625E-16,0.));
#6348 = ORIENTED_EDGE('',*,*,#6227,.F.);
#6349 = PLANE('',#6350);
#6350 = AXIS2_PLACEMENT_3D('',#6351,#6352,#6353);
#6351 = CARTESIAN_POINT('',(-0.1,-2.84,7.4));
#6352 = DIRECTION('',(7.850462293414E-17,0.707106781187,0.707106781187)
  );
#6353 = DIRECTION('',(7.850462293414E-17,0.707106781187,-0.707106781187)
  );
#6354 = ADVANCED_FACE('',(#6355),#6366,.T.);
#6355 = FACE_BOUND('',#6356,.T.);
#6356 = EDGE_LOOP('',(#6357,#6358,#6359,#6360));
#6357 = ORIENTED_EDGE('',*,*,#4541,.T.);
#6358 = ORIENTED_EDGE('',*,*,#4404,.T.);
#6359 = ORIENTED_EDGE('',*,*,#4429,.T.);
#6360 = ORIENTED_EDGE('',*,*,#6361,.T.);
#6361 = EDGE_CURVE('',#4430,#4534,#6362,.T.);
#6362 = LINE('',#6363,#6364);
#6363 = CARTESIAN_POINT('',(0.1,8.770761894539E-16,0.9));
#6364 = VECTOR('',#6365,1.);
#6365 = DIRECTION('',(-1.110223024625E-16,-1.,0.));
#6366 = PLANE('',#6367);
#6367 = AXIS2_PLACEMENT_3D('',#6368,#6369,#6370);
#6368 = CARTESIAN_POINT('',(-9.367506770275E-17,1.7763568394E-15,0.9));
#6369 = DIRECTION('',(0.,0.,1.));
#6370 = DIRECTION('',(1.110223024625E-16,1.,-0.));
#6371 = ADVANCED_FACE('',(#6372),#6383,.T.);
#6372 = FACE_BOUND('',#6373,.T.);
#6373 = EDGE_LOOP('',(#6374,#6375,#6381,#6382));
#6374 = ORIENTED_EDGE('',*,*,#4509,.T.);
#6375 = ORIENTED_EDGE('',*,*,#6376,.F.);
#6376 = EDGE_CURVE('',#4454,#4510,#6377,.T.);
#6377 = LINE('',#6378,#6379);
#6378 = CARTESIAN_POINT('',(-0.1,8.992806499464E-16,0.9));
#6379 = VECTOR('',#6380,1.);
#6380 = DIRECTION('',(-1.110223024625E-16,-1.,0.));
#6381 = ORIENTED_EDGE('',*,*,#4461,.T.);
#6382 = ORIENTED_EDGE('',*,*,#4484,.T.);
#6383 = PLANE('',#6384);
#6384 = AXIS2_PLACEMENT_3D('',#6385,#6386,#6387);
#6385 = CARTESIAN_POINT('',(-9.367506770275E-17,1.7763568394E-15,0.9));
#6386 = DIRECTION('',(0.,0.,1.));
#6387 = DIRECTION('',(1.110223024625E-16,1.,-0.));
#6388 = ADVANCED_FACE('',(#6389),#6432,.T.);
#6389 = FACE_BOUND('',#6390,.T.);
#6390 = EDGE_LOOP('',(#6391,#6392,#6400,#6408,#6416,#6424,#6430,#6431));
#6391 = ORIENTED_EDGE('',*,*,#4517,.F.);
#6392 = ORIENTED_EDGE('',*,*,#6393,.T.);
#6393 = EDGE_CURVE('',#4518,#6394,#6396,.T.);
#6394 = VERTEX_POINT('',#6395);
#6395 = CARTESIAN_POINT('',(-0.1,-0.25,7.35));
#6396 = LINE('',#6397,#6398);
#6397 = CARTESIAN_POINT('',(-0.1,-0.3,7.4));
#6398 = VECTOR('',#6399,1.);
#6399 = DIRECTION('',(7.850462293414E-17,0.707106781187,-0.707106781187)
  );
#6400 = ORIENTED_EDGE('',*,*,#6401,.T.);
#6401 = EDGE_CURVE('',#6394,#6402,#6404,.T.);
#6402 = VERTEX_POINT('',#6403);
#6403 = CARTESIAN_POINT('',(-0.1,-0.25,1.25));
#6404 = LINE('',#6405,#6406);
#6405 = CARTESIAN_POINT('',(-0.1,-0.25,7.35));
#6406 = VECTOR('',#6407,1.);
#6407 = DIRECTION('',(0.,0.,-1.));
#6408 = ORIENTED_EDGE('',*,*,#6409,.T.);
#6409 = EDGE_CURVE('',#6402,#6410,#6412,.T.);
#6410 = VERTEX_POINT('',#6411);
#6411 = CARTESIAN_POINT('',(-0.1,0.25,1.25));
#6412 = LINE('',#6413,#6414);
#6413 = CARTESIAN_POINT('',(-0.1,-0.25,1.25));
#6414 = VECTOR('',#6415,1.);
#6415 = DIRECTION('',(1.110223024625E-16,1.,0.));
#6416 = ORIENTED_EDGE('',*,*,#6417,.T.);
#6417 = EDGE_CURVE('',#6410,#6418,#6420,.T.);
#6418 = VERTEX_POINT('',#6419);
#6419 = CARTESIAN_POINT('',(-0.1,0.25,7.35));
#6420 = LINE('',#6421,#6422);
#6421 = CARTESIAN_POINT('',(-0.1,0.25,1.25));
#6422 = VECTOR('',#6423,1.);
#6423 = DIRECTION('',(0.,0.,1.));
#6424 = ORIENTED_EDGE('',*,*,#6425,.T.);
#6425 = EDGE_CURVE('',#6418,#4446,#6426,.T.);
#6426 = LINE('',#6427,#6428);
#6427 = CARTESIAN_POINT('',(-0.1,0.25,7.35));
#6428 = VECTOR('',#6429,1.);
#6429 = DIRECTION('',(7.850462293414E-17,0.707106781187,0.707106781187)
  );
#6430 = ORIENTED_EDGE('',*,*,#4453,.F.);
#6431 = ORIENTED_EDGE('',*,*,#6376,.T.);
#6432 = PLANE('',#6433);
#6433 = AXIS2_PLACEMENT_3D('',#6434,#6435,#6436);
#6434 = CARTESIAN_POINT('',(-0.1,1.110223024625E-17,3.911477598424));
#6435 = DIRECTION('',(-1.,1.110223024625E-16,0.));
#6436 = DIRECTION('',(0.,0.,1.));
#6437 = ADVANCED_FACE('',(#6438),#6456,.T.);
#6438 = FACE_BOUND('',#6439,.T.);
#6439 = EDGE_LOOP('',(#6440,#6448,#6454,#6455));
#6440 = ORIENTED_EDGE('',*,*,#6441,.T.);
#6441 = EDGE_CURVE('',#6418,#6442,#6444,.T.);
#6442 = VERTEX_POINT('',#6443);
#6443 = CARTESIAN_POINT('',(0.1,0.25,7.35));
#6444 = LINE('',#6445,#6446);
#6445 = CARTESIAN_POINT('',(-0.1,0.25,7.35));
#6446 = VECTOR('',#6447,1.);
#6447 = DIRECTION('',(1.,-1.110223024625E-16,0.));
#6448 = ORIENTED_EDGE('',*,*,#6449,.T.);
#6449 = EDGE_CURVE('',#6442,#4438,#6450,.T.);
#6450 = LINE('',#6451,#6452);
#6451 = CARTESIAN_POINT('',(0.1,0.25,7.35));
#6452 = VECTOR('',#6453,1.);
#6453 = DIRECTION('',(7.850462293414E-17,0.707106781187,0.707106781187)
  );
#6454 = ORIENTED_EDGE('',*,*,#4445,.F.);
#6455 = ORIENTED_EDGE('',*,*,#6425,.F.);
#6456 = PLANE('',#6457);
#6457 = AXIS2_PLACEMENT_3D('',#6458,#6459,#6460);
#6458 = CARTESIAN_POINT('',(-0.1,0.25,7.35));
#6459 = DIRECTION('',(-7.850462293414E-17,-0.707106781187,0.707106781187
    ));
#6460 = DIRECTION('',(7.850462293414E-17,0.707106781187,0.707106781187)
  );
#6461 = ADVANCED_FACE('',(#6462),#6498,.F.);
#6462 = FACE_BOUND('',#6463,.F.);
#6463 = EDGE_LOOP('',(#6464,#6465,#6473,#6481,#6489,#6495,#6496,#6497));
#6464 = ORIENTED_EDGE('',*,*,#4533,.F.);
#6465 = ORIENTED_EDGE('',*,*,#6466,.T.);
#6466 = EDGE_CURVE('',#4526,#6467,#6469,.T.);
#6467 = VERTEX_POINT('',#6468);
#6468 = CARTESIAN_POINT('',(0.1,-0.25,7.35));
#6469 = LINE('',#6470,#6471);
#6470 = CARTESIAN_POINT('',(0.1,-0.3,7.4));
#6471 = VECTOR('',#6472,1.);
#6472 = DIRECTION('',(7.850462293414E-17,0.707106781187,-0.707106781187)
  );
#6473 = ORIENTED_EDGE('',*,*,#6474,.T.);
#6474 = EDGE_CURVE('',#6467,#6475,#6477,.T.);
#6475 = VERTEX_POINT('',#6476);
#6476 = CARTESIAN_POINT('',(0.1,-0.25,1.25));
#6477 = LINE('',#6478,#6479);
#6478 = CARTESIAN_POINT('',(0.1,-0.25,7.35));
#6479 = VECTOR('',#6480,1.);
#6480 = DIRECTION('',(0.,0.,-1.));
#6481 = ORIENTED_EDGE('',*,*,#6482,.T.);
#6482 = EDGE_CURVE('',#6475,#6483,#6485,.T.);
#6483 = VERTEX_POINT('',#6484);
#6484 = CARTESIAN_POINT('',(0.1,0.25,1.25));
#6485 = LINE('',#6486,#6487);
#6486 = CARTESIAN_POINT('',(0.1,-0.25,1.25));
#6487 = VECTOR('',#6488,1.);
#6488 = DIRECTION('',(1.110223024625E-16,1.,0.));
#6489 = ORIENTED_EDGE('',*,*,#6490,.T.);
#6490 = EDGE_CURVE('',#6483,#6442,#6491,.T.);
#6491 = LINE('',#6492,#6493);
#6492 = CARTESIAN_POINT('',(0.1,0.25,1.25));
#6493 = VECTOR('',#6494,1.);
#6494 = DIRECTION('',(0.,0.,1.));
#6495 = ORIENTED_EDGE('',*,*,#6449,.T.);
#6496 = ORIENTED_EDGE('',*,*,#4437,.F.);
#6497 = ORIENTED_EDGE('',*,*,#6361,.T.);
#6498 = PLANE('',#6499);
#6499 = AXIS2_PLACEMENT_3D('',#6500,#6501,#6502);
#6500 = CARTESIAN_POINT('',(0.1,-1.110223024625E-17,3.911477598424));
#6501 = DIRECTION('',(-1.,1.110223024625E-16,0.));
#6502 = DIRECTION('',(0.,0.,1.));
#6503 = ADVANCED_FACE('',(#6504),#6515,.T.);
#6504 = FACE_BOUND('',#6505,.T.);
#6505 = EDGE_LOOP('',(#6506,#6507,#6508,#6514));
#6506 = ORIENTED_EDGE('',*,*,#4525,.T.);
#6507 = ORIENTED_EDGE('',*,*,#6466,.T.);
#6508 = ORIENTED_EDGE('',*,*,#6509,.F.);
#6509 = EDGE_CURVE('',#6394,#6467,#6510,.T.);
#6510 = LINE('',#6511,#6512);
#6511 = CARTESIAN_POINT('',(-0.1,-0.25,7.35));
#6512 = VECTOR('',#6513,1.);
#6513 = DIRECTION('',(1.,-1.110223024625E-16,0.));
#6514 = ORIENTED_EDGE('',*,*,#6393,.F.);
#6515 = PLANE('',#6516);
#6516 = AXIS2_PLACEMENT_3D('',#6517,#6518,#6519);
#6517 = CARTESIAN_POINT('',(-0.1,-0.3,7.4));
#6518 = DIRECTION('',(7.850462293414E-17,0.707106781187,0.707106781187)
  );
#6519 = DIRECTION('',(7.850462293414E-17,0.707106781187,-0.707106781187)
  );
#6520 = ADVANCED_FACE('',(#6521),#6532,.T.);
#6521 = FACE_BOUND('',#6522,.T.);
#6522 = EDGE_LOOP('',(#6523,#6529,#6530,#6531));
#6523 = ORIENTED_EDGE('',*,*,#6524,.T.);
#6524 = EDGE_CURVE('',#5248,#5321,#6525,.T.);
#6525 = LINE('',#6526,#6527);
#6526 = CARTESIAN_POINT('',(-0.1,-17.53,1.25));
#6527 = VECTOR('',#6528,1.);
#6528 = DIRECTION('',(1.,-1.110223024625E-16,0.));
#6529 = ORIENTED_EDGE('',*,*,#5328,.T.);
#6530 = ORIENTED_EDGE('',*,*,#5279,.F.);
#6531 = ORIENTED_EDGE('',*,*,#5255,.F.);
#6532 = PLANE('',#6533);
#6533 = AXIS2_PLACEMENT_3D('',#6534,#6535,#6536);
#6534 = CARTESIAN_POINT('',(-0.1,-17.53,1.25));
#6535 = DIRECTION('',(-1.110223024625E-16,-1.,0.));
#6536 = DIRECTION('',(0.,0.,1.));
#6537 = ADVANCED_FACE('',(#6538),#6549,.T.);
#6538 = FACE_BOUND('',#6539,.T.);
#6539 = EDGE_LOOP('',(#6540,#6546,#6547,#6548));
#6540 = ORIENTED_EDGE('',*,*,#6541,.T.);
#6541 = EDGE_CURVE('',#5240,#5313,#6542,.T.);
#6542 = LINE('',#6543,#6544);
#6543 = CARTESIAN_POINT('',(-0.1,-18.03,1.25));
#6544 = VECTOR('',#6545,1.);
#6545 = DIRECTION('',(1.,-1.110223024625E-16,0.));
#6546 = ORIENTED_EDGE('',*,*,#5320,.T.);
#6547 = ORIENTED_EDGE('',*,*,#6524,.F.);
#6548 = ORIENTED_EDGE('',*,*,#5247,.F.);
#6549 = PLANE('',#6550);
#6550 = AXIS2_PLACEMENT_3D('',#6551,#6552,#6553);
#6551 = CARTESIAN_POINT('',(-0.1,-18.03,1.25));
#6552 = DIRECTION('',(0.,0.,1.));
#6553 = DIRECTION('',(1.110223024625E-16,1.,-0.));
#6554 = ADVANCED_FACE('',(#6555),#6561,.T.);
#6555 = FACE_BOUND('',#6556,.T.);
#6556 = EDGE_LOOP('',(#6557,#6558,#6559,#6560));
#6557 = ORIENTED_EDGE('',*,*,#5347,.T.);
#6558 = ORIENTED_EDGE('',*,*,#5312,.T.);
#6559 = ORIENTED_EDGE('',*,*,#6541,.F.);
#6560 = ORIENTED_EDGE('',*,*,#5239,.F.);
#6561 = PLANE('',#6562);
#6562 = AXIS2_PLACEMENT_3D('',#6563,#6564,#6565);
#6563 = CARTESIAN_POINT('',(-0.1,-18.03,7.35));
#6564 = DIRECTION('',(1.110223024625E-16,1.,0.));
#6565 = DIRECTION('',(0.,0.,-1.));
#6566 = ADVANCED_FACE('',(#6567),#6578,.T.);
#6567 = FACE_BOUND('',#6568,.T.);
#6568 = EDGE_LOOP('',(#6569,#6575,#6576,#6577));
#6569 = ORIENTED_EDGE('',*,*,#6570,.T.);
#6570 = EDGE_CURVE('',#5414,#5487,#6571,.T.);
#6571 = LINE('',#6572,#6573);
#6572 = CARTESIAN_POINT('',(-0.1,-14.99,1.25));
#6573 = VECTOR('',#6574,1.);
#6574 = DIRECTION('',(1.,-1.110223024625E-16,0.));
#6575 = ORIENTED_EDGE('',*,*,#5494,.T.);
#6576 = ORIENTED_EDGE('',*,*,#5445,.F.);
#6577 = ORIENTED_EDGE('',*,*,#5421,.F.);
#6578 = PLANE('',#6579);
#6579 = AXIS2_PLACEMENT_3D('',#6580,#6581,#6582);
#6580 = CARTESIAN_POINT('',(-0.1,-14.99,1.25));
#6581 = DIRECTION('',(-1.110223024625E-16,-1.,0.));
#6582 = DIRECTION('',(0.,0.,1.));
#6583 = ADVANCED_FACE('',(#6584),#6595,.T.);
#6584 = FACE_BOUND('',#6585,.T.);
#6585 = EDGE_LOOP('',(#6586,#6592,#6593,#6594));
#6586 = ORIENTED_EDGE('',*,*,#6587,.T.);
#6587 = EDGE_CURVE('',#5406,#5479,#6588,.T.);
#6588 = LINE('',#6589,#6590);
#6589 = CARTESIAN_POINT('',(-0.1,-15.49,1.25));
#6590 = VECTOR('',#6591,1.);
#6591 = DIRECTION('',(1.,-1.110223024625E-16,0.));
#6592 = ORIENTED_EDGE('',*,*,#5486,.T.);
#6593 = ORIENTED_EDGE('',*,*,#6570,.F.);
#6594 = ORIENTED_EDGE('',*,*,#5413,.F.);
#6595 = PLANE('',#6596);
#6596 = AXIS2_PLACEMENT_3D('',#6597,#6598,#6599);
#6597 = CARTESIAN_POINT('',(-0.1,-15.49,1.25));
#6598 = DIRECTION('',(0.,0.,1.));
#6599 = DIRECTION('',(1.110223024625E-16,1.,-0.));
#6600 = ADVANCED_FACE('',(#6601),#6607,.T.);
#6601 = FACE_BOUND('',#6602,.T.);
#6602 = EDGE_LOOP('',(#6603,#6604,#6605,#6606));
#6603 = ORIENTED_EDGE('',*,*,#5513,.T.);
#6604 = ORIENTED_EDGE('',*,*,#5478,.T.);
#6605 = ORIENTED_EDGE('',*,*,#6587,.F.);
#6606 = ORIENTED_EDGE('',*,*,#5405,.F.);
#6607 = PLANE('',#6608);
#6608 = AXIS2_PLACEMENT_3D('',#6609,#6610,#6611);
#6609 = CARTESIAN_POINT('',(-0.1,-15.49,7.35));
#6610 = DIRECTION('',(1.110223024625E-16,1.,0.));
#6611 = DIRECTION('',(0.,0.,-1.));
#6612 = ADVANCED_FACE('',(#6613),#6624,.T.);
#6613 = FACE_BOUND('',#6614,.T.);
#6614 = EDGE_LOOP('',(#6615,#6621,#6622,#6623));
#6615 = ORIENTED_EDGE('',*,*,#6616,.T.);
#6616 = EDGE_CURVE('',#5580,#5653,#6617,.T.);
#6617 = LINE('',#6618,#6619);
#6618 = CARTESIAN_POINT('',(-0.1,-12.45,1.25));
#6619 = VECTOR('',#6620,1.);
#6620 = DIRECTION('',(1.,-1.110223024625E-16,0.));
#6621 = ORIENTED_EDGE('',*,*,#5660,.T.);
#6622 = ORIENTED_EDGE('',*,*,#5611,.F.);
#6623 = ORIENTED_EDGE('',*,*,#5587,.F.);
#6624 = PLANE('',#6625);
#6625 = AXIS2_PLACEMENT_3D('',#6626,#6627,#6628);
#6626 = CARTESIAN_POINT('',(-0.1,-12.45,1.25));
#6627 = DIRECTION('',(-1.110223024625E-16,-1.,0.));
#6628 = DIRECTION('',(0.,0.,1.));
#6629 = ADVANCED_FACE('',(#6630),#6641,.T.);
#6630 = FACE_BOUND('',#6631,.T.);
#6631 = EDGE_LOOP('',(#6632,#6638,#6639,#6640));
#6632 = ORIENTED_EDGE('',*,*,#6633,.T.);
#6633 = EDGE_CURVE('',#5572,#5645,#6634,.T.);
#6634 = LINE('',#6635,#6636);
#6635 = CARTESIAN_POINT('',(-0.1,-12.95,1.25));
#6636 = VECTOR('',#6637,1.);
#6637 = DIRECTION('',(1.,-1.110223024625E-16,0.));
#6638 = ORIENTED_EDGE('',*,*,#5652,.T.);
#6639 = ORIENTED_EDGE('',*,*,#6616,.F.);
#6640 = ORIENTED_EDGE('',*,*,#5579,.F.);
#6641 = PLANE('',#6642);
#6642 = AXIS2_PLACEMENT_3D('',#6643,#6644,#6645);
#6643 = CARTESIAN_POINT('',(-0.1,-12.95,1.25));
#6644 = DIRECTION('',(0.,0.,1.));
#6645 = DIRECTION('',(1.110223024625E-16,1.,-0.));
#6646 = ADVANCED_FACE('',(#6647),#6653,.T.);
#6647 = FACE_BOUND('',#6648,.T.);
#6648 = EDGE_LOOP('',(#6649,#6650,#6651,#6652));
#6649 = ORIENTED_EDGE('',*,*,#5679,.T.);
#6650 = ORIENTED_EDGE('',*,*,#5644,.T.);
#6651 = ORIENTED_EDGE('',*,*,#6633,.F.);
#6652 = ORIENTED_EDGE('',*,*,#5571,.F.);
#6653 = PLANE('',#6654);
#6654 = AXIS2_PLACEMENT_3D('',#6655,#6656,#6657);
#6655 = CARTESIAN_POINT('',(-0.1,-12.95,7.35));
#6656 = DIRECTION('',(1.110223024625E-16,1.,0.));
#6657 = DIRECTION('',(0.,0.,-1.));
#6658 = ADVANCED_FACE('',(#6659),#6670,.T.);
#6659 = FACE_BOUND('',#6660,.T.);
#6660 = EDGE_LOOP('',(#6661,#6667,#6668,#6669));
#6661 = ORIENTED_EDGE('',*,*,#6662,.T.);
#6662 = EDGE_CURVE('',#5746,#5819,#6663,.T.);
#6663 = LINE('',#6664,#6665);
#6664 = CARTESIAN_POINT('',(-0.1,-9.91,1.25));
#6665 = VECTOR('',#6666,1.);
#6666 = DIRECTION('',(1.,-1.110223024625E-16,0.));
#6667 = ORIENTED_EDGE('',*,*,#5826,.T.);
#6668 = ORIENTED_EDGE('',*,*,#5777,.F.);
#6669 = ORIENTED_EDGE('',*,*,#5753,.F.);
#6670 = PLANE('',#6671);
#6671 = AXIS2_PLACEMENT_3D('',#6672,#6673,#6674);
#6672 = CARTESIAN_POINT('',(-0.1,-9.91,1.25));
#6673 = DIRECTION('',(-1.110223024625E-16,-1.,0.));
#6674 = DIRECTION('',(0.,0.,1.));
#6675 = ADVANCED_FACE('',(#6676),#6687,.T.);
#6676 = FACE_BOUND('',#6677,.T.);
#6677 = EDGE_LOOP('',(#6678,#6684,#6685,#6686));
#6678 = ORIENTED_EDGE('',*,*,#6679,.T.);
#6679 = EDGE_CURVE('',#5738,#5811,#6680,.T.);
#6680 = LINE('',#6681,#6682);
#6681 = CARTESIAN_POINT('',(-0.1,-10.41,1.25));
#6682 = VECTOR('',#6683,1.);
#6683 = DIRECTION('',(1.,-1.110223024625E-16,0.));
#6684 = ORIENTED_EDGE('',*,*,#5818,.T.);
#6685 = ORIENTED_EDGE('',*,*,#6662,.F.);
#6686 = ORIENTED_EDGE('',*,*,#5745,.F.);
#6687 = PLANE('',#6688);
#6688 = AXIS2_PLACEMENT_3D('',#6689,#6690,#6691);
#6689 = CARTESIAN_POINT('',(-0.1,-10.41,1.25));
#6690 = DIRECTION('',(0.,0.,1.));
#6691 = DIRECTION('',(1.110223024625E-16,1.,-0.));
#6692 = ADVANCED_FACE('',(#6693),#6699,.T.);
#6693 = FACE_BOUND('',#6694,.T.);
#6694 = EDGE_LOOP('',(#6695,#6696,#6697,#6698));
#6695 = ORIENTED_EDGE('',*,*,#5845,.T.);
#6696 = ORIENTED_EDGE('',*,*,#5810,.T.);
#6697 = ORIENTED_EDGE('',*,*,#6679,.F.);
#6698 = ORIENTED_EDGE('',*,*,#5737,.F.);
#6699 = PLANE('',#6700);
#6700 = AXIS2_PLACEMENT_3D('',#6701,#6702,#6703);
#6701 = CARTESIAN_POINT('',(-0.1,-10.41,7.35));
#6702 = DIRECTION('',(1.110223024625E-16,1.,0.));
#6703 = DIRECTION('',(0.,0.,-1.));
#6704 = ADVANCED_FACE('',(#6705),#6716,.T.);
#6705 = FACE_BOUND('',#6706,.T.);
#6706 = EDGE_LOOP('',(#6707,#6713,#6714,#6715));
#6707 = ORIENTED_EDGE('',*,*,#6708,.T.);
#6708 = EDGE_CURVE('',#5912,#5985,#6709,.T.);
#6709 = LINE('',#6710,#6711);
#6710 = CARTESIAN_POINT('',(-0.1,-7.37,1.25));
#6711 = VECTOR('',#6712,1.);
#6712 = DIRECTION('',(1.,-1.110223024625E-16,0.));
#6713 = ORIENTED_EDGE('',*,*,#5992,.T.);
#6714 = ORIENTED_EDGE('',*,*,#5943,.F.);
#6715 = ORIENTED_EDGE('',*,*,#5919,.F.);
#6716 = PLANE('',#6717);
#6717 = AXIS2_PLACEMENT_3D('',#6718,#6719,#6720);
#6718 = CARTESIAN_POINT('',(-0.1,-7.37,1.25));
#6719 = DIRECTION('',(-1.110223024625E-16,-1.,0.));
#6720 = DIRECTION('',(0.,0.,1.));
#6721 = ADVANCED_FACE('',(#6722),#6733,.T.);
#6722 = FACE_BOUND('',#6723,.T.);
#6723 = EDGE_LOOP('',(#6724,#6730,#6731,#6732));
#6724 = ORIENTED_EDGE('',*,*,#6725,.T.);
#6725 = EDGE_CURVE('',#5904,#5977,#6726,.T.);
#6726 = LINE('',#6727,#6728);
#6727 = CARTESIAN_POINT('',(-0.1,-7.87,1.25));
#6728 = VECTOR('',#6729,1.);
#6729 = DIRECTION('',(1.,-1.110223024625E-16,0.));
#6730 = ORIENTED_EDGE('',*,*,#5984,.T.);
#6731 = ORIENTED_EDGE('',*,*,#6708,.F.);
#6732 = ORIENTED_EDGE('',*,*,#5911,.F.);
#6733 = PLANE('',#6734);
#6734 = AXIS2_PLACEMENT_3D('',#6735,#6736,#6737);
#6735 = CARTESIAN_POINT('',(-0.1,-7.87,1.25));
#6736 = DIRECTION('',(0.,0.,1.));
#6737 = DIRECTION('',(1.110223024625E-16,1.,-0.));
#6738 = ADVANCED_FACE('',(#6739),#6745,.T.);
#6739 = FACE_BOUND('',#6740,.T.);
#6740 = EDGE_LOOP('',(#6741,#6742,#6743,#6744));
#6741 = ORIENTED_EDGE('',*,*,#6011,.T.);
#6742 = ORIENTED_EDGE('',*,*,#5976,.T.);
#6743 = ORIENTED_EDGE('',*,*,#6725,.F.);
#6744 = ORIENTED_EDGE('',*,*,#5903,.F.);
#6745 = PLANE('',#6746);
#6746 = AXIS2_PLACEMENT_3D('',#6747,#6748,#6749);
#6747 = CARTESIAN_POINT('',(-0.1,-7.87,7.35));
#6748 = DIRECTION('',(1.110223024625E-16,1.,0.));
#6749 = DIRECTION('',(0.,0.,-1.));
#6750 = ADVANCED_FACE('',(#6751),#6762,.T.);
#6751 = FACE_BOUND('',#6752,.T.);
#6752 = EDGE_LOOP('',(#6753,#6759,#6760,#6761));
#6753 = ORIENTED_EDGE('',*,*,#6754,.T.);
#6754 = EDGE_CURVE('',#6078,#6151,#6755,.T.);
#6755 = LINE('',#6756,#6757);
#6756 = CARTESIAN_POINT('',(-0.1,-4.83,1.25));
#6757 = VECTOR('',#6758,1.);
#6758 = DIRECTION('',(1.,-1.110223024625E-16,0.));
#6759 = ORIENTED_EDGE('',*,*,#6158,.T.);
#6760 = ORIENTED_EDGE('',*,*,#6109,.F.);
#6761 = ORIENTED_EDGE('',*,*,#6085,.F.);
#6762 = PLANE('',#6763);
#6763 = AXIS2_PLACEMENT_3D('',#6764,#6765,#6766);
#6764 = CARTESIAN_POINT('',(-0.1,-4.83,1.25));
#6765 = DIRECTION('',(-1.110223024625E-16,-1.,0.));
#6766 = DIRECTION('',(0.,0.,1.));
#6767 = ADVANCED_FACE('',(#6768),#6779,.T.);
#6768 = FACE_BOUND('',#6769,.T.);
#6769 = EDGE_LOOP('',(#6770,#6776,#6777,#6778));
#6770 = ORIENTED_EDGE('',*,*,#6771,.T.);
#6771 = EDGE_CURVE('',#6070,#6143,#6772,.T.);
#6772 = LINE('',#6773,#6774);
#6773 = CARTESIAN_POINT('',(-0.1,-5.33,1.25));
#6774 = VECTOR('',#6775,1.);
#6775 = DIRECTION('',(1.,-1.110223024625E-16,0.));
#6776 = ORIENTED_EDGE('',*,*,#6150,.T.);
#6777 = ORIENTED_EDGE('',*,*,#6754,.F.);
#6778 = ORIENTED_EDGE('',*,*,#6077,.F.);
#6779 = PLANE('',#6780);
#6780 = AXIS2_PLACEMENT_3D('',#6781,#6782,#6783);
#6781 = CARTESIAN_POINT('',(-0.1,-5.33,1.25));
#6782 = DIRECTION('',(0.,0.,1.));
#6783 = DIRECTION('',(1.110223024625E-16,1.,-0.));
#6784 = ADVANCED_FACE('',(#6785),#6791,.T.);
#6785 = FACE_BOUND('',#6786,.T.);
#6786 = EDGE_LOOP('',(#6787,#6788,#6789,#6790));
#6787 = ORIENTED_EDGE('',*,*,#6177,.T.);
#6788 = ORIENTED_EDGE('',*,*,#6142,.T.);
#6789 = ORIENTED_EDGE('',*,*,#6771,.F.);
#6790 = ORIENTED_EDGE('',*,*,#6069,.F.);
#6791 = PLANE('',#6792);
#6792 = AXIS2_PLACEMENT_3D('',#6793,#6794,#6795);
#6793 = CARTESIAN_POINT('',(-0.1,-5.33,7.35));
#6794 = DIRECTION('',(1.110223024625E-16,1.,0.));
#6795 = DIRECTION('',(0.,0.,-1.));
#6796 = ADVANCED_FACE('',(#6797),#6808,.T.);
#6797 = FACE_BOUND('',#6798,.T.);
#6798 = EDGE_LOOP('',(#6799,#6805,#6806,#6807));
#6799 = ORIENTED_EDGE('',*,*,#6800,.T.);
#6800 = EDGE_CURVE('',#6244,#6317,#6801,.T.);
#6801 = LINE('',#6802,#6803);
#6802 = CARTESIAN_POINT('',(-0.1,-2.29,1.25));
#6803 = VECTOR('',#6804,1.);
#6804 = DIRECTION('',(1.,-1.110223024625E-16,0.));
#6805 = ORIENTED_EDGE('',*,*,#6324,.T.);
#6806 = ORIENTED_EDGE('',*,*,#6275,.F.);
#6807 = ORIENTED_EDGE('',*,*,#6251,.F.);
#6808 = PLANE('',#6809);
#6809 = AXIS2_PLACEMENT_3D('',#6810,#6811,#6812);
#6810 = CARTESIAN_POINT('',(-0.1,-2.29,1.25));
#6811 = DIRECTION('',(-1.110223024625E-16,-1.,0.));
#6812 = DIRECTION('',(0.,0.,1.));
#6813 = ADVANCED_FACE('',(#6814),#6825,.T.);
#6814 = FACE_BOUND('',#6815,.T.);
#6815 = EDGE_LOOP('',(#6816,#6822,#6823,#6824));
#6816 = ORIENTED_EDGE('',*,*,#6817,.T.);
#6817 = EDGE_CURVE('',#6236,#6309,#6818,.T.);
#6818 = LINE('',#6819,#6820);
#6819 = CARTESIAN_POINT('',(-0.1,-2.79,1.25));
#6820 = VECTOR('',#6821,1.);
#6821 = DIRECTION('',(1.,-1.110223024625E-16,0.));
#6822 = ORIENTED_EDGE('',*,*,#6316,.T.);
#6823 = ORIENTED_EDGE('',*,*,#6800,.F.);
#6824 = ORIENTED_EDGE('',*,*,#6243,.F.);
#6825 = PLANE('',#6826);
#6826 = AXIS2_PLACEMENT_3D('',#6827,#6828,#6829);
#6827 = CARTESIAN_POINT('',(-0.1,-2.79,1.25));
#6828 = DIRECTION('',(0.,0.,1.));
#6829 = DIRECTION('',(1.110223024625E-16,1.,-0.));
#6830 = ADVANCED_FACE('',(#6831),#6837,.T.);
#6831 = FACE_BOUND('',#6832,.T.);
#6832 = EDGE_LOOP('',(#6833,#6834,#6835,#6836));
#6833 = ORIENTED_EDGE('',*,*,#6343,.T.);
#6834 = ORIENTED_EDGE('',*,*,#6308,.T.);
#6835 = ORIENTED_EDGE('',*,*,#6817,.F.);
#6836 = ORIENTED_EDGE('',*,*,#6235,.F.);
#6837 = PLANE('',#6838);
#6838 = AXIS2_PLACEMENT_3D('',#6839,#6840,#6841);
#6839 = CARTESIAN_POINT('',(-0.1,-2.79,7.35));
#6840 = DIRECTION('',(1.110223024625E-16,1.,0.));
#6841 = DIRECTION('',(0.,0.,-1.));
#6842 = ADVANCED_FACE('',(#6843),#6854,.T.);
#6843 = FACE_BOUND('',#6844,.T.);
#6844 = EDGE_LOOP('',(#6845,#6851,#6852,#6853));
#6845 = ORIENTED_EDGE('',*,*,#6846,.T.);
#6846 = EDGE_CURVE('',#6410,#6483,#6847,.T.);
#6847 = LINE('',#6848,#6849);
#6848 = CARTESIAN_POINT('',(-0.1,0.25,1.25));
#6849 = VECTOR('',#6850,1.);
#6850 = DIRECTION('',(1.,-1.110223024625E-16,0.));
#6851 = ORIENTED_EDGE('',*,*,#6490,.T.);
#6852 = ORIENTED_EDGE('',*,*,#6441,.F.);
#6853 = ORIENTED_EDGE('',*,*,#6417,.F.);
#6854 = PLANE('',#6855);
#6855 = AXIS2_PLACEMENT_3D('',#6856,#6857,#6858);
#6856 = CARTESIAN_POINT('',(-0.1,0.25,1.25));
#6857 = DIRECTION('',(-1.110223024625E-16,-1.,0.));
#6858 = DIRECTION('',(0.,0.,1.));
#6859 = ADVANCED_FACE('',(#6860),#6871,.T.);
#6860 = FACE_BOUND('',#6861,.T.);
#6861 = EDGE_LOOP('',(#6862,#6868,#6869,#6870));
#6862 = ORIENTED_EDGE('',*,*,#6863,.T.);
#6863 = EDGE_CURVE('',#6402,#6475,#6864,.T.);
#6864 = LINE('',#6865,#6866);
#6865 = CARTESIAN_POINT('',(-0.1,-0.25,1.25));
#6866 = VECTOR('',#6867,1.);
#6867 = DIRECTION('',(1.,-1.110223024625E-16,0.));
#6868 = ORIENTED_EDGE('',*,*,#6482,.T.);
#6869 = ORIENTED_EDGE('',*,*,#6846,.F.);
#6870 = ORIENTED_EDGE('',*,*,#6409,.F.);
#6871 = PLANE('',#6872);
#6872 = AXIS2_PLACEMENT_3D('',#6873,#6874,#6875);
#6873 = CARTESIAN_POINT('',(-0.1,-0.25,1.25));
#6874 = DIRECTION('',(0.,0.,1.));
#6875 = DIRECTION('',(1.110223024625E-16,1.,-0.));
#6876 = ADVANCED_FACE('',(#6877),#6883,.T.);
#6877 = FACE_BOUND('',#6878,.T.);
#6878 = EDGE_LOOP('',(#6879,#6880,#6881,#6882));
#6879 = ORIENTED_EDGE('',*,*,#6509,.T.);
#6880 = ORIENTED_EDGE('',*,*,#6474,.T.);
#6881 = ORIENTED_EDGE('',*,*,#6863,.F.);
#6882 = ORIENTED_EDGE('',*,*,#6401,.F.);
#6883 = PLANE('',#6884);
#6884 = AXIS2_PLACEMENT_3D('',#6885,#6886,#6887);
#6885 = CARTESIAN_POINT('',(-0.1,-0.25,7.35));
#6886 = DIRECTION('',(1.110223024625E-16,1.,0.));
#6887 = DIRECTION('',(0.,0.,-1.));
#6888 = ( GEOMETRIC_REPRESENTATION_CONTEXT(3) 
GLOBAL_UNCERTAINTY_ASSIGNED_CONTEXT((#6892)) 
GLOBAL_UNIT_ASSIGNED_CONTEXT((#6889,#6890,#6891)) REPRESENTATION_CONTEXT
('Context #1','3D Context with UNIT and UNCERTAINTY') );
#6889 = ( LENGTH_UNIT() NAMED_UNIT(*) SI_UNIT(.MILLI.,.METRE.) );
#6890 = ( NAMED_UNIT(*) PLANE_ANGLE_UNIT() SI_UNIT($,.RADIAN.) );
#6891 = ( NAMED_UNIT(*) SI_UNIT($,.STERADIAN.) SOLID_ANGLE_UNIT() );
#6892 = UNCERTAINTY_MEASURE_WITH_UNIT(LENGTH_MEASURE(1.E-07),#6889,
  'distance_accuracy_value','confusion accuracy');
#6893 = CONTEXT_DEPENDENT_SHAPE_REPRESENTATION(#6894,#6896);
#6894 = ( REPRESENTATION_RELATIONSHIP('','',#397,#374) 
REPRESENTATION_RELATIONSHIP_WITH_TRANSFORMATION(#6895) 
SHAPE_REPRESENTATION_RELATIONSHIP() );
#6895 = ITEM_DEFINED_TRANSFORMATION('','',#11,#375);
#6896 = PRODUCT_DEFINITION_SHAPE('Placement','Placement of an item',
  #6897);
#6897 = NEXT_ASSEMBLY_USAGE_OCCURRENCE('3','=>[0:1:1:5]','',#369,#392,$
  );
#6898 = PRODUCT_RELATED_PRODUCT_CATEGORY('part',$,(#394));
#6899 = SHAPE_DEFINITION_REPRESENTATION(#6900,#6906);
#6900 = PRODUCT_DEFINITION_SHAPE('','',#6901);
#6901 = PRODUCT_DEFINITION('design','',#6902,#6905);
#6902 = PRODUCT_DEFINITION_FORMATION('','',#6903);
#6903 = PRODUCT('Nov992_PCB','Nov992_PCB','',(#6904));
#6904 = PRODUCT_CONTEXT('',#2,'mechanical');
#6905 = PRODUCT_DEFINITION_CONTEXT('part definition',#2,'design');
#6906 = ADVANCED_BREP_SHAPE_REPRESENTATION('',(#11,#6907),#9069);
#6907 = MANIFOLD_SOLID_BREP('',#6908);
#6908 = CLOSED_SHELL('',(#6909,#6951,#6982,#7013,#7593,#8173,#8190,#8207
    ,#8224,#8241,#8253,#8270,#8287,#8304,#8321,#8338,#8355,#8372,#8389,
    #8406,#8423,#8440,#8457,#8474,#8491,#8508,#8525,#8542,#8559,#8576,
    #8593,#8610,#8627,#8644,#8661,#8678,#8695,#8712,#8729,#8746,#8763,
    #8780,#8797,#8814,#8831,#8848,#8865,#8882,#8899,#8916,#8933,#8950,
    #8967,#8984,#9001,#9018,#9035,#9052));
#6909 = ADVANCED_FACE('',(#6910),#6946,.T.);
#6910 = FACE_BOUND('',#6911,.T.);
#6911 = EDGE_LOOP('',(#6912,#6922,#6931,#6939));
#6912 = ORIENTED_EDGE('',*,*,#6913,.T.);
#6913 = EDGE_CURVE('',#6914,#6916,#6918,.T.);
#6914 = VERTEX_POINT('',#6915);
#6915 = CARTESIAN_POINT('',(180.9976,-64.9224,0.));
#6916 = VERTEX_POINT('',#6917);
#6917 = CARTESIAN_POINT('',(180.9976,-64.9224,1.51));
#6918 = LINE('',#6919,#6920);
#6919 = CARTESIAN_POINT('',(180.9976,-64.9224,0.));
#6920 = VECTOR('',#6921,1.);
#6921 = DIRECTION('',(0.,0.,1.));
#6922 = ORIENTED_EDGE('',*,*,#6923,.T.);
#6923 = EDGE_CURVE('',#6916,#6924,#6926,.T.);
#6924 = VERTEX_POINT('',#6925);
#6925 = CARTESIAN_POINT('',(183.9976,-67.9224,1.51));
#6926 = CIRCLE('',#6927,3.000001172987);
#6927 = AXIS2_PLACEMENT_3D('',#6928,#6929,#6930);
#6928 = CARTESIAN_POINT('',(180.99759882701,-67.92240117298,1.51));
#6929 = DIRECTION('',(0.,0.,-1.));
#6930 = DIRECTION('',(3.909953616065E-07,1.,0.));
#6931 = ORIENTED_EDGE('',*,*,#6932,.F.);
#6932 = EDGE_CURVE('',#6933,#6924,#6935,.T.);
#6933 = VERTEX_POINT('',#6934);
#6934 = CARTESIAN_POINT('',(183.9976,-67.9224,0.));
#6935 = LINE('',#6936,#6937);
#6936 = CARTESIAN_POINT('',(183.9976,-67.9224,0.));
#6937 = VECTOR('',#6938,1.);
#6938 = DIRECTION('',(0.,0.,1.));
#6939 = ORIENTED_EDGE('',*,*,#6940,.F.);
#6940 = EDGE_CURVE('',#6914,#6933,#6941,.T.);
#6941 = CIRCLE('',#6942,3.000001172987);
#6942 = AXIS2_PLACEMENT_3D('',#6943,#6944,#6945);
#6943 = CARTESIAN_POINT('',(180.99759882701,-67.92240117298,0.));
#6944 = DIRECTION('',(0.,0.,-1.));
#6945 = DIRECTION('',(3.909953616065E-07,1.,0.));
#6946 = CYLINDRICAL_SURFACE('',#6947,3.000001172987);
#6947 = AXIS2_PLACEMENT_3D('',#6948,#6949,#6950);
#6948 = CARTESIAN_POINT('',(180.99759882701,-67.92240117298,0.));
#6949 = DIRECTION('',(0.,0.,-1.));
#6950 = DIRECTION('',(3.909953616065E-07,1.,0.));
#6951 = ADVANCED_FACE('',(#6952),#6977,.T.);
#6952 = FACE_BOUND('',#6953,.T.);
#6953 = EDGE_LOOP('',(#6954,#6964,#6970,#6971));
#6954 = ORIENTED_EDGE('',*,*,#6955,.T.);
#6955 = EDGE_CURVE('',#6956,#6958,#6960,.T.);
#6956 = VERTEX_POINT('',#6957);
#6957 = CARTESIAN_POINT('',(96.599,-64.9224,0.));
#6958 = VERTEX_POINT('',#6959);
#6959 = CARTESIAN_POINT('',(96.599,-64.9224,1.51));
#6960 = LINE('',#6961,#6962);
#6961 = CARTESIAN_POINT('',(96.599,-64.9224,0.));
#6962 = VECTOR('',#6963,1.);
#6963 = DIRECTION('',(0.,0.,1.));
#6964 = ORIENTED_EDGE('',*,*,#6965,.T.);
#6965 = EDGE_CURVE('',#6958,#6916,#6966,.T.);
#6966 = LINE('',#6967,#6968);
#6967 = CARTESIAN_POINT('',(96.599,-64.9224,1.51));
#6968 = VECTOR('',#6969,1.);
#6969 = DIRECTION('',(1.,0.,0.));
#6970 = ORIENTED_EDGE('',*,*,#6913,.F.);
#6971 = ORIENTED_EDGE('',*,*,#6972,.F.);
#6972 = EDGE_CURVE('',#6956,#6914,#6973,.T.);
#6973 = LINE('',#6974,#6975);
#6974 = CARTESIAN_POINT('',(96.599,-64.9224,0.));
#6975 = VECTOR('',#6976,1.);
#6976 = DIRECTION('',(1.,0.,0.));
#6977 = PLANE('',#6978);
#6978 = AXIS2_PLACEMENT_3D('',#6979,#6980,#6981);
#6979 = CARTESIAN_POINT('',(96.599,-64.9224,0.));
#6980 = DIRECTION('',(0.,1.,0.));
#6981 = DIRECTION('',(1.,0.,0.));
#6982 = ADVANCED_FACE('',(#6983),#7008,.T.);
#6983 = FACE_BOUND('',#6984,.T.);
#6984 = EDGE_LOOP('',(#6985,#6986,#6994,#7002));
#6985 = ORIENTED_EDGE('',*,*,#6932,.T.);
#6986 = ORIENTED_EDGE('',*,*,#6987,.T.);
#6987 = EDGE_CURVE('',#6924,#6988,#6990,.T.);
#6988 = VERTEX_POINT('',#6989);
#6989 = CARTESIAN_POINT('',(183.9976,-123.4412,1.51));
#6990 = LINE('',#6991,#6992);
#6991 = CARTESIAN_POINT('',(183.9976,-67.9224,1.51));
#6992 = VECTOR('',#6993,1.);
#6993 = DIRECTION('',(0.,-1.,0.));
#6994 = ORIENTED_EDGE('',*,*,#6995,.F.);
#6995 = EDGE_CURVE('',#6996,#6988,#6998,.T.);
#6996 = VERTEX_POINT('',#6997);
#6997 = CARTESIAN_POINT('',(183.9976,-123.4412,0.));
#6998 = LINE('',#6999,#7000);
#6999 = CARTESIAN_POINT('',(183.9976,-123.4412,0.));
#7000 = VECTOR('',#7001,1.);
#7001 = DIRECTION('',(0.,0.,1.));
#7002 = ORIENTED_EDGE('',*,*,#7003,.F.);
#7003 = EDGE_CURVE('',#6933,#6996,#7004,.T.);
#7004 = LINE('',#7005,#7006);
#7005 = CARTESIAN_POINT('',(183.9976,-67.9224,0.));
#7006 = VECTOR('',#7007,1.);
#7007 = DIRECTION('',(0.,-1.,0.));
#7008 = PLANE('',#7009);
#7009 = AXIS2_PLACEMENT_3D('',#7010,#7011,#7012);
#7010 = CARTESIAN_POINT('',(183.9976,-67.9224,0.));
#7011 = DIRECTION('',(1.,0.,-0.));
#7012 = DIRECTION('',(0.,-1.,0.));
#7013 = ADVANCED_FACE('',(#7014,#7060,#7071,#7082,#7093,#7104,#7115,
    #7126,#7137,#7148,#7159,#7170,#7181,#7192,#7203,#7214,#7225,#7236,
    #7247,#7258,#7269,#7280,#7291,#7302,#7313,#7324,#7335,#7346,#7357,
    #7368,#7379,#7390,#7401,#7412,#7423,#7434,#7445,#7456,#7467,#7478,
    #7489,#7500,#7511,#7522,#7533,#7544,#7555,#7566,#7577),#7588,.F.);
#7014 = FACE_BOUND('',#7015,.F.);
#7015 = EDGE_LOOP('',(#7016,#7017,#7018,#7027,#7035,#7044,#7052,#7059));
#7016 = ORIENTED_EDGE('',*,*,#6940,.F.);
#7017 = ORIENTED_EDGE('',*,*,#6972,.F.);
#7018 = ORIENTED_EDGE('',*,*,#7019,.F.);
#7019 = EDGE_CURVE('',#7020,#6956,#7022,.T.);
#7020 = VERTEX_POINT('',#7021);
#7021 = CARTESIAN_POINT('',(93.599,-67.9224,0.));
#7022 = CIRCLE('',#7023,3.000001172987);
#7023 = AXIS2_PLACEMENT_3D('',#7024,#7025,#7026);
#7024 = CARTESIAN_POINT('',(96.599001172987,-67.92240117298,0.));
#7025 = DIRECTION('',(0.,0.,-1.));
#7026 = DIRECTION('',(-1.,3.909953663434E-07,0.));
#7027 = ORIENTED_EDGE('',*,*,#7028,.F.);
#7028 = EDGE_CURVE('',#7029,#7020,#7031,.T.);
#7029 = VERTEX_POINT('',#7030);
#7030 = CARTESIAN_POINT('',(93.599,-123.4412,0.));
#7031 = LINE('',#7032,#7033);
#7032 = CARTESIAN_POINT('',(93.599,-123.4412,0.));
#7033 = VECTOR('',#7034,1.);
#7034 = DIRECTION('',(0.,1.,0.));
#7035 = ORIENTED_EDGE('',*,*,#7036,.F.);
#7036 = EDGE_CURVE('',#7037,#7029,#7039,.T.);
#7037 = VERTEX_POINT('',#7038);
#7038 = CARTESIAN_POINT('',(96.599,-126.4412,0.));
#7039 = CIRCLE('',#7040,3.000001172987);
#7040 = AXIS2_PLACEMENT_3D('',#7041,#7042,#7043);
#7041 = CARTESIAN_POINT('',(96.599001172987,-123.441198827,0.));
#7042 = DIRECTION('',(0.,0.,-1.));
#7043 = DIRECTION('',(-3.909953568695E-07,-1.,-0.));
#7044 = ORIENTED_EDGE('',*,*,#7045,.F.);
#7045 = EDGE_CURVE('',#7046,#7037,#7048,.T.);
#7046 = VERTEX_POINT('',#7047);
#7047 = CARTESIAN_POINT('',(180.9976,-126.4412,0.));
#7048 = LINE('',#7049,#7050);
#7049 = CARTESIAN_POINT('',(180.9976,-126.4412,0.));
#7050 = VECTOR('',#7051,1.);
#7051 = DIRECTION('',(-1.,0.,0.));
#7052 = ORIENTED_EDGE('',*,*,#7053,.F.);
#7053 = EDGE_CURVE('',#6996,#7046,#7054,.T.);
#7054 = CIRCLE('',#7055,3.000001172987);
#7055 = AXIS2_PLACEMENT_3D('',#7056,#7057,#7058);
#7056 = CARTESIAN_POINT('',(180.99759882701,-123.441198827,0.));
#7057 = DIRECTION('',(0.,0.,-1.));
#7058 = DIRECTION('',(1.,-3.909953616065E-07,0.));
#7059 = ORIENTED_EDGE('',*,*,#7003,.F.);
#7060 = FACE_BOUND('',#7061,.F.);
#7061 = EDGE_LOOP('',(#7062));
#7062 = ORIENTED_EDGE('',*,*,#7063,.T.);
#7063 = EDGE_CURVE('',#7064,#7064,#7066,.T.);
#7064 = VERTEX_POINT('',#7065);
#7065 = CARTESIAN_POINT('',(98.7298,-121.7166,0.));
#7066 = CIRCLE('',#7067,1.6);
#7067 = AXIS2_PLACEMENT_3D('',#7068,#7069,#7070);
#7068 = CARTESIAN_POINT('',(98.7298,-120.1166,0.));
#7069 = DIRECTION('',(-0.,0.,-1.));
#7070 = DIRECTION('',(-8.881784197001E-15,-1.,0.));
#7071 = FACE_BOUND('',#7072,.F.);
#7072 = EDGE_LOOP('',(#7073));
#7073 = ORIENTED_EDGE('',*,*,#7074,.T.);
#7074 = EDGE_CURVE('',#7075,#7075,#7077,.T.);
#7075 = VERTEX_POINT('',#7076);
#7076 = CARTESIAN_POINT('',(105.3408,-100.6466,0.));
#7077 = CIRCLE('',#7078,0.85);
#7078 = AXIS2_PLACEMENT_3D('',#7079,#7080,#7081);
#7079 = CARTESIAN_POINT('',(105.3408,-99.7966,0.));
#7080 = DIRECTION('',(-0.,0.,-1.));
#7081 = DIRECTION('',(-0.,-1.,0.));
#7082 = FACE_BOUND('',#7083,.F.);
#7083 = EDGE_LOOP('',(#7084));
#7084 = ORIENTED_EDGE('',*,*,#7085,.T.);
#7085 = EDGE_CURVE('',#7086,#7086,#7088,.T.);
#7086 = VERTEX_POINT('',#7087);
#7087 = CARTESIAN_POINT('',(106.6108,-98.0066,0.));
#7088 = CIRCLE('',#7089,0.75);
#7089 = AXIS2_PLACEMENT_3D('',#7090,#7091,#7092);
#7090 = CARTESIAN_POINT('',(106.6108,-97.2566,0.));
#7091 = DIRECTION('',(-0.,0.,-1.));
#7092 = DIRECTION('',(-0.,-1.,0.));
#7093 = FACE_BOUND('',#7094,.F.);
#7094 = EDGE_LOOP('',(#7095));
#7095 = ORIENTED_EDGE('',*,*,#7096,.T.);
#7096 = EDGE_CURVE('',#7097,#7097,#7099,.T.);
#7097 = VERTEX_POINT('',#7098);
#7098 = CARTESIAN_POINT('',(110.4208,-101.7966,0.));
#7099 = CIRCLE('',#7100,2.);
#7100 = AXIS2_PLACEMENT_3D('',#7101,#7102,#7103);
#7101 = CARTESIAN_POINT('',(110.4208,-99.7966,0.));
#7102 = DIRECTION('',(-0.,0.,-1.));
#7103 = DIRECTION('',(-0.,-1.,0.));
#7104 = FACE_BOUND('',#7105,.F.);
#7105 = EDGE_LOOP('',(#7106));
#7106 = ORIENTED_EDGE('',*,*,#7107,.T.);
#7107 = EDGE_CURVE('',#7108,#7108,#7110,.T.);
#7108 = VERTEX_POINT('',#7109);
#7109 = CARTESIAN_POINT('',(115.5008,-100.6466,0.));
#7110 = CIRCLE('',#7111,0.85);
#7111 = AXIS2_PLACEMENT_3D('',#7112,#7113,#7114);
#7112 = CARTESIAN_POINT('',(115.5008,-99.7966,0.));
#7113 = DIRECTION('',(-0.,0.,-1.));
#7114 = DIRECTION('',(-0.,-1.,0.));
#7115 = FACE_BOUND('',#7116,.F.);
#7116 = EDGE_LOOP('',(#7117));
#7117 = ORIENTED_EDGE('',*,*,#7118,.T.);
#7118 = EDGE_CURVE('',#7119,#7119,#7121,.T.);
#7119 = VERTEX_POINT('',#7120);
#7120 = CARTESIAN_POINT('',(124.4408,-100.6466,0.));
#7121 = CIRCLE('',#7122,0.85);
#7122 = AXIS2_PLACEMENT_3D('',#7123,#7124,#7125);
#7123 = CARTESIAN_POINT('',(124.4408,-99.7966,0.));
#7124 = DIRECTION('',(-0.,0.,-1.));
#7125 = DIRECTION('',(-0.,-1.,0.));
#7126 = FACE_BOUND('',#7127,.F.);
#7127 = EDGE_LOOP('',(#7128));
#7128 = ORIENTED_EDGE('',*,*,#7129,.T.);
#7129 = EDGE_CURVE('',#7130,#7130,#7132,.T.);
#7130 = VERTEX_POINT('',#7131);
#7131 = CARTESIAN_POINT('',(125.7108,-98.0066,0.));
#7132 = CIRCLE('',#7133,0.75);
#7133 = AXIS2_PLACEMENT_3D('',#7134,#7135,#7136);
#7134 = CARTESIAN_POINT('',(125.7108,-97.2566,0.));
#7135 = DIRECTION('',(-0.,0.,-1.));
#7136 = DIRECTION('',(-0.,-1.,0.));
#7137 = FACE_BOUND('',#7138,.F.);
#7138 = EDGE_LOOP('',(#7139));
#7139 = ORIENTED_EDGE('',*,*,#7140,.T.);
#7140 = EDGE_CURVE('',#7141,#7141,#7143,.T.);
#7141 = VERTEX_POINT('',#7142);
#7142 = CARTESIAN_POINT('',(129.5208,-101.7966,0.));
#7143 = CIRCLE('',#7144,2.);
#7144 = AXIS2_PLACEMENT_3D('',#7145,#7146,#7147);
#7145 = CARTESIAN_POINT('',(129.5208,-99.7966,0.));
#7146 = DIRECTION('',(-0.,0.,-1.));
#7147 = DIRECTION('',(-0.,-1.,0.));
#7148 = FACE_BOUND('',#7149,.F.);
#7149 = EDGE_LOOP('',(#7150));
#7150 = ORIENTED_EDGE('',*,*,#7151,.T.);
#7151 = EDGE_CURVE('',#7152,#7152,#7154,.T.);
#7152 = VERTEX_POINT('',#7153);
#7153 = CARTESIAN_POINT('',(134.6008,-100.6466,0.));
#7154 = CIRCLE('',#7155,0.85);
#7155 = AXIS2_PLACEMENT_3D('',#7156,#7157,#7158);
#7156 = CARTESIAN_POINT('',(134.6008,-99.7966,0.));
#7157 = DIRECTION('',(-0.,0.,-1.));
#7158 = DIRECTION('',(-0.,-1.,0.));
#7159 = FACE_BOUND('',#7160,.F.);
#7160 = EDGE_LOOP('',(#7161));
#7161 = ORIENTED_EDGE('',*,*,#7162,.T.);
#7162 = EDGE_CURVE('',#7163,#7163,#7165,.T.);
#7163 = VERTEX_POINT('',#7164);
#7164 = CARTESIAN_POINT('',(179.07,-121.615,0.));
#7165 = CIRCLE('',#7166,1.6);
#7166 = AXIS2_PLACEMENT_3D('',#7167,#7168,#7169);
#7167 = CARTESIAN_POINT('',(179.07,-120.015,0.));
#7168 = DIRECTION('',(-0.,0.,-1.));
#7169 = DIRECTION('',(-0.,-1.,0.));
#7170 = FACE_BOUND('',#7171,.F.);
#7171 = EDGE_LOOP('',(#7172));
#7172 = ORIENTED_EDGE('',*,*,#7173,.T.);
#7173 = EDGE_CURVE('',#7174,#7174,#7176,.T.);
#7174 = VERTEX_POINT('',#7175);
#7175 = CARTESIAN_POINT('',(143.5908,-100.6466,0.));
#7176 = CIRCLE('',#7177,0.85);
#7177 = AXIS2_PLACEMENT_3D('',#7178,#7179,#7180);
#7178 = CARTESIAN_POINT('',(143.5908,-99.7966,0.));
#7179 = DIRECTION('',(-0.,0.,-1.));
#7180 = DIRECTION('',(-0.,-1.,0.));
#7181 = FACE_BOUND('',#7182,.F.);
#7182 = EDGE_LOOP('',(#7183));
#7183 = ORIENTED_EDGE('',*,*,#7184,.T.);
#7184 = EDGE_CURVE('',#7185,#7185,#7187,.T.);
#7185 = VERTEX_POINT('',#7186);
#7186 = CARTESIAN_POINT('',(148.6708,-101.7966,0.));
#7187 = CIRCLE('',#7188,2.);
#7188 = AXIS2_PLACEMENT_3D('',#7189,#7190,#7191);
#7189 = CARTESIAN_POINT('',(148.6708,-99.7966,0.));
#7190 = DIRECTION('',(-0.,0.,-1.));
#7191 = DIRECTION('',(-0.,-1.,0.));
#7192 = FACE_BOUND('',#7193,.F.);
#7193 = EDGE_LOOP('',(#7194));
#7194 = ORIENTED_EDGE('',*,*,#7195,.T.);
#7195 = EDGE_CURVE('',#7196,#7196,#7198,.T.);
#7196 = VERTEX_POINT('',#7197);
#7197 = CARTESIAN_POINT('',(144.8608,-98.0066,0.));
#7198 = CIRCLE('',#7199,0.75);
#7199 = AXIS2_PLACEMENT_3D('',#7200,#7201,#7202);
#7200 = CARTESIAN_POINT('',(144.8608,-97.2566,0.));
#7201 = DIRECTION('',(-0.,0.,-1.));
#7202 = DIRECTION('',(-0.,-1.,0.));
#7203 = FACE_BOUND('',#7204,.F.);
#7204 = EDGE_LOOP('',(#7205));
#7205 = ORIENTED_EDGE('',*,*,#7206,.T.);
#7206 = EDGE_CURVE('',#7207,#7207,#7209,.T.);
#7207 = VERTEX_POINT('',#7208);
#7208 = CARTESIAN_POINT('',(153.7508,-100.6466,0.));
#7209 = CIRCLE('',#7210,0.85);
#7210 = AXIS2_PLACEMENT_3D('',#7211,#7212,#7213);
#7211 = CARTESIAN_POINT('',(153.7508,-99.7966,0.));
#7212 = DIRECTION('',(-0.,0.,-1.));
#7213 = DIRECTION('',(-0.,-1.,0.));
#7214 = FACE_BOUND('',#7215,.F.);
#7215 = EDGE_LOOP('',(#7216));
#7216 = ORIENTED_EDGE('',*,*,#7217,.T.);
#7217 = EDGE_CURVE('',#7218,#7218,#7220,.T.);
#7218 = VERTEX_POINT('',#7219);
#7219 = CARTESIAN_POINT('',(162.6108,-100.6466,0.));
#7220 = CIRCLE('',#7221,0.85);
#7221 = AXIS2_PLACEMENT_3D('',#7222,#7223,#7224);
#7222 = CARTESIAN_POINT('',(162.6108,-99.7966,0.));
#7223 = DIRECTION('',(-0.,0.,-1.));
#7224 = DIRECTION('',(3.343730521224E-14,-1.,-0.));
#7225 = FACE_BOUND('',#7226,.F.);
#7226 = EDGE_LOOP('',(#7227));
#7227 = ORIENTED_EDGE('',*,*,#7228,.T.);
#7228 = EDGE_CURVE('',#7229,#7229,#7231,.T.);
#7229 = VERTEX_POINT('',#7230);
#7230 = CARTESIAN_POINT('',(167.6908,-101.7966,0.));
#7231 = CIRCLE('',#7232,2.);
#7232 = AXIS2_PLACEMENT_3D('',#7233,#7234,#7235);
#7233 = CARTESIAN_POINT('',(167.6908,-99.7966,0.));
#7234 = DIRECTION('',(-0.,0.,-1.));
#7235 = DIRECTION('',(-0.,-1.,0.));
#7236 = FACE_BOUND('',#7237,.F.);
#7237 = EDGE_LOOP('',(#7238));
#7238 = ORIENTED_EDGE('',*,*,#7239,.T.);
#7239 = EDGE_CURVE('',#7240,#7240,#7242,.T.);
#7240 = VERTEX_POINT('',#7241);
#7241 = CARTESIAN_POINT('',(163.8808,-98.0066,0.));
#7242 = CIRCLE('',#7243,0.75);
#7243 = AXIS2_PLACEMENT_3D('',#7244,#7245,#7246);
#7244 = CARTESIAN_POINT('',(163.8808,-97.2566,0.));
#7245 = DIRECTION('',(-0.,0.,-1.));
#7246 = DIRECTION('',(-0.,-1.,0.));
#7247 = FACE_BOUND('',#7248,.F.);
#7248 = EDGE_LOOP('',(#7249));
#7249 = ORIENTED_EDGE('',*,*,#7250,.T.);
#7250 = EDGE_CURVE('',#7251,#7251,#7253,.T.);
#7251 = VERTEX_POINT('',#7252);
#7252 = CARTESIAN_POINT('',(172.7708,-100.6466,0.));
#7253 = CIRCLE('',#7254,0.85);
#7254 = AXIS2_PLACEMENT_3D('',#7255,#7256,#7257);
#7255 = CARTESIAN_POINT('',(172.7708,-99.7966,0.));
#7256 = DIRECTION('',(-0.,0.,-1.));
#7257 = DIRECTION('',(-0.,-1.,0.));
#7258 = FACE_BOUND('',#7259,.F.);
#7259 = EDGE_LOOP('',(#7260));
#7260 = ORIENTED_EDGE('',*,*,#7261,.T.);
#7261 = EDGE_CURVE('',#7262,#7262,#7264,.T.);
#7262 = VERTEX_POINT('',#7263);
#7263 = CARTESIAN_POINT('',(112.9608,-95.4666,0.));
#7264 = CIRCLE('',#7265,0.75);
#7265 = AXIS2_PLACEMENT_3D('',#7266,#7267,#7268);
#7266 = CARTESIAN_POINT('',(112.9608,-94.7166,0.));
#7267 = DIRECTION('',(-0.,0.,-1.));
#7268 = DIRECTION('',(-0.,-1.,0.));
#7269 = FACE_BOUND('',#7270,.F.);
#7270 = EDGE_LOOP('',(#7271));
#7271 = ORIENTED_EDGE('',*,*,#7272,.T.);
#7272 = EDGE_CURVE('',#7273,#7273,#7275,.T.);
#7273 = VERTEX_POINT('',#7274);
#7274 = CARTESIAN_POINT('',(107.8708,-87.3466,0.));
#7275 = CIRCLE('',#7276,0.5);
#7276 = AXIS2_PLACEMENT_3D('',#7277,#7278,#7279);
#7277 = CARTESIAN_POINT('',(107.8708,-86.8466,0.));
#7278 = DIRECTION('',(-0.,0.,-1.));
#7279 = DIRECTION('',(-0.,-1.,0.));
#7280 = FACE_BOUND('',#7281,.F.);
#7281 = EDGE_LOOP('',(#7282));
#7282 = ORIENTED_EDGE('',*,*,#7283,.T.);
#7283 = EDGE_CURVE('',#7284,#7284,#7286,.T.);
#7284 = VERTEX_POINT('',#7285);
#7285 = CARTESIAN_POINT('',(110.4108,-87.3466,0.));
#7286 = CIRCLE('',#7287,0.5);
#7287 = AXIS2_PLACEMENT_3D('',#7288,#7289,#7290);
#7288 = CARTESIAN_POINT('',(110.4108,-86.8466,0.));
#7289 = DIRECTION('',(-0.,0.,-1.));
#7290 = DIRECTION('',(-0.,-1.,0.));
#7291 = FACE_BOUND('',#7292,.F.);
#7292 = EDGE_LOOP('',(#7293));
#7293 = ORIENTED_EDGE('',*,*,#7294,.T.);
#7294 = EDGE_CURVE('',#7295,#7295,#7297,.T.);
#7295 = VERTEX_POINT('',#7296);
#7296 = CARTESIAN_POINT('',(112.9508,-87.3466,0.));
#7297 = CIRCLE('',#7298,0.5);
#7298 = AXIS2_PLACEMENT_3D('',#7299,#7300,#7301);
#7299 = CARTESIAN_POINT('',(112.9508,-86.8466,0.));
#7300 = DIRECTION('',(-0.,0.,-1.));
#7301 = DIRECTION('',(-0.,-1.,0.));
#7302 = FACE_BOUND('',#7303,.F.);
#7303 = EDGE_LOOP('',(#7304));
#7304 = ORIENTED_EDGE('',*,*,#7305,.T.);
#7305 = EDGE_CURVE('',#7306,#7306,#7308,.T.);
#7306 = VERTEX_POINT('',#7307);
#7307 = CARTESIAN_POINT('',(115.4908,-87.3466,0.));
#7308 = CIRCLE('',#7309,0.5);
#7309 = AXIS2_PLACEMENT_3D('',#7310,#7311,#7312);
#7310 = CARTESIAN_POINT('',(115.4908,-86.8466,0.));
#7311 = DIRECTION('',(-0.,0.,-1.));
#7312 = DIRECTION('',(-0.,-1.,0.));
#7313 = FACE_BOUND('',#7314,.F.);
#7314 = EDGE_LOOP('',(#7315));
#7315 = ORIENTED_EDGE('',*,*,#7316,.T.);
#7316 = EDGE_CURVE('',#7317,#7317,#7319,.T.);
#7317 = VERTEX_POINT('',#7318);
#7318 = CARTESIAN_POINT('',(132.0608,-95.4666,0.));
#7319 = CIRCLE('',#7320,0.75);
#7320 = AXIS2_PLACEMENT_3D('',#7321,#7322,#7323);
#7321 = CARTESIAN_POINT('',(132.0608,-94.7166,0.));
#7322 = DIRECTION('',(-0.,0.,-1.));
#7323 = DIRECTION('',(-0.,-1.,0.));
#7324 = FACE_BOUND('',#7325,.F.);
#7325 = EDGE_LOOP('',(#7326));
#7326 = ORIENTED_EDGE('',*,*,#7327,.T.);
#7327 = EDGE_CURVE('',#7328,#7328,#7330,.T.);
#7328 = VERTEX_POINT('',#7329);
#7329 = CARTESIAN_POINT('',(118.0308,-87.3466,0.));
#7330 = CIRCLE('',#7331,0.5);
#7331 = AXIS2_PLACEMENT_3D('',#7332,#7333,#7334);
#7332 = CARTESIAN_POINT('',(118.0308,-86.8466,0.));
#7333 = DIRECTION('',(-0.,0.,-1.));
#7334 = DIRECTION('',(-0.,-1.,0.));
#7335 = FACE_BOUND('',#7336,.F.);
#7336 = EDGE_LOOP('',(#7337));
#7337 = ORIENTED_EDGE('',*,*,#7338,.T.);
#7338 = EDGE_CURVE('',#7339,#7339,#7341,.T.);
#7339 = VERTEX_POINT('',#7340);
#7340 = CARTESIAN_POINT('',(120.5708,-87.3466,0.));
#7341 = CIRCLE('',#7342,0.5);
#7342 = AXIS2_PLACEMENT_3D('',#7343,#7344,#7345);
#7343 = CARTESIAN_POINT('',(120.5708,-86.8466,0.));
#7344 = DIRECTION('',(-0.,0.,-1.));
#7345 = DIRECTION('',(-0.,-1.,0.));
#7346 = FACE_BOUND('',#7347,.F.);
#7347 = EDGE_LOOP('',(#7348));
#7348 = ORIENTED_EDGE('',*,*,#7349,.T.);
#7349 = EDGE_CURVE('',#7350,#7350,#7352,.T.);
#7350 = VERTEX_POINT('',#7351);
#7351 = CARTESIAN_POINT('',(123.1108,-87.3466,0.));
#7352 = CIRCLE('',#7353,0.5);
#7353 = AXIS2_PLACEMENT_3D('',#7354,#7355,#7356);
#7354 = CARTESIAN_POINT('',(123.1108,-86.8466,0.));
#7355 = DIRECTION('',(-0.,0.,-1.));
#7356 = DIRECTION('',(-0.,-1.,0.));
#7357 = FACE_BOUND('',#7358,.F.);
#7358 = EDGE_LOOP('',(#7359));
#7359 = ORIENTED_EDGE('',*,*,#7360,.T.);
#7360 = EDGE_CURVE('',#7361,#7361,#7363,.T.);
#7361 = VERTEX_POINT('',#7362);
#7362 = CARTESIAN_POINT('',(125.6508,-87.3466,0.));
#7363 = CIRCLE('',#7364,0.5);
#7364 = AXIS2_PLACEMENT_3D('',#7365,#7366,#7367);
#7365 = CARTESIAN_POINT('',(125.6508,-86.8466,0.));
#7366 = DIRECTION('',(-0.,0.,-1.));
#7367 = DIRECTION('',(-0.,-1.,0.));
#7368 = FACE_BOUND('',#7369,.F.);
#7369 = EDGE_LOOP('',(#7370));
#7370 = ORIENTED_EDGE('',*,*,#7371,.T.);
#7371 = EDGE_CURVE('',#7372,#7372,#7374,.T.);
#7372 = VERTEX_POINT('',#7373);
#7373 = CARTESIAN_POINT('',(131.4508,-87.9111,0.));
#7374 = CIRCLE('',#7375,0.4445);
#7375 = AXIS2_PLACEMENT_3D('',#7376,#7377,#7378);
#7376 = CARTESIAN_POINT('',(131.4508,-87.4666,0.));
#7377 = DIRECTION('',(-0.,0.,-1.));
#7378 = DIRECTION('',(-6.394085361171E-14,-1.,0.));
#7379 = FACE_BOUND('',#7380,.F.);
#7380 = EDGE_LOOP('',(#7381));
#7381 = ORIENTED_EDGE('',*,*,#7382,.T.);
#7382 = EDGE_CURVE('',#7383,#7383,#7385,.T.);
#7383 = VERTEX_POINT('',#7384);
#7384 = CARTESIAN_POINT('',(131.4508,-85.3711,0.));
#7385 = CIRCLE('',#7386,0.4445);
#7386 = AXIS2_PLACEMENT_3D('',#7387,#7388,#7389);
#7387 = CARTESIAN_POINT('',(131.4508,-84.9266,0.));
#7388 = DIRECTION('',(-0.,0.,-1.));
#7389 = DIRECTION('',(-6.394085361171E-14,-1.,0.));
#7390 = FACE_BOUND('',#7391,.F.);
#7391 = EDGE_LOOP('',(#7392));
#7392 = ORIENTED_EDGE('',*,*,#7393,.T.);
#7393 = EDGE_CURVE('',#7394,#7394,#7396,.T.);
#7394 = VERTEX_POINT('',#7395);
#7395 = CARTESIAN_POINT('',(131.4508,-82.8311,0.));
#7396 = CIRCLE('',#7397,0.4445);
#7397 = AXIS2_PLACEMENT_3D('',#7398,#7399,#7400);
#7398 = CARTESIAN_POINT('',(131.4508,-82.3866,0.));
#7399 = DIRECTION('',(-0.,0.,-1.));
#7400 = DIRECTION('',(-6.394085361171E-14,-1.,0.));
#7401 = FACE_BOUND('',#7402,.F.);
#7402 = EDGE_LOOP('',(#7403));
#7403 = ORIENTED_EDGE('',*,*,#7404,.T.);
#7404 = EDGE_CURVE('',#7405,#7405,#7407,.T.);
#7405 = VERTEX_POINT('',#7406);
#7406 = CARTESIAN_POINT('',(98.6028,-71.2468,0.));
#7407 = CIRCLE('',#7408,1.6);
#7408 = AXIS2_PLACEMENT_3D('',#7409,#7410,#7411);
#7409 = CARTESIAN_POINT('',(98.6028,-69.6468,0.));
#7410 = DIRECTION('',(-0.,0.,-1.));
#7411 = DIRECTION('',(-0.,-1.,0.));
#7412 = FACE_BOUND('',#7413,.F.);
#7413 = EDGE_LOOP('',(#7414));
#7414 = ORIENTED_EDGE('',*,*,#7415,.T.);
#7415 = EDGE_CURVE('',#7416,#7416,#7418,.T.);
#7416 = VERTEX_POINT('',#7417);
#7417 = CARTESIAN_POINT('',(131.4508,-80.2911,0.));
#7418 = CIRCLE('',#7419,0.4445);
#7419 = AXIS2_PLACEMENT_3D('',#7420,#7421,#7422);
#7420 = CARTESIAN_POINT('',(131.4508,-79.8466,0.));
#7421 = DIRECTION('',(-0.,0.,-1.));
#7422 = DIRECTION('',(-6.394085361171E-14,-1.,0.));
#7423 = FACE_BOUND('',#7424,.F.);
#7424 = EDGE_LOOP('',(#7425));
#7425 = ORIENTED_EDGE('',*,*,#7426,.T.);
#7426 = EDGE_CURVE('',#7427,#7427,#7429,.T.);
#7427 = VERTEX_POINT('',#7428);
#7428 = CARTESIAN_POINT('',(131.4508,-77.7511,0.));
#7429 = CIRCLE('',#7430,0.4445);
#7430 = AXIS2_PLACEMENT_3D('',#7431,#7432,#7433);
#7431 = CARTESIAN_POINT('',(131.4508,-77.3066,0.));
#7432 = DIRECTION('',(-0.,0.,-1.));
#7433 = DIRECTION('',(-6.394085361171E-14,-1.,0.));
#7434 = FACE_BOUND('',#7435,.F.);
#7435 = EDGE_LOOP('',(#7436));
#7436 = ORIENTED_EDGE('',*,*,#7437,.T.);
#7437 = EDGE_CURVE('',#7438,#7438,#7440,.T.);
#7438 = VERTEX_POINT('',#7439);
#7439 = CARTESIAN_POINT('',(131.4508,-75.2111,0.));
#7440 = CIRCLE('',#7441,0.4445);
#7441 = AXIS2_PLACEMENT_3D('',#7442,#7443,#7444);
#7442 = CARTESIAN_POINT('',(131.4508,-74.7666,0.));
#7443 = DIRECTION('',(-0.,0.,-1.));
#7444 = DIRECTION('',(-6.394085361171E-14,-1.,0.));
#7445 = FACE_BOUND('',#7446,.F.);
#7446 = EDGE_LOOP('',(#7447));
#7447 = ORIENTED_EDGE('',*,*,#7448,.T.);
#7448 = EDGE_CURVE('',#7449,#7449,#7451,.T.);
#7449 = VERTEX_POINT('',#7450);
#7450 = CARTESIAN_POINT('',(131.4508,-72.6711,0.));
#7451 = CIRCLE('',#7452,0.4445);
#7452 = AXIS2_PLACEMENT_3D('',#7453,#7454,#7455);
#7453 = CARTESIAN_POINT('',(131.4508,-72.2266,0.));
#7454 = DIRECTION('',(-0.,0.,-1.));
#7455 = DIRECTION('',(-6.394085361171E-14,-1.,0.));
#7456 = FACE_BOUND('',#7457,.F.);
#7457 = EDGE_LOOP('',(#7458));
#7458 = ORIENTED_EDGE('',*,*,#7459,.T.);
#7459 = EDGE_CURVE('',#7460,#7460,#7462,.T.);
#7460 = VERTEX_POINT('',#7461);
#7461 = CARTESIAN_POINT('',(151.2108,-95.4666,0.));
#7462 = CIRCLE('',#7463,0.75);
#7463 = AXIS2_PLACEMENT_3D('',#7464,#7465,#7466);
#7464 = CARTESIAN_POINT('',(151.2108,-94.7166,0.));
#7465 = DIRECTION('',(-0.,0.,-1.));
#7466 = DIRECTION('',(-0.,-1.,0.));
#7467 = FACE_BOUND('',#7468,.F.);
#7468 = EDGE_LOOP('',(#7469));
#7469 = ORIENTED_EDGE('',*,*,#7470,.T.);
#7470 = EDGE_CURVE('',#7471,#7471,#7473,.T.);
#7471 = VERTEX_POINT('',#7472);
#7472 = CARTESIAN_POINT('',(146.6908,-87.9111,0.));
#7473 = CIRCLE('',#7474,0.4445);
#7474 = AXIS2_PLACEMENT_3D('',#7475,#7476,#7477);
#7475 = CARTESIAN_POINT('',(146.6908,-87.4666,0.));
#7476 = DIRECTION('',(-0.,0.,-1.));
#7477 = DIRECTION('',(-0.,-1.,0.));
#7478 = FACE_BOUND('',#7479,.F.);
#7479 = EDGE_LOOP('',(#7480));
#7480 = ORIENTED_EDGE('',*,*,#7481,.T.);
#7481 = EDGE_CURVE('',#7482,#7482,#7484,.T.);
#7482 = VERTEX_POINT('',#7483);
#7483 = CARTESIAN_POINT('',(146.6908,-85.3711,0.));
#7484 = CIRCLE('',#7485,0.4445);
#7485 = AXIS2_PLACEMENT_3D('',#7486,#7487,#7488);
#7486 = CARTESIAN_POINT('',(146.6908,-84.9266,0.));
#7487 = DIRECTION('',(-0.,0.,-1.));
#7488 = DIRECTION('',(-0.,-1.,0.));
#7489 = FACE_BOUND('',#7490,.F.);
#7490 = EDGE_LOOP('',(#7491));
#7491 = ORIENTED_EDGE('',*,*,#7492,.T.);
#7492 = EDGE_CURVE('',#7493,#7493,#7495,.T.);
#7493 = VERTEX_POINT('',#7494);
#7494 = CARTESIAN_POINT('',(146.6908,-82.8311,0.));
#7495 = CIRCLE('',#7496,0.4445);
#7496 = AXIS2_PLACEMENT_3D('',#7497,#7498,#7499);
#7497 = CARTESIAN_POINT('',(146.6908,-82.3866,0.));
#7498 = DIRECTION('',(-0.,0.,-1.));
#7499 = DIRECTION('',(-0.,-1.,0.));
#7500 = FACE_BOUND('',#7501,.F.);
#7501 = EDGE_LOOP('',(#7502));
#7502 = ORIENTED_EDGE('',*,*,#7503,.T.);
#7503 = EDGE_CURVE('',#7504,#7504,#7506,.T.);
#7504 = VERTEX_POINT('',#7505);
#7505 = CARTESIAN_POINT('',(170.2308,-95.4666,0.));
#7506 = CIRCLE('',#7507,0.75);
#7507 = AXIS2_PLACEMENT_3D('',#7508,#7509,#7510);
#7508 = CARTESIAN_POINT('',(170.2308,-94.7166,0.));
#7509 = DIRECTION('',(-0.,0.,-1.));
#7510 = DIRECTION('',(-0.,-1.,0.));
#7511 = FACE_BOUND('',#7512,.F.);
#7512 = EDGE_LOOP('',(#7513));
#7513 = ORIENTED_EDGE('',*,*,#7514,.T.);
#7514 = EDGE_CURVE('',#7515,#7515,#7517,.T.);
#7515 = VERTEX_POINT('',#7516);
#7516 = CARTESIAN_POINT('',(170.8208,-87.6466,0.));
#7517 = CIRCLE('',#7518,0.5);
#7518 = AXIS2_PLACEMENT_3D('',#7519,#7520,#7521);
#7519 = CARTESIAN_POINT('',(170.8208,-87.1466,0.));
#7520 = DIRECTION('',(-0.,0.,-1.));
#7521 = DIRECTION('',(-0.,-1.,0.));
#7522 = FACE_BOUND('',#7523,.F.);
#7523 = EDGE_LOOP('',(#7524));
#7524 = ORIENTED_EDGE('',*,*,#7525,.T.);
#7525 = EDGE_CURVE('',#7526,#7526,#7528,.T.);
#7526 = VERTEX_POINT('',#7527);
#7527 = CARTESIAN_POINT('',(146.6908,-80.2911,0.));
#7528 = CIRCLE('',#7529,0.4445);
#7529 = AXIS2_PLACEMENT_3D('',#7530,#7531,#7532);
#7530 = CARTESIAN_POINT('',(146.6908,-79.8466,0.));
#7531 = DIRECTION('',(-0.,0.,-1.));
#7532 = DIRECTION('',(-0.,-1.,0.));
#7533 = FACE_BOUND('',#7534,.F.);
#7534 = EDGE_LOOP('',(#7535));
#7535 = ORIENTED_EDGE('',*,*,#7536,.T.);
#7536 = EDGE_CURVE('',#7537,#7537,#7539,.T.);
#7537 = VERTEX_POINT('',#7538);
#7538 = CARTESIAN_POINT('',(146.6908,-77.7511,0.));
#7539 = CIRCLE('',#7540,0.4445);
#7540 = AXIS2_PLACEMENT_3D('',#7541,#7542,#7543);
#7541 = CARTESIAN_POINT('',(146.6908,-77.3066,0.));
#7542 = DIRECTION('',(-0.,0.,-1.));
#7543 = DIRECTION('',(-0.,-1.,0.));
#7544 = FACE_BOUND('',#7545,.F.);
#7545 = EDGE_LOOP('',(#7546));
#7546 = ORIENTED_EDGE('',*,*,#7547,.T.);
#7547 = EDGE_CURVE('',#7548,#7548,#7550,.T.);
#7548 = VERTEX_POINT('',#7549);
#7549 = CARTESIAN_POINT('',(146.6908,-75.2111,0.));
#7550 = CIRCLE('',#7551,0.4445);
#7551 = AXIS2_PLACEMENT_3D('',#7552,#7553,#7554);
#7552 = CARTESIAN_POINT('',(146.6908,-74.7666,0.));
#7553 = DIRECTION('',(-0.,0.,-1.));
#7554 = DIRECTION('',(-0.,-1.,0.));
#7555 = FACE_BOUND('',#7556,.F.);
#7556 = EDGE_LOOP('',(#7557));
#7557 = ORIENTED_EDGE('',*,*,#7558,.T.);
#7558 = EDGE_CURVE('',#7559,#7559,#7561,.T.);
#7559 = VERTEX_POINT('',#7560);
#7560 = CARTESIAN_POINT('',(146.6908,-72.6711,0.));
#7561 = CIRCLE('',#7562,0.4445);
#7562 = AXIS2_PLACEMENT_3D('',#7563,#7564,#7565);
#7563 = CARTESIAN_POINT('',(146.6908,-72.2266,0.));
#7564 = DIRECTION('',(-0.,0.,-1.));
#7565 = DIRECTION('',(-0.,-1.,0.));
#7566 = FACE_BOUND('',#7567,.F.);
#7567 = EDGE_LOOP('',(#7568));
#7568 = ORIENTED_EDGE('',*,*,#7569,.T.);
#7569 = EDGE_CURVE('',#7570,#7570,#7572,.T.);
#7570 = VERTEX_POINT('',#7571);
#7571 = CARTESIAN_POINT('',(170.8208,-80.0466,0.));
#7572 = CIRCLE('',#7573,0.5);
#7573 = AXIS2_PLACEMENT_3D('',#7574,#7575,#7576);
#7574 = CARTESIAN_POINT('',(170.8208,-79.5466,0.));
#7575 = DIRECTION('',(-0.,0.,-1.));
#7576 = DIRECTION('',(-0.,-1.,0.));
#7577 = FACE_BOUND('',#7578,.F.);
#7578 = EDGE_LOOP('',(#7579));
#7579 = ORIENTED_EDGE('',*,*,#7580,.T.);
#7580 = EDGE_CURVE('',#7581,#7581,#7583,.T.);
#7581 = VERTEX_POINT('',#7582);
#7582 = CARTESIAN_POINT('',(178.8414,-71.3738,0.));
#7583 = CIRCLE('',#7584,1.6);
#7584 = AXIS2_PLACEMENT_3D('',#7585,#7586,#7587);
#7585 = CARTESIAN_POINT('',(178.8414,-69.7738,0.));
#7586 = DIRECTION('',(-0.,0.,-1.));
#7587 = DIRECTION('',(-0.,-1.,0.));
#7588 = PLANE('',#7589);
#7589 = AXIS2_PLACEMENT_3D('',#7590,#7591,#7592);
#7590 = CARTESIAN_POINT('',(0.,0.,0.));
#7591 = DIRECTION('',(0.,0.,1.));
#7592 = DIRECTION('',(1.,0.,-0.));
#7593 = ADVANCED_FACE('',(#7594,#7640,#7651,#7662,#7673,#7684,#7695,
    #7706,#7717,#7728,#7739,#7750,#7761,#7772,#7783,#7794,#7805,#7816,
    #7827,#7838,#7849,#7860,#7871,#7882,#7893,#7904,#7915,#7926,#7937,
    #7948,#7959,#7970,#7981,#7992,#8003,#8014,#8025,#8036,#8047,#8058,
    #8069,#8080,#8091,#8102,#8113,#8124,#8135,#8146,#8157),#8168,.T.);
#7594 = FACE_BOUND('',#7595,.T.);
#7595 = EDGE_LOOP('',(#7596,#7597,#7598,#7607,#7615,#7624,#7632,#7639));
#7596 = ORIENTED_EDGE('',*,*,#6923,.F.);
#7597 = ORIENTED_EDGE('',*,*,#6965,.F.);
#7598 = ORIENTED_EDGE('',*,*,#7599,.F.);
#7599 = EDGE_CURVE('',#7600,#6958,#7602,.T.);
#7600 = VERTEX_POINT('',#7601);
#7601 = CARTESIAN_POINT('',(93.599,-67.9224,1.51));
#7602 = CIRCLE('',#7603,3.000001172987);
#7603 = AXIS2_PLACEMENT_3D('',#7604,#7605,#7606);
#7604 = CARTESIAN_POINT('',(96.599001172987,-67.92240117298,1.51));
#7605 = DIRECTION('',(0.,0.,-1.));
#7606 = DIRECTION('',(-1.,3.909953663434E-07,0.));
#7607 = ORIENTED_EDGE('',*,*,#7608,.F.);
#7608 = EDGE_CURVE('',#7609,#7600,#7611,.T.);
#7609 = VERTEX_POINT('',#7610);
#7610 = CARTESIAN_POINT('',(93.599,-123.4412,1.51));
#7611 = LINE('',#7612,#7613);
#7612 = CARTESIAN_POINT('',(93.599,-123.4412,1.51));
#7613 = VECTOR('',#7614,1.);
#7614 = DIRECTION('',(0.,1.,0.));
#7615 = ORIENTED_EDGE('',*,*,#7616,.F.);
#7616 = EDGE_CURVE('',#7617,#7609,#7619,.T.);
#7617 = VERTEX_POINT('',#7618);
#7618 = CARTESIAN_POINT('',(96.599,-126.4412,1.51));
#7619 = CIRCLE('',#7620,3.000001172987);
#7620 = AXIS2_PLACEMENT_3D('',#7621,#7622,#7623);
#7621 = CARTESIAN_POINT('',(96.599001172987,-123.441198827,1.51));
#7622 = DIRECTION('',(0.,0.,-1.));
#7623 = DIRECTION('',(-3.909953568695E-07,-1.,-0.));
#7624 = ORIENTED_EDGE('',*,*,#7625,.F.);
#7625 = EDGE_CURVE('',#7626,#7617,#7628,.T.);
#7626 = VERTEX_POINT('',#7627);
#7627 = CARTESIAN_POINT('',(180.9976,-126.4412,1.51));
#7628 = LINE('',#7629,#7630);
#7629 = CARTESIAN_POINT('',(180.9976,-126.4412,1.51));
#7630 = VECTOR('',#7631,1.);
#7631 = DIRECTION('',(-1.,0.,0.));
#7632 = ORIENTED_EDGE('',*,*,#7633,.F.);
#7633 = EDGE_CURVE('',#6988,#7626,#7634,.T.);
#7634 = CIRCLE('',#7635,3.000001172987);
#7635 = AXIS2_PLACEMENT_3D('',#7636,#7637,#7638);
#7636 = CARTESIAN_POINT('',(180.99759882701,-123.441198827,1.51));
#7637 = DIRECTION('',(0.,0.,-1.));
#7638 = DIRECTION('',(1.,-3.909953616065E-07,0.));
#7639 = ORIENTED_EDGE('',*,*,#6987,.F.);
#7640 = FACE_BOUND('',#7641,.T.);
#7641 = EDGE_LOOP('',(#7642));
#7642 = ORIENTED_EDGE('',*,*,#7643,.T.);
#7643 = EDGE_CURVE('',#7644,#7644,#7646,.T.);
#7644 = VERTEX_POINT('',#7645);
#7645 = CARTESIAN_POINT('',(98.7298,-121.7166,1.51));
#7646 = CIRCLE('',#7647,1.6);
#7647 = AXIS2_PLACEMENT_3D('',#7648,#7649,#7650);
#7648 = CARTESIAN_POINT('',(98.7298,-120.1166,1.51));
#7649 = DIRECTION('',(-0.,0.,-1.));
#7650 = DIRECTION('',(-8.881784197001E-15,-1.,0.));
#7651 = FACE_BOUND('',#7652,.T.);
#7652 = EDGE_LOOP('',(#7653));
#7653 = ORIENTED_EDGE('',*,*,#7654,.T.);
#7654 = EDGE_CURVE('',#7655,#7655,#7657,.T.);
#7655 = VERTEX_POINT('',#7656);
#7656 = CARTESIAN_POINT('',(105.3408,-100.6466,1.51));
#7657 = CIRCLE('',#7658,0.85);
#7658 = AXIS2_PLACEMENT_3D('',#7659,#7660,#7661);
#7659 = CARTESIAN_POINT('',(105.3408,-99.7966,1.51));
#7660 = DIRECTION('',(-0.,0.,-1.));
#7661 = DIRECTION('',(-0.,-1.,0.));
#7662 = FACE_BOUND('',#7663,.T.);
#7663 = EDGE_LOOP('',(#7664));
#7664 = ORIENTED_EDGE('',*,*,#7665,.T.);
#7665 = EDGE_CURVE('',#7666,#7666,#7668,.T.);
#7666 = VERTEX_POINT('',#7667);
#7667 = CARTESIAN_POINT('',(106.6108,-98.0066,1.51));
#7668 = CIRCLE('',#7669,0.75);
#7669 = AXIS2_PLACEMENT_3D('',#7670,#7671,#7672);
#7670 = CARTESIAN_POINT('',(106.6108,-97.2566,1.51));
#7671 = DIRECTION('',(-0.,0.,-1.));
#7672 = DIRECTION('',(-0.,-1.,0.));
#7673 = FACE_BOUND('',#7674,.T.);
#7674 = EDGE_LOOP('',(#7675));
#7675 = ORIENTED_EDGE('',*,*,#7676,.T.);
#7676 = EDGE_CURVE('',#7677,#7677,#7679,.T.);
#7677 = VERTEX_POINT('',#7678);
#7678 = CARTESIAN_POINT('',(110.4208,-101.7966,1.51));
#7679 = CIRCLE('',#7680,2.);
#7680 = AXIS2_PLACEMENT_3D('',#7681,#7682,#7683);
#7681 = CARTESIAN_POINT('',(110.4208,-99.7966,1.51));
#7682 = DIRECTION('',(-0.,0.,-1.));
#7683 = DIRECTION('',(-0.,-1.,0.));
#7684 = FACE_BOUND('',#7685,.T.);
#7685 = EDGE_LOOP('',(#7686));
#7686 = ORIENTED_EDGE('',*,*,#7687,.T.);
#7687 = EDGE_CURVE('',#7688,#7688,#7690,.T.);
#7688 = VERTEX_POINT('',#7689);
#7689 = CARTESIAN_POINT('',(115.5008,-100.6466,1.51));
#7690 = CIRCLE('',#7691,0.85);
#7691 = AXIS2_PLACEMENT_3D('',#7692,#7693,#7694);
#7692 = CARTESIAN_POINT('',(115.5008,-99.7966,1.51));
#7693 = DIRECTION('',(-0.,0.,-1.));
#7694 = DIRECTION('',(-0.,-1.,0.));
#7695 = FACE_BOUND('',#7696,.T.);
#7696 = EDGE_LOOP('',(#7697));
#7697 = ORIENTED_EDGE('',*,*,#7698,.T.);
#7698 = EDGE_CURVE('',#7699,#7699,#7701,.T.);
#7699 = VERTEX_POINT('',#7700);
#7700 = CARTESIAN_POINT('',(124.4408,-100.6466,1.51));
#7701 = CIRCLE('',#7702,0.85);
#7702 = AXIS2_PLACEMENT_3D('',#7703,#7704,#7705);
#7703 = CARTESIAN_POINT('',(124.4408,-99.7966,1.51));
#7704 = DIRECTION('',(-0.,0.,-1.));
#7705 = DIRECTION('',(-0.,-1.,0.));
#7706 = FACE_BOUND('',#7707,.T.);
#7707 = EDGE_LOOP('',(#7708));
#7708 = ORIENTED_EDGE('',*,*,#7709,.T.);
#7709 = EDGE_CURVE('',#7710,#7710,#7712,.T.);
#7710 = VERTEX_POINT('',#7711);
#7711 = CARTESIAN_POINT('',(125.7108,-98.0066,1.51));
#7712 = CIRCLE('',#7713,0.75);
#7713 = AXIS2_PLACEMENT_3D('',#7714,#7715,#7716);
#7714 = CARTESIAN_POINT('',(125.7108,-97.2566,1.51));
#7715 = DIRECTION('',(-0.,0.,-1.));
#7716 = DIRECTION('',(-0.,-1.,0.));
#7717 = FACE_BOUND('',#7718,.T.);
#7718 = EDGE_LOOP('',(#7719));
#7719 = ORIENTED_EDGE('',*,*,#7720,.T.);
#7720 = EDGE_CURVE('',#7721,#7721,#7723,.T.);
#7721 = VERTEX_POINT('',#7722);
#7722 = CARTESIAN_POINT('',(129.5208,-101.7966,1.51));
#7723 = CIRCLE('',#7724,2.);
#7724 = AXIS2_PLACEMENT_3D('',#7725,#7726,#7727);
#7725 = CARTESIAN_POINT('',(129.5208,-99.7966,1.51));
#7726 = DIRECTION('',(-0.,0.,-1.));
#7727 = DIRECTION('',(-0.,-1.,0.));
#7728 = FACE_BOUND('',#7729,.T.);
#7729 = EDGE_LOOP('',(#7730));
#7730 = ORIENTED_EDGE('',*,*,#7731,.T.);
#7731 = EDGE_CURVE('',#7732,#7732,#7734,.T.);
#7732 = VERTEX_POINT('',#7733);
#7733 = CARTESIAN_POINT('',(134.6008,-100.6466,1.51));
#7734 = CIRCLE('',#7735,0.85);
#7735 = AXIS2_PLACEMENT_3D('',#7736,#7737,#7738);
#7736 = CARTESIAN_POINT('',(134.6008,-99.7966,1.51));
#7737 = DIRECTION('',(-0.,0.,-1.));
#7738 = DIRECTION('',(-0.,-1.,0.));
#7739 = FACE_BOUND('',#7740,.T.);
#7740 = EDGE_LOOP('',(#7741));
#7741 = ORIENTED_EDGE('',*,*,#7742,.T.);
#7742 = EDGE_CURVE('',#7743,#7743,#7745,.T.);
#7743 = VERTEX_POINT('',#7744);
#7744 = CARTESIAN_POINT('',(179.07,-121.615,1.51));
#7745 = CIRCLE('',#7746,1.6);
#7746 = AXIS2_PLACEMENT_3D('',#7747,#7748,#7749);
#7747 = CARTESIAN_POINT('',(179.07,-120.015,1.51));
#7748 = DIRECTION('',(-0.,0.,-1.));
#7749 = DIRECTION('',(-0.,-1.,0.));
#7750 = FACE_BOUND('',#7751,.T.);
#7751 = EDGE_LOOP('',(#7752));
#7752 = ORIENTED_EDGE('',*,*,#7753,.T.);
#7753 = EDGE_CURVE('',#7754,#7754,#7756,.T.);
#7754 = VERTEX_POINT('',#7755);
#7755 = CARTESIAN_POINT('',(143.5908,-100.6466,1.51));
#7756 = CIRCLE('',#7757,0.85);
#7757 = AXIS2_PLACEMENT_3D('',#7758,#7759,#7760);
#7758 = CARTESIAN_POINT('',(143.5908,-99.7966,1.51));
#7759 = DIRECTION('',(-0.,0.,-1.));
#7760 = DIRECTION('',(-0.,-1.,0.));
#7761 = FACE_BOUND('',#7762,.T.);
#7762 = EDGE_LOOP('',(#7763));
#7763 = ORIENTED_EDGE('',*,*,#7764,.T.);
#7764 = EDGE_CURVE('',#7765,#7765,#7767,.T.);
#7765 = VERTEX_POINT('',#7766);
#7766 = CARTESIAN_POINT('',(148.6708,-101.7966,1.51));
#7767 = CIRCLE('',#7768,2.);
#7768 = AXIS2_PLACEMENT_3D('',#7769,#7770,#7771);
#7769 = CARTESIAN_POINT('',(148.6708,-99.7966,1.51));
#7770 = DIRECTION('',(-0.,0.,-1.));
#7771 = DIRECTION('',(-0.,-1.,0.));
#7772 = FACE_BOUND('',#7773,.T.);
#7773 = EDGE_LOOP('',(#7774));
#7774 = ORIENTED_EDGE('',*,*,#7775,.T.);
#7775 = EDGE_CURVE('',#7776,#7776,#7778,.T.);
#7776 = VERTEX_POINT('',#7777);
#7777 = CARTESIAN_POINT('',(144.8608,-98.0066,1.51));
#7778 = CIRCLE('',#7779,0.75);
#7779 = AXIS2_PLACEMENT_3D('',#7780,#7781,#7782);
#7780 = CARTESIAN_POINT('',(144.8608,-97.2566,1.51));
#7781 = DIRECTION('',(-0.,0.,-1.));
#7782 = DIRECTION('',(-0.,-1.,0.));
#7783 = FACE_BOUND('',#7784,.T.);
#7784 = EDGE_LOOP('',(#7785));
#7785 = ORIENTED_EDGE('',*,*,#7786,.T.);
#7786 = EDGE_CURVE('',#7787,#7787,#7789,.T.);
#7787 = VERTEX_POINT('',#7788);
#7788 = CARTESIAN_POINT('',(153.7508,-100.6466,1.51));
#7789 = CIRCLE('',#7790,0.85);
#7790 = AXIS2_PLACEMENT_3D('',#7791,#7792,#7793);
#7791 = CARTESIAN_POINT('',(153.7508,-99.7966,1.51));
#7792 = DIRECTION('',(-0.,0.,-1.));
#7793 = DIRECTION('',(-0.,-1.,0.));
#7794 = FACE_BOUND('',#7795,.T.);
#7795 = EDGE_LOOP('',(#7796));
#7796 = ORIENTED_EDGE('',*,*,#7797,.T.);
#7797 = EDGE_CURVE('',#7798,#7798,#7800,.T.);
#7798 = VERTEX_POINT('',#7799);
#7799 = CARTESIAN_POINT('',(162.6108,-100.6466,1.51));
#7800 = CIRCLE('',#7801,0.85);
#7801 = AXIS2_PLACEMENT_3D('',#7802,#7803,#7804);
#7802 = CARTESIAN_POINT('',(162.6108,-99.7966,1.51));
#7803 = DIRECTION('',(-0.,0.,-1.));
#7804 = DIRECTION('',(3.343730521224E-14,-1.,-0.));
#7805 = FACE_BOUND('',#7806,.T.);
#7806 = EDGE_LOOP('',(#7807));
#7807 = ORIENTED_EDGE('',*,*,#7808,.T.);
#7808 = EDGE_CURVE('',#7809,#7809,#7811,.T.);
#7809 = VERTEX_POINT('',#7810);
#7810 = CARTESIAN_POINT('',(167.6908,-101.7966,1.51));
#7811 = CIRCLE('',#7812,2.);
#7812 = AXIS2_PLACEMENT_3D('',#7813,#7814,#7815);
#7813 = CARTESIAN_POINT('',(167.6908,-99.7966,1.51));
#7814 = DIRECTION('',(-0.,0.,-1.));
#7815 = DIRECTION('',(-0.,-1.,0.));
#7816 = FACE_BOUND('',#7817,.T.);
#7817 = EDGE_LOOP('',(#7818));
#7818 = ORIENTED_EDGE('',*,*,#7819,.T.);
#7819 = EDGE_CURVE('',#7820,#7820,#7822,.T.);
#7820 = VERTEX_POINT('',#7821);
#7821 = CARTESIAN_POINT('',(163.8808,-98.0066,1.51));
#7822 = CIRCLE('',#7823,0.75);
#7823 = AXIS2_PLACEMENT_3D('',#7824,#7825,#7826);
#7824 = CARTESIAN_POINT('',(163.8808,-97.2566,1.51));
#7825 = DIRECTION('',(-0.,0.,-1.));
#7826 = DIRECTION('',(-0.,-1.,0.));
#7827 = FACE_BOUND('',#7828,.T.);
#7828 = EDGE_LOOP('',(#7829));
#7829 = ORIENTED_EDGE('',*,*,#7830,.T.);
#7830 = EDGE_CURVE('',#7831,#7831,#7833,.T.);
#7831 = VERTEX_POINT('',#7832);
#7832 = CARTESIAN_POINT('',(172.7708,-100.6466,1.51));
#7833 = CIRCLE('',#7834,0.85);
#7834 = AXIS2_PLACEMENT_3D('',#7835,#7836,#7837);
#7835 = CARTESIAN_POINT('',(172.7708,-99.7966,1.51));
#7836 = DIRECTION('',(-0.,0.,-1.));
#7837 = DIRECTION('',(-0.,-1.,0.));
#7838 = FACE_BOUND('',#7839,.T.);
#7839 = EDGE_LOOP('',(#7840));
#7840 = ORIENTED_EDGE('',*,*,#7841,.T.);
#7841 = EDGE_CURVE('',#7842,#7842,#7844,.T.);
#7842 = VERTEX_POINT('',#7843);
#7843 = CARTESIAN_POINT('',(112.9608,-95.4666,1.51));
#7844 = CIRCLE('',#7845,0.75);
#7845 = AXIS2_PLACEMENT_3D('',#7846,#7847,#7848);
#7846 = CARTESIAN_POINT('',(112.9608,-94.7166,1.51));
#7847 = DIRECTION('',(-0.,0.,-1.));
#7848 = DIRECTION('',(-0.,-1.,0.));
#7849 = FACE_BOUND('',#7850,.T.);
#7850 = EDGE_LOOP('',(#7851));
#7851 = ORIENTED_EDGE('',*,*,#7852,.T.);
#7852 = EDGE_CURVE('',#7853,#7853,#7855,.T.);
#7853 = VERTEX_POINT('',#7854);
#7854 = CARTESIAN_POINT('',(107.8708,-87.3466,1.51));
#7855 = CIRCLE('',#7856,0.5);
#7856 = AXIS2_PLACEMENT_3D('',#7857,#7858,#7859);
#7857 = CARTESIAN_POINT('',(107.8708,-86.8466,1.51));
#7858 = DIRECTION('',(-0.,0.,-1.));
#7859 = DIRECTION('',(-0.,-1.,0.));
#7860 = FACE_BOUND('',#7861,.T.);
#7861 = EDGE_LOOP('',(#7862));
#7862 = ORIENTED_EDGE('',*,*,#7863,.T.);
#7863 = EDGE_CURVE('',#7864,#7864,#7866,.T.);
#7864 = VERTEX_POINT('',#7865);
#7865 = CARTESIAN_POINT('',(110.4108,-87.3466,1.51));
#7866 = CIRCLE('',#7867,0.5);
#7867 = AXIS2_PLACEMENT_3D('',#7868,#7869,#7870);
#7868 = CARTESIAN_POINT('',(110.4108,-86.8466,1.51));
#7869 = DIRECTION('',(-0.,0.,-1.));
#7870 = DIRECTION('',(-0.,-1.,0.));
#7871 = FACE_BOUND('',#7872,.T.);
#7872 = EDGE_LOOP('',(#7873));
#7873 = ORIENTED_EDGE('',*,*,#7874,.T.);
#7874 = EDGE_CURVE('',#7875,#7875,#7877,.T.);
#7875 = VERTEX_POINT('',#7876);
#7876 = CARTESIAN_POINT('',(112.9508,-87.3466,1.51));
#7877 = CIRCLE('',#7878,0.5);
#7878 = AXIS2_PLACEMENT_3D('',#7879,#7880,#7881);
#7879 = CARTESIAN_POINT('',(112.9508,-86.8466,1.51));
#7880 = DIRECTION('',(-0.,0.,-1.));
#7881 = DIRECTION('',(-0.,-1.,0.));
#7882 = FACE_BOUND('',#7883,.T.);
#7883 = EDGE_LOOP('',(#7884));
#7884 = ORIENTED_EDGE('',*,*,#7885,.T.);
#7885 = EDGE_CURVE('',#7886,#7886,#7888,.T.);
#7886 = VERTEX_POINT('',#7887);
#7887 = CARTESIAN_POINT('',(115.4908,-87.3466,1.51));
#7888 = CIRCLE('',#7889,0.5);
#7889 = AXIS2_PLACEMENT_3D('',#7890,#7891,#7892);
#7890 = CARTESIAN_POINT('',(115.4908,-86.8466,1.51));
#7891 = DIRECTION('',(-0.,0.,-1.));
#7892 = DIRECTION('',(-0.,-1.,0.));
#7893 = FACE_BOUND('',#7894,.T.);
#7894 = EDGE_LOOP('',(#7895));
#7895 = ORIENTED_EDGE('',*,*,#7896,.T.);
#7896 = EDGE_CURVE('',#7897,#7897,#7899,.T.);
#7897 = VERTEX_POINT('',#7898);
#7898 = CARTESIAN_POINT('',(132.0608,-95.4666,1.51));
#7899 = CIRCLE('',#7900,0.75);
#7900 = AXIS2_PLACEMENT_3D('',#7901,#7902,#7903);
#7901 = CARTESIAN_POINT('',(132.0608,-94.7166,1.51));
#7902 = DIRECTION('',(-0.,0.,-1.));
#7903 = DIRECTION('',(-0.,-1.,0.));
#7904 = FACE_BOUND('',#7905,.T.);
#7905 = EDGE_LOOP('',(#7906));
#7906 = ORIENTED_EDGE('',*,*,#7907,.T.);
#7907 = EDGE_CURVE('',#7908,#7908,#7910,.T.);
#7908 = VERTEX_POINT('',#7909);
#7909 = CARTESIAN_POINT('',(118.0308,-87.3466,1.51));
#7910 = CIRCLE('',#7911,0.5);
#7911 = AXIS2_PLACEMENT_3D('',#7912,#7913,#7914);
#7912 = CARTESIAN_POINT('',(118.0308,-86.8466,1.51));
#7913 = DIRECTION('',(-0.,0.,-1.));
#7914 = DIRECTION('',(-0.,-1.,0.));
#7915 = FACE_BOUND('',#7916,.T.);
#7916 = EDGE_LOOP('',(#7917));
#7917 = ORIENTED_EDGE('',*,*,#7918,.T.);
#7918 = EDGE_CURVE('',#7919,#7919,#7921,.T.);
#7919 = VERTEX_POINT('',#7920);
#7920 = CARTESIAN_POINT('',(120.5708,-87.3466,1.51));
#7921 = CIRCLE('',#7922,0.5);
#7922 = AXIS2_PLACEMENT_3D('',#7923,#7924,#7925);
#7923 = CARTESIAN_POINT('',(120.5708,-86.8466,1.51));
#7924 = DIRECTION('',(-0.,0.,-1.));
#7925 = DIRECTION('',(-0.,-1.,0.));
#7926 = FACE_BOUND('',#7927,.T.);
#7927 = EDGE_LOOP('',(#7928));
#7928 = ORIENTED_EDGE('',*,*,#7929,.T.);
#7929 = EDGE_CURVE('',#7930,#7930,#7932,.T.);
#7930 = VERTEX_POINT('',#7931);
#7931 = CARTESIAN_POINT('',(123.1108,-87.3466,1.51));
#7932 = CIRCLE('',#7933,0.5);
#7933 = AXIS2_PLACEMENT_3D('',#7934,#7935,#7936);
#7934 = CARTESIAN_POINT('',(123.1108,-86.8466,1.51));
#7935 = DIRECTION('',(-0.,0.,-1.));
#7936 = DIRECTION('',(-0.,-1.,0.));
#7937 = FACE_BOUND('',#7938,.T.);
#7938 = EDGE_LOOP('',(#7939));
#7939 = ORIENTED_EDGE('',*,*,#7940,.T.);
#7940 = EDGE_CURVE('',#7941,#7941,#7943,.T.);
#7941 = VERTEX_POINT('',#7942);
#7942 = CARTESIAN_POINT('',(125.6508,-87.3466,1.51));
#7943 = CIRCLE('',#7944,0.5);
#7944 = AXIS2_PLACEMENT_3D('',#7945,#7946,#7947);
#7945 = CARTESIAN_POINT('',(125.6508,-86.8466,1.51));
#7946 = DIRECTION('',(-0.,0.,-1.));
#7947 = DIRECTION('',(-0.,-1.,0.));
#7948 = FACE_BOUND('',#7949,.T.);
#7949 = EDGE_LOOP('',(#7950));
#7950 = ORIENTED_EDGE('',*,*,#7951,.T.);
#7951 = EDGE_CURVE('',#7952,#7952,#7954,.T.);
#7952 = VERTEX_POINT('',#7953);
#7953 = CARTESIAN_POINT('',(131.4508,-87.9111,1.51));
#7954 = CIRCLE('',#7955,0.4445);
#7955 = AXIS2_PLACEMENT_3D('',#7956,#7957,#7958);
#7956 = CARTESIAN_POINT('',(131.4508,-87.4666,1.51));
#7957 = DIRECTION('',(-0.,0.,-1.));
#7958 = DIRECTION('',(-6.394085361171E-14,-1.,0.));
#7959 = FACE_BOUND('',#7960,.T.);
#7960 = EDGE_LOOP('',(#7961));
#7961 = ORIENTED_EDGE('',*,*,#7962,.T.);
#7962 = EDGE_CURVE('',#7963,#7963,#7965,.T.);
#7963 = VERTEX_POINT('',#7964);
#7964 = CARTESIAN_POINT('',(131.4508,-85.3711,1.51));
#7965 = CIRCLE('',#7966,0.4445);
#7966 = AXIS2_PLACEMENT_3D('',#7967,#7968,#7969);
#7967 = CARTESIAN_POINT('',(131.4508,-84.9266,1.51));
#7968 = DIRECTION('',(-0.,0.,-1.));
#7969 = DIRECTION('',(-6.394085361171E-14,-1.,0.));
#7970 = FACE_BOUND('',#7971,.T.);
#7971 = EDGE_LOOP('',(#7972));
#7972 = ORIENTED_EDGE('',*,*,#7973,.T.);
#7973 = EDGE_CURVE('',#7974,#7974,#7976,.T.);
#7974 = VERTEX_POINT('',#7975);
#7975 = CARTESIAN_POINT('',(131.4508,-82.8311,1.51));
#7976 = CIRCLE('',#7977,0.4445);
#7977 = AXIS2_PLACEMENT_3D('',#7978,#7979,#7980);
#7978 = CARTESIAN_POINT('',(131.4508,-82.3866,1.51));
#7979 = DIRECTION('',(-0.,0.,-1.));
#7980 = DIRECTION('',(-6.394085361171E-14,-1.,0.));
#7981 = FACE_BOUND('',#7982,.T.);
#7982 = EDGE_LOOP('',(#7983));
#7983 = ORIENTED_EDGE('',*,*,#7984,.T.);
#7984 = EDGE_CURVE('',#7985,#7985,#7987,.T.);
#7985 = VERTEX_POINT('',#7986);
#7986 = CARTESIAN_POINT('',(98.6028,-71.2468,1.51));
#7987 = CIRCLE('',#7988,1.6);
#7988 = AXIS2_PLACEMENT_3D('',#7989,#7990,#7991);
#7989 = CARTESIAN_POINT('',(98.6028,-69.6468,1.51));
#7990 = DIRECTION('',(-0.,0.,-1.));
#7991 = DIRECTION('',(-0.,-1.,0.));
#7992 = FACE_BOUND('',#7993,.T.);
#7993 = EDGE_LOOP('',(#7994));
#7994 = ORIENTED_EDGE('',*,*,#7995,.T.);
#7995 = EDGE_CURVE('',#7996,#7996,#7998,.T.);
#7996 = VERTEX_POINT('',#7997);
#7997 = CARTESIAN_POINT('',(131.4508,-80.2911,1.51));
#7998 = CIRCLE('',#7999,0.4445);
#7999 = AXIS2_PLACEMENT_3D('',#8000,#8001,#8002);
#8000 = CARTESIAN_POINT('',(131.4508,-79.8466,1.51));
#8001 = DIRECTION('',(-0.,0.,-1.));
#8002 = DIRECTION('',(-6.394085361171E-14,-1.,0.));
#8003 = FACE_BOUND('',#8004,.T.);
#8004 = EDGE_LOOP('',(#8005));
#8005 = ORIENTED_EDGE('',*,*,#8006,.T.);
#8006 = EDGE_CURVE('',#8007,#8007,#8009,.T.);
#8007 = VERTEX_POINT('',#8008);
#8008 = CARTESIAN_POINT('',(131.4508,-77.7511,1.51));
#8009 = CIRCLE('',#8010,0.4445);
#8010 = AXIS2_PLACEMENT_3D('',#8011,#8012,#8013);
#8011 = CARTESIAN_POINT('',(131.4508,-77.3066,1.51));
#8012 = DIRECTION('',(-0.,0.,-1.));
#8013 = DIRECTION('',(-6.394085361171E-14,-1.,0.));
#8014 = FACE_BOUND('',#8015,.T.);
#8015 = EDGE_LOOP('',(#8016));
#8016 = ORIENTED_EDGE('',*,*,#8017,.T.);
#8017 = EDGE_CURVE('',#8018,#8018,#8020,.T.);
#8018 = VERTEX_POINT('',#8019);
#8019 = CARTESIAN_POINT('',(131.4508,-75.2111,1.51));
#8020 = CIRCLE('',#8021,0.4445);
#8021 = AXIS2_PLACEMENT_3D('',#8022,#8023,#8024);
#8022 = CARTESIAN_POINT('',(131.4508,-74.7666,1.51));
#8023 = DIRECTION('',(-0.,0.,-1.));
#8024 = DIRECTION('',(-6.394085361171E-14,-1.,0.));
#8025 = FACE_BOUND('',#8026,.T.);
#8026 = EDGE_LOOP('',(#8027));
#8027 = ORIENTED_EDGE('',*,*,#8028,.T.);
#8028 = EDGE_CURVE('',#8029,#8029,#8031,.T.);
#8029 = VERTEX_POINT('',#8030);
#8030 = CARTESIAN_POINT('',(131.4508,-72.6711,1.51));
#8031 = CIRCLE('',#8032,0.4445);
#8032 = AXIS2_PLACEMENT_3D('',#8033,#8034,#8035);
#8033 = CARTESIAN_POINT('',(131.4508,-72.2266,1.51));
#8034 = DIRECTION('',(-0.,0.,-1.));
#8035 = DIRECTION('',(-6.394085361171E-14,-1.,0.));
#8036 = FACE_BOUND('',#8037,.T.);
#8037 = EDGE_LOOP('',(#8038));
#8038 = ORIENTED_EDGE('',*,*,#8039,.T.);
#8039 = EDGE_CURVE('',#8040,#8040,#8042,.T.);
#8040 = VERTEX_POINT('',#8041);
#8041 = CARTESIAN_POINT('',(151.2108,-95.4666,1.51));
#8042 = CIRCLE('',#8043,0.75);
#8043 = AXIS2_PLACEMENT_3D('',#8044,#8045,#8046);
#8044 = CARTESIAN_POINT('',(151.2108,-94.7166,1.51));
#8045 = DIRECTION('',(-0.,0.,-1.));
#8046 = DIRECTION('',(-0.,-1.,0.));
#8047 = FACE_BOUND('',#8048,.T.);
#8048 = EDGE_LOOP('',(#8049));
#8049 = ORIENTED_EDGE('',*,*,#8050,.T.);
#8050 = EDGE_CURVE('',#8051,#8051,#8053,.T.);
#8051 = VERTEX_POINT('',#8052);
#8052 = CARTESIAN_POINT('',(146.6908,-87.9111,1.51));
#8053 = CIRCLE('',#8054,0.4445);
#8054 = AXIS2_PLACEMENT_3D('',#8055,#8056,#8057);
#8055 = CARTESIAN_POINT('',(146.6908,-87.4666,1.51));
#8056 = DIRECTION('',(-0.,0.,-1.));
#8057 = DIRECTION('',(-0.,-1.,0.));
#8058 = FACE_BOUND('',#8059,.T.);
#8059 = EDGE_LOOP('',(#8060));
#8060 = ORIENTED_EDGE('',*,*,#8061,.T.);
#8061 = EDGE_CURVE('',#8062,#8062,#8064,.T.);
#8062 = VERTEX_POINT('',#8063);
#8063 = CARTESIAN_POINT('',(146.6908,-85.3711,1.51));
#8064 = CIRCLE('',#8065,0.4445);
#8065 = AXIS2_PLACEMENT_3D('',#8066,#8067,#8068);
#8066 = CARTESIAN_POINT('',(146.6908,-84.9266,1.51));
#8067 = DIRECTION('',(-0.,0.,-1.));
#8068 = DIRECTION('',(-0.,-1.,0.));
#8069 = FACE_BOUND('',#8070,.T.);
#8070 = EDGE_LOOP('',(#8071));
#8071 = ORIENTED_EDGE('',*,*,#8072,.T.);
#8072 = EDGE_CURVE('',#8073,#8073,#8075,.T.);
#8073 = VERTEX_POINT('',#8074);
#8074 = CARTESIAN_POINT('',(146.6908,-82.8311,1.51));
#8075 = CIRCLE('',#8076,0.4445);
#8076 = AXIS2_PLACEMENT_3D('',#8077,#8078,#8079);
#8077 = CARTESIAN_POINT('',(146.6908,-82.3866,1.51));
#8078 = DIRECTION('',(-0.,0.,-1.));
#8079 = DIRECTION('',(-0.,-1.,0.));
#8080 = FACE_BOUND('',#8081,.T.);
#8081 = EDGE_LOOP('',(#8082));
#8082 = ORIENTED_EDGE('',*,*,#8083,.T.);
#8083 = EDGE_CURVE('',#8084,#8084,#8086,.T.);
#8084 = VERTEX_POINT('',#8085);
#8085 = CARTESIAN_POINT('',(170.2308,-95.4666,1.51));
#8086 = CIRCLE('',#8087,0.75);
#8087 = AXIS2_PLACEMENT_3D('',#8088,#8089,#8090);
#8088 = CARTESIAN_POINT('',(170.2308,-94.7166,1.51));
#8089 = DIRECTION('',(-0.,0.,-1.));
#8090 = DIRECTION('',(-0.,-1.,0.));
#8091 = FACE_BOUND('',#8092,.T.);
#8092 = EDGE_LOOP('',(#8093));
#8093 = ORIENTED_EDGE('',*,*,#8094,.T.);
#8094 = EDGE_CURVE('',#8095,#8095,#8097,.T.);
#8095 = VERTEX_POINT('',#8096);
#8096 = CARTESIAN_POINT('',(170.8208,-87.6466,1.51));
#8097 = CIRCLE('',#8098,0.5);
#8098 = AXIS2_PLACEMENT_3D('',#8099,#8100,#8101);
#8099 = CARTESIAN_POINT('',(170.8208,-87.1466,1.51));
#8100 = DIRECTION('',(-0.,0.,-1.));
#8101 = DIRECTION('',(-0.,-1.,0.));
#8102 = FACE_BOUND('',#8103,.T.);
#8103 = EDGE_LOOP('',(#8104));
#8104 = ORIENTED_EDGE('',*,*,#8105,.T.);
#8105 = EDGE_CURVE('',#8106,#8106,#8108,.T.);
#8106 = VERTEX_POINT('',#8107);
#8107 = CARTESIAN_POINT('',(146.6908,-80.2911,1.51));
#8108 = CIRCLE('',#8109,0.4445);
#8109 = AXIS2_PLACEMENT_3D('',#8110,#8111,#8112);
#8110 = CARTESIAN_POINT('',(146.6908,-79.8466,1.51));
#8111 = DIRECTION('',(-0.,0.,-1.));
#8112 = DIRECTION('',(-0.,-1.,0.));
#8113 = FACE_BOUND('',#8114,.T.);
#8114 = EDGE_LOOP('',(#8115));
#8115 = ORIENTED_EDGE('',*,*,#8116,.T.);
#8116 = EDGE_CURVE('',#8117,#8117,#8119,.T.);
#8117 = VERTEX_POINT('',#8118);
#8118 = CARTESIAN_POINT('',(146.6908,-77.7511,1.51));
#8119 = CIRCLE('',#8120,0.4445);
#8120 = AXIS2_PLACEMENT_3D('',#8121,#8122,#8123);
#8121 = CARTESIAN_POINT('',(146.6908,-77.3066,1.51));
#8122 = DIRECTION('',(-0.,0.,-1.));
#8123 = DIRECTION('',(-0.,-1.,0.));
#8124 = FACE_BOUND('',#8125,.T.);
#8125 = EDGE_LOOP('',(#8126));
#8126 = ORIENTED_EDGE('',*,*,#8127,.T.);
#8127 = EDGE_CURVE('',#8128,#8128,#8130,.T.);
#8128 = VERTEX_POINT('',#8129);
#8129 = CARTESIAN_POINT('',(146.6908,-75.2111,1.51));
#8130 = CIRCLE('',#8131,0.4445);
#8131 = AXIS2_PLACEMENT_3D('',#8132,#8133,#8134);
#8132 = CARTESIAN_POINT('',(146.6908,-74.7666,1.51));
#8133 = DIRECTION('',(-0.,0.,-1.));
#8134 = DIRECTION('',(-0.,-1.,0.));
#8135 = FACE_BOUND('',#8136,.T.);
#8136 = EDGE_LOOP('',(#8137));
#8137 = ORIENTED_EDGE('',*,*,#8138,.T.);
#8138 = EDGE_CURVE('',#8139,#8139,#8141,.T.);
#8139 = VERTEX_POINT('',#8140);
#8140 = CARTESIAN_POINT('',(146.6908,-72.6711,1.51));
#8141 = CIRCLE('',#8142,0.4445);
#8142 = AXIS2_PLACEMENT_3D('',#8143,#8144,#8145);
#8143 = CARTESIAN_POINT('',(146.6908,-72.2266,1.51));
#8144 = DIRECTION('',(-0.,0.,-1.));
#8145 = DIRECTION('',(-0.,-1.,0.));
#8146 = FACE_BOUND('',#8147,.T.);
#8147 = EDGE_LOOP('',(#8148));
#8148 = ORIENTED_EDGE('',*,*,#8149,.T.);
#8149 = EDGE_CURVE('',#8150,#8150,#8152,.T.);
#8150 = VERTEX_POINT('',#8151);
#8151 = CARTESIAN_POINT('',(170.8208,-80.0466,1.51));
#8152 = CIRCLE('',#8153,0.5);
#8153 = AXIS2_PLACEMENT_3D('',#8154,#8155,#8156);
#8154 = CARTESIAN_POINT('',(170.8208,-79.5466,1.51));
#8155 = DIRECTION('',(-0.,0.,-1.));
#8156 = DIRECTION('',(-0.,-1.,0.));
#8157 = FACE_BOUND('',#8158,.T.);
#8158 = EDGE_LOOP('',(#8159));
#8159 = ORIENTED_EDGE('',*,*,#8160,.T.);
#8160 = EDGE_CURVE('',#8161,#8161,#8163,.T.);
#8161 = VERTEX_POINT('',#8162);
#8162 = CARTESIAN_POINT('',(178.8414,-71.3738,1.51));
#8163 = CIRCLE('',#8164,1.6);
#8164 = AXIS2_PLACEMENT_3D('',#8165,#8166,#8167);
#8165 = CARTESIAN_POINT('',(178.8414,-69.7738,1.51));
#8166 = DIRECTION('',(-0.,0.,-1.));
#8167 = DIRECTION('',(-0.,-1.,0.));
#8168 = PLANE('',#8169);
#8169 = AXIS2_PLACEMENT_3D('',#8170,#8171,#8172);
#8170 = CARTESIAN_POINT('',(0.,0.,1.51));
#8171 = DIRECTION('',(0.,0.,1.));
#8172 = DIRECTION('',(1.,0.,-0.));
#8173 = ADVANCED_FACE('',(#8174),#8185,.T.);
#8174 = FACE_BOUND('',#8175,.T.);
#8175 = EDGE_LOOP('',(#8176,#8182,#8183,#8184));
#8176 = ORIENTED_EDGE('',*,*,#8177,.T.);
#8177 = EDGE_CURVE('',#7020,#7600,#8178,.T.);
#8178 = LINE('',#8179,#8180);
#8179 = CARTESIAN_POINT('',(93.599,-67.9224,0.));
#8180 = VECTOR('',#8181,1.);
#8181 = DIRECTION('',(0.,0.,1.));
#8182 = ORIENTED_EDGE('',*,*,#7599,.T.);
#8183 = ORIENTED_EDGE('',*,*,#6955,.F.);
#8184 = ORIENTED_EDGE('',*,*,#7019,.F.);
#8185 = CYLINDRICAL_SURFACE('',#8186,3.000001172987);
#8186 = AXIS2_PLACEMENT_3D('',#8187,#8188,#8189);
#8187 = CARTESIAN_POINT('',(96.599001172987,-67.92240117298,0.));
#8188 = DIRECTION('',(0.,0.,-1.));
#8189 = DIRECTION('',(-1.,3.909953663434E-07,0.));
#8190 = ADVANCED_FACE('',(#8191),#8202,.T.);
#8191 = FACE_BOUND('',#8192,.T.);
#8192 = EDGE_LOOP('',(#8193,#8194,#8195,#8201));
#8193 = ORIENTED_EDGE('',*,*,#6995,.T.);
#8194 = ORIENTED_EDGE('',*,*,#7633,.T.);
#8195 = ORIENTED_EDGE('',*,*,#8196,.F.);
#8196 = EDGE_CURVE('',#7046,#7626,#8197,.T.);
#8197 = LINE('',#8198,#8199);
#8198 = CARTESIAN_POINT('',(180.9976,-126.4412,0.));
#8199 = VECTOR('',#8200,1.);
#8200 = DIRECTION('',(0.,0.,1.));
#8201 = ORIENTED_EDGE('',*,*,#7053,.F.);
#8202 = CYLINDRICAL_SURFACE('',#8203,3.000001172987);
#8203 = AXIS2_PLACEMENT_3D('',#8204,#8205,#8206);
#8204 = CARTESIAN_POINT('',(180.99759882701,-123.441198827,0.));
#8205 = DIRECTION('',(0.,0.,-1.));
#8206 = DIRECTION('',(1.,-3.909953616065E-07,0.));
#8207 = ADVANCED_FACE('',(#8208),#8219,.T.);
#8208 = FACE_BOUND('',#8209,.T.);
#8209 = EDGE_LOOP('',(#8210,#8216,#8217,#8218));
#8210 = ORIENTED_EDGE('',*,*,#8211,.T.);
#8211 = EDGE_CURVE('',#7029,#7609,#8212,.T.);
#8212 = LINE('',#8213,#8214);
#8213 = CARTESIAN_POINT('',(93.599,-123.4412,0.));
#8214 = VECTOR('',#8215,1.);
#8215 = DIRECTION('',(0.,0.,1.));
#8216 = ORIENTED_EDGE('',*,*,#7608,.T.);
#8217 = ORIENTED_EDGE('',*,*,#8177,.F.);
#8218 = ORIENTED_EDGE('',*,*,#7028,.F.);
#8219 = PLANE('',#8220);
#8220 = AXIS2_PLACEMENT_3D('',#8221,#8222,#8223);
#8221 = CARTESIAN_POINT('',(93.599,-123.4412,0.));
#8222 = DIRECTION('',(-1.,0.,0.));
#8223 = DIRECTION('',(0.,1.,0.));
#8224 = ADVANCED_FACE('',(#8225),#8236,.T.);
#8225 = FACE_BOUND('',#8226,.T.);
#8226 = EDGE_LOOP('',(#8227,#8228,#8229,#8235));
#8227 = ORIENTED_EDGE('',*,*,#8196,.T.);
#8228 = ORIENTED_EDGE('',*,*,#7625,.T.);
#8229 = ORIENTED_EDGE('',*,*,#8230,.F.);
#8230 = EDGE_CURVE('',#7037,#7617,#8231,.T.);
#8231 = LINE('',#8232,#8233);
#8232 = CARTESIAN_POINT('',(96.599,-126.4412,0.));
#8233 = VECTOR('',#8234,1.);
#8234 = DIRECTION('',(0.,0.,1.));
#8235 = ORIENTED_EDGE('',*,*,#7045,.F.);
#8236 = PLANE('',#8237);
#8237 = AXIS2_PLACEMENT_3D('',#8238,#8239,#8240);
#8238 = CARTESIAN_POINT('',(180.9976,-126.4412,0.));
#8239 = DIRECTION('',(0.,-1.,0.));
#8240 = DIRECTION('',(-1.,0.,0.));
#8241 = ADVANCED_FACE('',(#8242),#8248,.T.);
#8242 = FACE_BOUND('',#8243,.T.);
#8243 = EDGE_LOOP('',(#8244,#8245,#8246,#8247));
#8244 = ORIENTED_EDGE('',*,*,#8230,.T.);
#8245 = ORIENTED_EDGE('',*,*,#7616,.T.);
#8246 = ORIENTED_EDGE('',*,*,#8211,.F.);
#8247 = ORIENTED_EDGE('',*,*,#7036,.F.);
#8248 = CYLINDRICAL_SURFACE('',#8249,3.000001172987);
#8249 = AXIS2_PLACEMENT_3D('',#8250,#8251,#8252);
#8250 = CARTESIAN_POINT('',(96.599001172987,-123.441198827,0.));
#8251 = DIRECTION('',(0.,0.,-1.));
#8252 = DIRECTION('',(-3.909953568695E-07,-1.,-0.));
#8253 = ADVANCED_FACE('',(#8254),#8265,.F.);
#8254 = FACE_BOUND('',#8255,.T.);
#8255 = EDGE_LOOP('',(#8256,#8257,#8263,#8264));
#8256 = ORIENTED_EDGE('',*,*,#7063,.T.);
#8257 = ORIENTED_EDGE('',*,*,#8258,.T.);
#8258 = EDGE_CURVE('',#7064,#7644,#8259,.T.);
#8259 = LINE('',#8260,#8261);
#8260 = CARTESIAN_POINT('',(98.7298,-121.7166,-4.6E-02));
#8261 = VECTOR('',#8262,1.);
#8262 = DIRECTION('',(0.,0.,1.));
#8263 = ORIENTED_EDGE('',*,*,#7643,.F.);
#8264 = ORIENTED_EDGE('',*,*,#8258,.F.);
#8265 = CYLINDRICAL_SURFACE('',#8266,1.6);
#8266 = AXIS2_PLACEMENT_3D('',#8267,#8268,#8269);
#8267 = CARTESIAN_POINT('',(98.7298,-120.1166,-4.6E-02));
#8268 = DIRECTION('',(-0.,-0.,-1.));
#8269 = DIRECTION('',(-8.881784197001E-15,-1.,0.));
#8270 = ADVANCED_FACE('',(#8271),#8282,.F.);
#8271 = FACE_BOUND('',#8272,.T.);
#8272 = EDGE_LOOP('',(#8273,#8274,#8280,#8281));
#8273 = ORIENTED_EDGE('',*,*,#7074,.T.);
#8274 = ORIENTED_EDGE('',*,*,#8275,.T.);
#8275 = EDGE_CURVE('',#7075,#7655,#8276,.T.);
#8276 = LINE('',#8277,#8278);
#8277 = CARTESIAN_POINT('',(105.3408,-100.6466,-4.6E-02));
#8278 = VECTOR('',#8279,1.);
#8279 = DIRECTION('',(0.,0.,1.));
#8280 = ORIENTED_EDGE('',*,*,#7654,.F.);
#8281 = ORIENTED_EDGE('',*,*,#8275,.F.);
#8282 = CYLINDRICAL_SURFACE('',#8283,0.85);
#8283 = AXIS2_PLACEMENT_3D('',#8284,#8285,#8286);
#8284 = CARTESIAN_POINT('',(105.3408,-99.7966,-4.6E-02));
#8285 = DIRECTION('',(-0.,-0.,-1.));
#8286 = DIRECTION('',(-0.,-1.,0.));
#8287 = ADVANCED_FACE('',(#8288),#8299,.F.);
#8288 = FACE_BOUND('',#8289,.T.);
#8289 = EDGE_LOOP('',(#8290,#8291,#8297,#8298));
#8290 = ORIENTED_EDGE('',*,*,#7085,.T.);
#8291 = ORIENTED_EDGE('',*,*,#8292,.T.);
#8292 = EDGE_CURVE('',#7086,#7666,#8293,.T.);
#8293 = LINE('',#8294,#8295);
#8294 = CARTESIAN_POINT('',(106.6108,-98.0066,-4.6E-02));
#8295 = VECTOR('',#8296,1.);
#8296 = DIRECTION('',(0.,0.,1.));
#8297 = ORIENTED_EDGE('',*,*,#7665,.F.);
#8298 = ORIENTED_EDGE('',*,*,#8292,.F.);
#8299 = CYLINDRICAL_SURFACE('',#8300,0.75);
#8300 = AXIS2_PLACEMENT_3D('',#8301,#8302,#8303);
#8301 = CARTESIAN_POINT('',(106.6108,-97.2566,-4.6E-02));
#8302 = DIRECTION('',(-0.,-0.,-1.));
#8303 = DIRECTION('',(-0.,-1.,0.));
#8304 = ADVANCED_FACE('',(#8305),#8316,.F.);
#8305 = FACE_BOUND('',#8306,.T.);
#8306 = EDGE_LOOP('',(#8307,#8308,#8314,#8315));
#8307 = ORIENTED_EDGE('',*,*,#7096,.T.);
#8308 = ORIENTED_EDGE('',*,*,#8309,.T.);
#8309 = EDGE_CURVE('',#7097,#7677,#8310,.T.);
#8310 = LINE('',#8311,#8312);
#8311 = CARTESIAN_POINT('',(110.4208,-101.7966,-4.6E-02));
#8312 = VECTOR('',#8313,1.);
#8313 = DIRECTION('',(0.,0.,1.));
#8314 = ORIENTED_EDGE('',*,*,#7676,.F.);
#8315 = ORIENTED_EDGE('',*,*,#8309,.F.);
#8316 = CYLINDRICAL_SURFACE('',#8317,2.);
#8317 = AXIS2_PLACEMENT_3D('',#8318,#8319,#8320);
#8318 = CARTESIAN_POINT('',(110.4208,-99.7966,-4.6E-02));
#8319 = DIRECTION('',(-0.,-0.,-1.));
#8320 = DIRECTION('',(-0.,-1.,0.));
#8321 = ADVANCED_FACE('',(#8322),#8333,.F.);
#8322 = FACE_BOUND('',#8323,.T.);
#8323 = EDGE_LOOP('',(#8324,#8325,#8331,#8332));
#8324 = ORIENTED_EDGE('',*,*,#7107,.T.);
#8325 = ORIENTED_EDGE('',*,*,#8326,.T.);
#8326 = EDGE_CURVE('',#7108,#7688,#8327,.T.);
#8327 = LINE('',#8328,#8329);
#8328 = CARTESIAN_POINT('',(115.5008,-100.6466,-4.6E-02));
#8329 = VECTOR('',#8330,1.);
#8330 = DIRECTION('',(0.,0.,1.));
#8331 = ORIENTED_EDGE('',*,*,#7687,.F.);
#8332 = ORIENTED_EDGE('',*,*,#8326,.F.);
#8333 = CYLINDRICAL_SURFACE('',#8334,0.85);
#8334 = AXIS2_PLACEMENT_3D('',#8335,#8336,#8337);
#8335 = CARTESIAN_POINT('',(115.5008,-99.7966,-4.6E-02));
#8336 = DIRECTION('',(-0.,-0.,-1.));
#8337 = DIRECTION('',(-0.,-1.,0.));
#8338 = ADVANCED_FACE('',(#8339),#8350,.F.);
#8339 = FACE_BOUND('',#8340,.T.);
#8340 = EDGE_LOOP('',(#8341,#8342,#8348,#8349));
#8341 = ORIENTED_EDGE('',*,*,#7118,.T.);
#8342 = ORIENTED_EDGE('',*,*,#8343,.T.);
#8343 = EDGE_CURVE('',#7119,#7699,#8344,.T.);
#8344 = LINE('',#8345,#8346);
#8345 = CARTESIAN_POINT('',(124.4408,-100.6466,-4.6E-02));
#8346 = VECTOR('',#8347,1.);
#8347 = DIRECTION('',(0.,0.,1.));
#8348 = ORIENTED_EDGE('',*,*,#7698,.F.);
#8349 = ORIENTED_EDGE('',*,*,#8343,.F.);
#8350 = CYLINDRICAL_SURFACE('',#8351,0.85);
#8351 = AXIS2_PLACEMENT_3D('',#8352,#8353,#8354);
#8352 = CARTESIAN_POINT('',(124.4408,-99.7966,-4.6E-02));
#8353 = DIRECTION('',(-0.,-0.,-1.));
#8354 = DIRECTION('',(-0.,-1.,0.));
#8355 = ADVANCED_FACE('',(#8356),#8367,.F.);
#8356 = FACE_BOUND('',#8357,.T.);
#8357 = EDGE_LOOP('',(#8358,#8359,#8365,#8366));
#8358 = ORIENTED_EDGE('',*,*,#7129,.T.);
#8359 = ORIENTED_EDGE('',*,*,#8360,.T.);
#8360 = EDGE_CURVE('',#7130,#7710,#8361,.T.);
#8361 = LINE('',#8362,#8363);
#8362 = CARTESIAN_POINT('',(125.7108,-98.0066,-4.6E-02));
#8363 = VECTOR('',#8364,1.);
#8364 = DIRECTION('',(0.,0.,1.));
#8365 = ORIENTED_EDGE('',*,*,#7709,.F.);
#8366 = ORIENTED_EDGE('',*,*,#8360,.F.);
#8367 = CYLINDRICAL_SURFACE('',#8368,0.75);
#8368 = AXIS2_PLACEMENT_3D('',#8369,#8370,#8371);
#8369 = CARTESIAN_POINT('',(125.7108,-97.2566,-4.6E-02));
#8370 = DIRECTION('',(-0.,-0.,-1.));
#8371 = DIRECTION('',(-0.,-1.,0.));
#8372 = ADVANCED_FACE('',(#8373),#8384,.F.);
#8373 = FACE_BOUND('',#8374,.T.);
#8374 = EDGE_LOOP('',(#8375,#8376,#8382,#8383));
#8375 = ORIENTED_EDGE('',*,*,#7140,.T.);
#8376 = ORIENTED_EDGE('',*,*,#8377,.T.);
#8377 = EDGE_CURVE('',#7141,#7721,#8378,.T.);
#8378 = LINE('',#8379,#8380);
#8379 = CARTESIAN_POINT('',(129.5208,-101.7966,-4.6E-02));
#8380 = VECTOR('',#8381,1.);
#8381 = DIRECTION('',(0.,0.,1.));
#8382 = ORIENTED_EDGE('',*,*,#7720,.F.);
#8383 = ORIENTED_EDGE('',*,*,#8377,.F.);
#8384 = CYLINDRICAL_SURFACE('',#8385,2.);
#8385 = AXIS2_PLACEMENT_3D('',#8386,#8387,#8388);
#8386 = CARTESIAN_POINT('',(129.5208,-99.7966,-4.6E-02));
#8387 = DIRECTION('',(-0.,-0.,-1.));
#8388 = DIRECTION('',(-0.,-1.,0.));
#8389 = ADVANCED_FACE('',(#8390),#8401,.F.);
#8390 = FACE_BOUND('',#8391,.T.);
#8391 = EDGE_LOOP('',(#8392,#8393,#8399,#8400));
#8392 = ORIENTED_EDGE('',*,*,#7151,.T.);
#8393 = ORIENTED_EDGE('',*,*,#8394,.T.);
#8394 = EDGE_CURVE('',#7152,#7732,#8395,.T.);
#8395 = LINE('',#8396,#8397);
#8396 = CARTESIAN_POINT('',(134.6008,-100.6466,-4.6E-02));
#8397 = VECTOR('',#8398,1.);
#8398 = DIRECTION('',(0.,0.,1.));
#8399 = ORIENTED_EDGE('',*,*,#7731,.F.);
#8400 = ORIENTED_EDGE('',*,*,#8394,.F.);
#8401 = CYLINDRICAL_SURFACE('',#8402,0.85);
#8402 = AXIS2_PLACEMENT_3D('',#8403,#8404,#8405);
#8403 = CARTESIAN_POINT('',(134.6008,-99.7966,-4.6E-02));
#8404 = DIRECTION('',(-0.,-0.,-1.));
#8405 = DIRECTION('',(-0.,-1.,0.));
#8406 = ADVANCED_FACE('',(#8407),#8418,.F.);
#8407 = FACE_BOUND('',#8408,.T.);
#8408 = EDGE_LOOP('',(#8409,#8410,#8416,#8417));
#8409 = ORIENTED_EDGE('',*,*,#7162,.T.);
#8410 = ORIENTED_EDGE('',*,*,#8411,.T.);
#8411 = EDGE_CURVE('',#7163,#7743,#8412,.T.);
#8412 = LINE('',#8413,#8414);
#8413 = CARTESIAN_POINT('',(179.07,-121.615,-4.6E-02));
#8414 = VECTOR('',#8415,1.);
#8415 = DIRECTION('',(0.,0.,1.));
#8416 = ORIENTED_EDGE('',*,*,#7742,.F.);
#8417 = ORIENTED_EDGE('',*,*,#8411,.F.);
#8418 = CYLINDRICAL_SURFACE('',#8419,1.6);
#8419 = AXIS2_PLACEMENT_3D('',#8420,#8421,#8422);
#8420 = CARTESIAN_POINT('',(179.07,-120.015,-4.6E-02));
#8421 = DIRECTION('',(-0.,-0.,-1.));
#8422 = DIRECTION('',(-0.,-1.,0.));
#8423 = ADVANCED_FACE('',(#8424),#8435,.F.);
#8424 = FACE_BOUND('',#8425,.T.);
#8425 = EDGE_LOOP('',(#8426,#8427,#8433,#8434));
#8426 = ORIENTED_EDGE('',*,*,#7173,.T.);
#8427 = ORIENTED_EDGE('',*,*,#8428,.T.);
#8428 = EDGE_CURVE('',#7174,#7754,#8429,.T.);
#8429 = LINE('',#8430,#8431);
#8430 = CARTESIAN_POINT('',(143.5908,-100.6466,-4.6E-02));
#8431 = VECTOR('',#8432,1.);
#8432 = DIRECTION('',(0.,0.,1.));
#8433 = ORIENTED_EDGE('',*,*,#7753,.F.);
#8434 = ORIENTED_EDGE('',*,*,#8428,.F.);
#8435 = CYLINDRICAL_SURFACE('',#8436,0.85);
#8436 = AXIS2_PLACEMENT_3D('',#8437,#8438,#8439);
#8437 = CARTESIAN_POINT('',(143.5908,-99.7966,-4.6E-02));
#8438 = DIRECTION('',(-0.,-0.,-1.));
#8439 = DIRECTION('',(-0.,-1.,0.));
#8440 = ADVANCED_FACE('',(#8441),#8452,.F.);
#8441 = FACE_BOUND('',#8442,.T.);
#8442 = EDGE_LOOP('',(#8443,#8444,#8450,#8451));
#8443 = ORIENTED_EDGE('',*,*,#7184,.T.);
#8444 = ORIENTED_EDGE('',*,*,#8445,.T.);
#8445 = EDGE_CURVE('',#7185,#7765,#8446,.T.);
#8446 = LINE('',#8447,#8448);
#8447 = CARTESIAN_POINT('',(148.6708,-101.7966,-4.6E-02));
#8448 = VECTOR('',#8449,1.);
#8449 = DIRECTION('',(0.,0.,1.));
#8450 = ORIENTED_EDGE('',*,*,#7764,.F.);
#8451 = ORIENTED_EDGE('',*,*,#8445,.F.);
#8452 = CYLINDRICAL_SURFACE('',#8453,2.);
#8453 = AXIS2_PLACEMENT_3D('',#8454,#8455,#8456);
#8454 = CARTESIAN_POINT('',(148.6708,-99.7966,-4.6E-02));
#8455 = DIRECTION('',(-0.,-0.,-1.));
#8456 = DIRECTION('',(-0.,-1.,0.));
#8457 = ADVANCED_FACE('',(#8458),#8469,.F.);
#8458 = FACE_BOUND('',#8459,.T.);
#8459 = EDGE_LOOP('',(#8460,#8461,#8467,#8468));
#8460 = ORIENTED_EDGE('',*,*,#7195,.T.);
#8461 = ORIENTED_EDGE('',*,*,#8462,.T.);
#8462 = EDGE_CURVE('',#7196,#7776,#8463,.T.);
#8463 = LINE('',#8464,#8465);
#8464 = CARTESIAN_POINT('',(144.8608,-98.0066,-4.6E-02));
#8465 = VECTOR('',#8466,1.);
#8466 = DIRECTION('',(0.,0.,1.));
#8467 = ORIENTED_EDGE('',*,*,#7775,.F.);
#8468 = ORIENTED_EDGE('',*,*,#8462,.F.);
#8469 = CYLINDRICAL_SURFACE('',#8470,0.75);
#8470 = AXIS2_PLACEMENT_3D('',#8471,#8472,#8473);
#8471 = CARTESIAN_POINT('',(144.8608,-97.2566,-4.6E-02));
#8472 = DIRECTION('',(-0.,-0.,-1.));
#8473 = DIRECTION('',(-0.,-1.,0.));
#8474 = ADVANCED_FACE('',(#8475),#8486,.F.);
#8475 = FACE_BOUND('',#8476,.T.);
#8476 = EDGE_LOOP('',(#8477,#8478,#8484,#8485));
#8477 = ORIENTED_EDGE('',*,*,#7206,.T.);
#8478 = ORIENTED_EDGE('',*,*,#8479,.T.);
#8479 = EDGE_CURVE('',#7207,#7787,#8480,.T.);
#8480 = LINE('',#8481,#8482);
#8481 = CARTESIAN_POINT('',(153.7508,-100.6466,-4.6E-02));
#8482 = VECTOR('',#8483,1.);
#8483 = DIRECTION('',(0.,0.,1.));
#8484 = ORIENTED_EDGE('',*,*,#7786,.F.);
#8485 = ORIENTED_EDGE('',*,*,#8479,.F.);
#8486 = CYLINDRICAL_SURFACE('',#8487,0.85);
#8487 = AXIS2_PLACEMENT_3D('',#8488,#8489,#8490);
#8488 = CARTESIAN_POINT('',(153.7508,-99.7966,-4.6E-02));
#8489 = DIRECTION('',(-0.,-0.,-1.));
#8490 = DIRECTION('',(-0.,-1.,0.));
#8491 = ADVANCED_FACE('',(#8492),#8503,.F.);
#8492 = FACE_BOUND('',#8493,.T.);
#8493 = EDGE_LOOP('',(#8494,#8495,#8501,#8502));
#8494 = ORIENTED_EDGE('',*,*,#7217,.T.);
#8495 = ORIENTED_EDGE('',*,*,#8496,.T.);
#8496 = EDGE_CURVE('',#7218,#7798,#8497,.T.);
#8497 = LINE('',#8498,#8499);
#8498 = CARTESIAN_POINT('',(162.6108,-100.6466,-4.6E-02));
#8499 = VECTOR('',#8500,1.);
#8500 = DIRECTION('',(0.,0.,1.));
#8501 = ORIENTED_EDGE('',*,*,#7797,.F.);
#8502 = ORIENTED_EDGE('',*,*,#8496,.F.);
#8503 = CYLINDRICAL_SURFACE('',#8504,0.85);
#8504 = AXIS2_PLACEMENT_3D('',#8505,#8506,#8507);
#8505 = CARTESIAN_POINT('',(162.6108,-99.7966,-4.6E-02));
#8506 = DIRECTION('',(-0.,0.,-1.));
#8507 = DIRECTION('',(3.343730521224E-14,-1.,-0.));
#8508 = ADVANCED_FACE('',(#8509),#8520,.F.);
#8509 = FACE_BOUND('',#8510,.T.);
#8510 = EDGE_LOOP('',(#8511,#8512,#8518,#8519));
#8511 = ORIENTED_EDGE('',*,*,#7228,.T.);
#8512 = ORIENTED_EDGE('',*,*,#8513,.T.);
#8513 = EDGE_CURVE('',#7229,#7809,#8514,.T.);
#8514 = LINE('',#8515,#8516);
#8515 = CARTESIAN_POINT('',(167.6908,-101.7966,-4.6E-02));
#8516 = VECTOR('',#8517,1.);
#8517 = DIRECTION('',(0.,0.,1.));
#8518 = ORIENTED_EDGE('',*,*,#7808,.F.);
#8519 = ORIENTED_EDGE('',*,*,#8513,.F.);
#8520 = CYLINDRICAL_SURFACE('',#8521,2.);
#8521 = AXIS2_PLACEMENT_3D('',#8522,#8523,#8524);
#8522 = CARTESIAN_POINT('',(167.6908,-99.7966,-4.6E-02));
#8523 = DIRECTION('',(-0.,-0.,-1.));
#8524 = DIRECTION('',(-0.,-1.,0.));
#8525 = ADVANCED_FACE('',(#8526),#8537,.F.);
#8526 = FACE_BOUND('',#8527,.T.);
#8527 = EDGE_LOOP('',(#8528,#8529,#8535,#8536));
#8528 = ORIENTED_EDGE('',*,*,#7239,.T.);
#8529 = ORIENTED_EDGE('',*,*,#8530,.T.);
#8530 = EDGE_CURVE('',#7240,#7820,#8531,.T.);
#8531 = LINE('',#8532,#8533);
#8532 = CARTESIAN_POINT('',(163.8808,-98.0066,-4.6E-02));
#8533 = VECTOR('',#8534,1.);
#8534 = DIRECTION('',(0.,0.,1.));
#8535 = ORIENTED_EDGE('',*,*,#7819,.F.);
#8536 = ORIENTED_EDGE('',*,*,#8530,.F.);
#8537 = CYLINDRICAL_SURFACE('',#8538,0.75);
#8538 = AXIS2_PLACEMENT_3D('',#8539,#8540,#8541);
#8539 = CARTESIAN_POINT('',(163.8808,-97.2566,-4.6E-02));
#8540 = DIRECTION('',(-0.,-0.,-1.));
#8541 = DIRECTION('',(-0.,-1.,0.));
#8542 = ADVANCED_FACE('',(#8543),#8554,.F.);
#8543 = FACE_BOUND('',#8544,.T.);
#8544 = EDGE_LOOP('',(#8545,#8546,#8552,#8553));
#8545 = ORIENTED_EDGE('',*,*,#7250,.T.);
#8546 = ORIENTED_EDGE('',*,*,#8547,.T.);
#8547 = EDGE_CURVE('',#7251,#7831,#8548,.T.);
#8548 = LINE('',#8549,#8550);
#8549 = CARTESIAN_POINT('',(172.7708,-100.6466,-4.6E-02));
#8550 = VECTOR('',#8551,1.);
#8551 = DIRECTION('',(0.,0.,1.));
#8552 = ORIENTED_EDGE('',*,*,#7830,.F.);
#8553 = ORIENTED_EDGE('',*,*,#8547,.F.);
#8554 = CYLINDRICAL_SURFACE('',#8555,0.85);
#8555 = AXIS2_PLACEMENT_3D('',#8556,#8557,#8558);
#8556 = CARTESIAN_POINT('',(172.7708,-99.7966,-4.6E-02));
#8557 = DIRECTION('',(-0.,-0.,-1.));
#8558 = DIRECTION('',(-0.,-1.,0.));
#8559 = ADVANCED_FACE('',(#8560),#8571,.F.);
#8560 = FACE_BOUND('',#8561,.T.);
#8561 = EDGE_LOOP('',(#8562,#8563,#8569,#8570));
#8562 = ORIENTED_EDGE('',*,*,#7261,.T.);
#8563 = ORIENTED_EDGE('',*,*,#8564,.T.);
#8564 = EDGE_CURVE('',#7262,#7842,#8565,.T.);
#8565 = LINE('',#8566,#8567);
#8566 = CARTESIAN_POINT('',(112.9608,-95.4666,-4.6E-02));
#8567 = VECTOR('',#8568,1.);
#8568 = DIRECTION('',(0.,0.,1.));
#8569 = ORIENTED_EDGE('',*,*,#7841,.F.);
#8570 = ORIENTED_EDGE('',*,*,#8564,.F.);
#8571 = CYLINDRICAL_SURFACE('',#8572,0.75);
#8572 = AXIS2_PLACEMENT_3D('',#8573,#8574,#8575);
#8573 = CARTESIAN_POINT('',(112.9608,-94.7166,-4.6E-02));
#8574 = DIRECTION('',(-0.,-0.,-1.));
#8575 = DIRECTION('',(-0.,-1.,0.));
#8576 = ADVANCED_FACE('',(#8577),#8588,.F.);
#8577 = FACE_BOUND('',#8578,.T.);
#8578 = EDGE_LOOP('',(#8579,#8580,#8586,#8587));
#8579 = ORIENTED_EDGE('',*,*,#7272,.T.);
#8580 = ORIENTED_EDGE('',*,*,#8581,.T.);
#8581 = EDGE_CURVE('',#7273,#7853,#8582,.T.);
#8582 = LINE('',#8583,#8584);
#8583 = CARTESIAN_POINT('',(107.8708,-87.3466,-4.6E-02));
#8584 = VECTOR('',#8585,1.);
#8585 = DIRECTION('',(0.,0.,1.));
#8586 = ORIENTED_EDGE('',*,*,#7852,.F.);
#8587 = ORIENTED_EDGE('',*,*,#8581,.F.);
#8588 = CYLINDRICAL_SURFACE('',#8589,0.5);
#8589 = AXIS2_PLACEMENT_3D('',#8590,#8591,#8592);
#8590 = CARTESIAN_POINT('',(107.8708,-86.8466,-4.6E-02));
#8591 = DIRECTION('',(-0.,-0.,-1.));
#8592 = DIRECTION('',(-0.,-1.,0.));
#8593 = ADVANCED_FACE('',(#8594),#8605,.F.);
#8594 = FACE_BOUND('',#8595,.T.);
#8595 = EDGE_LOOP('',(#8596,#8597,#8603,#8604));
#8596 = ORIENTED_EDGE('',*,*,#7283,.T.);
#8597 = ORIENTED_EDGE('',*,*,#8598,.T.);
#8598 = EDGE_CURVE('',#7284,#7864,#8599,.T.);
#8599 = LINE('',#8600,#8601);
#8600 = CARTESIAN_POINT('',(110.4108,-87.3466,-4.6E-02));
#8601 = VECTOR('',#8602,1.);
#8602 = DIRECTION('',(0.,0.,1.));
#8603 = ORIENTED_EDGE('',*,*,#7863,.F.);
#8604 = ORIENTED_EDGE('',*,*,#8598,.F.);
#8605 = CYLINDRICAL_SURFACE('',#8606,0.5);
#8606 = AXIS2_PLACEMENT_3D('',#8607,#8608,#8609);
#8607 = CARTESIAN_POINT('',(110.4108,-86.8466,-4.6E-02));
#8608 = DIRECTION('',(-0.,-0.,-1.));
#8609 = DIRECTION('',(-0.,-1.,0.));
#8610 = ADVANCED_FACE('',(#8611),#8622,.F.);
#8611 = FACE_BOUND('',#8612,.T.);
#8612 = EDGE_LOOP('',(#8613,#8614,#8620,#8621));
#8613 = ORIENTED_EDGE('',*,*,#7294,.T.);
#8614 = ORIENTED_EDGE('',*,*,#8615,.T.);
#8615 = EDGE_CURVE('',#7295,#7875,#8616,.T.);
#8616 = LINE('',#8617,#8618);
#8617 = CARTESIAN_POINT('',(112.9508,-87.3466,-4.6E-02));
#8618 = VECTOR('',#8619,1.);
#8619 = DIRECTION('',(0.,0.,1.));
#8620 = ORIENTED_EDGE('',*,*,#7874,.F.);
#8621 = ORIENTED_EDGE('',*,*,#8615,.F.);
#8622 = CYLINDRICAL_SURFACE('',#8623,0.5);
#8623 = AXIS2_PLACEMENT_3D('',#8624,#8625,#8626);
#8624 = CARTESIAN_POINT('',(112.9508,-86.8466,-4.6E-02));
#8625 = DIRECTION('',(-0.,-0.,-1.));
#8626 = DIRECTION('',(-0.,-1.,0.));
#8627 = ADVANCED_FACE('',(#8628),#8639,.F.);
#8628 = FACE_BOUND('',#8629,.T.);
#8629 = EDGE_LOOP('',(#8630,#8631,#8637,#8638));
#8630 = ORIENTED_EDGE('',*,*,#7305,.T.);
#8631 = ORIENTED_EDGE('',*,*,#8632,.T.);
#8632 = EDGE_CURVE('',#7306,#7886,#8633,.T.);
#8633 = LINE('',#8634,#8635);
#8634 = CARTESIAN_POINT('',(115.4908,-87.3466,-4.6E-02));
#8635 = VECTOR('',#8636,1.);
#8636 = DIRECTION('',(0.,0.,1.));
#8637 = ORIENTED_EDGE('',*,*,#7885,.F.);
#8638 = ORIENTED_EDGE('',*,*,#8632,.F.);
#8639 = CYLINDRICAL_SURFACE('',#8640,0.5);
#8640 = AXIS2_PLACEMENT_3D('',#8641,#8642,#8643);
#8641 = CARTESIAN_POINT('',(115.4908,-86.8466,-4.6E-02));
#8642 = DIRECTION('',(-0.,-0.,-1.));
#8643 = DIRECTION('',(-0.,-1.,0.));
#8644 = ADVANCED_FACE('',(#8645),#8656,.F.);
#8645 = FACE_BOUND('',#8646,.T.);
#8646 = EDGE_LOOP('',(#8647,#8648,#8654,#8655));
#8647 = ORIENTED_EDGE('',*,*,#7316,.T.);
#8648 = ORIENTED_EDGE('',*,*,#8649,.T.);
#8649 = EDGE_CURVE('',#7317,#7897,#8650,.T.);
#8650 = LINE('',#8651,#8652);
#8651 = CARTESIAN_POINT('',(132.0608,-95.4666,-4.6E-02));
#8652 = VECTOR('',#8653,1.);
#8653 = DIRECTION('',(0.,0.,1.));
#8654 = ORIENTED_EDGE('',*,*,#7896,.F.);
#8655 = ORIENTED_EDGE('',*,*,#8649,.F.);
#8656 = CYLINDRICAL_SURFACE('',#8657,0.75);
#8657 = AXIS2_PLACEMENT_3D('',#8658,#8659,#8660);
#8658 = CARTESIAN_POINT('',(132.0608,-94.7166,-4.6E-02));
#8659 = DIRECTION('',(-0.,-0.,-1.));
#8660 = DIRECTION('',(-0.,-1.,0.));
#8661 = ADVANCED_FACE('',(#8662),#8673,.F.);
#8662 = FACE_BOUND('',#8663,.T.);
#8663 = EDGE_LOOP('',(#8664,#8665,#8671,#8672));
#8664 = ORIENTED_EDGE('',*,*,#7327,.T.);
#8665 = ORIENTED_EDGE('',*,*,#8666,.T.);
#8666 = EDGE_CURVE('',#7328,#7908,#8667,.T.);
#8667 = LINE('',#8668,#8669);
#8668 = CARTESIAN_POINT('',(118.0308,-87.3466,-4.6E-02));
#8669 = VECTOR('',#8670,1.);
#8670 = DIRECTION('',(0.,0.,1.));
#8671 = ORIENTED_EDGE('',*,*,#7907,.F.);
#8672 = ORIENTED_EDGE('',*,*,#8666,.F.);
#8673 = CYLINDRICAL_SURFACE('',#8674,0.5);
#8674 = AXIS2_PLACEMENT_3D('',#8675,#8676,#8677);
#8675 = CARTESIAN_POINT('',(118.0308,-86.8466,-4.6E-02));
#8676 = DIRECTION('',(-0.,-0.,-1.));
#8677 = DIRECTION('',(-0.,-1.,0.));
#8678 = ADVANCED_FACE('',(#8679),#8690,.F.);
#8679 = FACE_BOUND('',#8680,.T.);
#8680 = EDGE_LOOP('',(#8681,#8682,#8688,#8689));
#8681 = ORIENTED_EDGE('',*,*,#7338,.T.);
#8682 = ORIENTED_EDGE('',*,*,#8683,.T.);
#8683 = EDGE_CURVE('',#7339,#7919,#8684,.T.);
#8684 = LINE('',#8685,#8686);
#8685 = CARTESIAN_POINT('',(120.5708,-87.3466,-4.6E-02));
#8686 = VECTOR('',#8687,1.);
#8687 = DIRECTION('',(0.,0.,1.));
#8688 = ORIENTED_EDGE('',*,*,#7918,.F.);
#8689 = ORIENTED_EDGE('',*,*,#8683,.F.);
#8690 = CYLINDRICAL_SURFACE('',#8691,0.5);
#8691 = AXIS2_PLACEMENT_3D('',#8692,#8693,#8694);
#8692 = CARTESIAN_POINT('',(120.5708,-86.8466,-4.6E-02));
#8693 = DIRECTION('',(-0.,-0.,-1.));
#8694 = DIRECTION('',(-0.,-1.,0.));
#8695 = ADVANCED_FACE('',(#8696),#8707,.F.);
#8696 = FACE_BOUND('',#8697,.T.);
#8697 = EDGE_LOOP('',(#8698,#8699,#8705,#8706));
#8698 = ORIENTED_EDGE('',*,*,#7349,.T.);
#8699 = ORIENTED_EDGE('',*,*,#8700,.T.);
#8700 = EDGE_CURVE('',#7350,#7930,#8701,.T.);
#8701 = LINE('',#8702,#8703);
#8702 = CARTESIAN_POINT('',(123.1108,-87.3466,-4.6E-02));
#8703 = VECTOR('',#8704,1.);
#8704 = DIRECTION('',(0.,0.,1.));
#8705 = ORIENTED_EDGE('',*,*,#7929,.F.);
#8706 = ORIENTED_EDGE('',*,*,#8700,.F.);
#8707 = CYLINDRICAL_SURFACE('',#8708,0.5);
#8708 = AXIS2_PLACEMENT_3D('',#8709,#8710,#8711);
#8709 = CARTESIAN_POINT('',(123.1108,-86.8466,-4.6E-02));
#8710 = DIRECTION('',(-0.,-0.,-1.));
#8711 = DIRECTION('',(-0.,-1.,0.));
#8712 = ADVANCED_FACE('',(#8713),#8724,.F.);
#8713 = FACE_BOUND('',#8714,.T.);
#8714 = EDGE_LOOP('',(#8715,#8716,#8722,#8723));
#8715 = ORIENTED_EDGE('',*,*,#7360,.T.);
#8716 = ORIENTED_EDGE('',*,*,#8717,.T.);
#8717 = EDGE_CURVE('',#7361,#7941,#8718,.T.);
#8718 = LINE('',#8719,#8720);
#8719 = CARTESIAN_POINT('',(125.6508,-87.3466,-4.6E-02));
#8720 = VECTOR('',#8721,1.);
#8721 = DIRECTION('',(0.,0.,1.));
#8722 = ORIENTED_EDGE('',*,*,#7940,.F.);
#8723 = ORIENTED_EDGE('',*,*,#8717,.F.);
#8724 = CYLINDRICAL_SURFACE('',#8725,0.5);
#8725 = AXIS2_PLACEMENT_3D('',#8726,#8727,#8728);
#8726 = CARTESIAN_POINT('',(125.6508,-86.8466,-4.6E-02));
#8727 = DIRECTION('',(-0.,-0.,-1.));
#8728 = DIRECTION('',(-0.,-1.,0.));
#8729 = ADVANCED_FACE('',(#8730),#8741,.F.);
#8730 = FACE_BOUND('',#8731,.T.);
#8731 = EDGE_LOOP('',(#8732,#8733,#8739,#8740));
#8732 = ORIENTED_EDGE('',*,*,#7371,.T.);
#8733 = ORIENTED_EDGE('',*,*,#8734,.T.);
#8734 = EDGE_CURVE('',#7372,#7952,#8735,.T.);
#8735 = LINE('',#8736,#8737);
#8736 = CARTESIAN_POINT('',(131.4508,-87.9111,-4.6E-02));
#8737 = VECTOR('',#8738,1.);
#8738 = DIRECTION('',(0.,0.,1.));
#8739 = ORIENTED_EDGE('',*,*,#7951,.F.);
#8740 = ORIENTED_EDGE('',*,*,#8734,.F.);
#8741 = CYLINDRICAL_SURFACE('',#8742,0.4445);
#8742 = AXIS2_PLACEMENT_3D('',#8743,#8744,#8745);
#8743 = CARTESIAN_POINT('',(131.4508,-87.4666,-4.6E-02));
#8744 = DIRECTION('',(-0.,-0.,-1.));
#8745 = DIRECTION('',(-6.394085361171E-14,-1.,0.));
#8746 = ADVANCED_FACE('',(#8747),#8758,.F.);
#8747 = FACE_BOUND('',#8748,.T.);
#8748 = EDGE_LOOP('',(#8749,#8750,#8756,#8757));
#8749 = ORIENTED_EDGE('',*,*,#7382,.T.);
#8750 = ORIENTED_EDGE('',*,*,#8751,.T.);
#8751 = EDGE_CURVE('',#7383,#7963,#8752,.T.);
#8752 = LINE('',#8753,#8754);
#8753 = CARTESIAN_POINT('',(131.4508,-85.3711,-4.6E-02));
#8754 = VECTOR('',#8755,1.);
#8755 = DIRECTION('',(0.,0.,1.));
#8756 = ORIENTED_EDGE('',*,*,#7962,.F.);
#8757 = ORIENTED_EDGE('',*,*,#8751,.F.);
#8758 = CYLINDRICAL_SURFACE('',#8759,0.4445);
#8759 = AXIS2_PLACEMENT_3D('',#8760,#8761,#8762);
#8760 = CARTESIAN_POINT('',(131.4508,-84.9266,-4.6E-02));
#8761 = DIRECTION('',(-0.,-0.,-1.));
#8762 = DIRECTION('',(-6.394085361171E-14,-1.,0.));
#8763 = ADVANCED_FACE('',(#8764),#8775,.F.);
#8764 = FACE_BOUND('',#8765,.T.);
#8765 = EDGE_LOOP('',(#8766,#8767,#8773,#8774));
#8766 = ORIENTED_EDGE('',*,*,#7393,.T.);
#8767 = ORIENTED_EDGE('',*,*,#8768,.T.);
#8768 = EDGE_CURVE('',#7394,#7974,#8769,.T.);
#8769 = LINE('',#8770,#8771);
#8770 = CARTESIAN_POINT('',(131.4508,-82.8311,-4.6E-02));
#8771 = VECTOR('',#8772,1.);
#8772 = DIRECTION('',(0.,0.,1.));
#8773 = ORIENTED_EDGE('',*,*,#7973,.F.);
#8774 = ORIENTED_EDGE('',*,*,#8768,.F.);
#8775 = CYLINDRICAL_SURFACE('',#8776,0.4445);
#8776 = AXIS2_PLACEMENT_3D('',#8777,#8778,#8779);
#8777 = CARTESIAN_POINT('',(131.4508,-82.3866,-4.6E-02));
#8778 = DIRECTION('',(-0.,-0.,-1.));
#8779 = DIRECTION('',(-6.394085361171E-14,-1.,0.));
#8780 = ADVANCED_FACE('',(#8781),#8792,.F.);
#8781 = FACE_BOUND('',#8782,.T.);
#8782 = EDGE_LOOP('',(#8783,#8784,#8790,#8791));
#8783 = ORIENTED_EDGE('',*,*,#7404,.T.);
#8784 = ORIENTED_EDGE('',*,*,#8785,.T.);
#8785 = EDGE_CURVE('',#7405,#7985,#8786,.T.);
#8786 = LINE('',#8787,#8788);
#8787 = CARTESIAN_POINT('',(98.6028,-71.2468,-4.6E-02));
#8788 = VECTOR('',#8789,1.);
#8789 = DIRECTION('',(0.,0.,1.));
#8790 = ORIENTED_EDGE('',*,*,#7984,.F.);
#8791 = ORIENTED_EDGE('',*,*,#8785,.F.);
#8792 = CYLINDRICAL_SURFACE('',#8793,1.6);
#8793 = AXIS2_PLACEMENT_3D('',#8794,#8795,#8796);
#8794 = CARTESIAN_POINT('',(98.6028,-69.6468,-4.6E-02));
#8795 = DIRECTION('',(-0.,-0.,-1.));
#8796 = DIRECTION('',(-0.,-1.,0.));
#8797 = ADVANCED_FACE('',(#8798),#8809,.F.);
#8798 = FACE_BOUND('',#8799,.T.);
#8799 = EDGE_LOOP('',(#8800,#8801,#8807,#8808));
#8800 = ORIENTED_EDGE('',*,*,#7415,.T.);
#8801 = ORIENTED_EDGE('',*,*,#8802,.T.);
#8802 = EDGE_CURVE('',#7416,#7996,#8803,.T.);
#8803 = LINE('',#8804,#8805);
#8804 = CARTESIAN_POINT('',(131.4508,-80.2911,-4.6E-02));
#8805 = VECTOR('',#8806,1.);
#8806 = DIRECTION('',(0.,0.,1.));
#8807 = ORIENTED_EDGE('',*,*,#7995,.F.);
#8808 = ORIENTED_EDGE('',*,*,#8802,.F.);
#8809 = CYLINDRICAL_SURFACE('',#8810,0.4445);
#8810 = AXIS2_PLACEMENT_3D('',#8811,#8812,#8813);
#8811 = CARTESIAN_POINT('',(131.4508,-79.8466,-4.6E-02));
#8812 = DIRECTION('',(-0.,-0.,-1.));
#8813 = DIRECTION('',(-6.394085361171E-14,-1.,0.));
#8814 = ADVANCED_FACE('',(#8815),#8826,.F.);
#8815 = FACE_BOUND('',#8816,.T.);
#8816 = EDGE_LOOP('',(#8817,#8818,#8824,#8825));
#8817 = ORIENTED_EDGE('',*,*,#7426,.T.);
#8818 = ORIENTED_EDGE('',*,*,#8819,.T.);
#8819 = EDGE_CURVE('',#7427,#8007,#8820,.T.);
#8820 = LINE('',#8821,#8822);
#8821 = CARTESIAN_POINT('',(131.4508,-77.7511,-4.6E-02));
#8822 = VECTOR('',#8823,1.);
#8823 = DIRECTION('',(0.,0.,1.));
#8824 = ORIENTED_EDGE('',*,*,#8006,.F.);
#8825 = ORIENTED_EDGE('',*,*,#8819,.F.);
#8826 = CYLINDRICAL_SURFACE('',#8827,0.4445);
#8827 = AXIS2_PLACEMENT_3D('',#8828,#8829,#8830);
#8828 = CARTESIAN_POINT('',(131.4508,-77.3066,-4.6E-02));
#8829 = DIRECTION('',(-0.,-0.,-1.));
#8830 = DIRECTION('',(-6.394085361171E-14,-1.,0.));
#8831 = ADVANCED_FACE('',(#8832),#8843,.F.);
#8832 = FACE_BOUND('',#8833,.T.);
#8833 = EDGE_LOOP('',(#8834,#8835,#8841,#8842));
#8834 = ORIENTED_EDGE('',*,*,#7437,.T.);
#8835 = ORIENTED_EDGE('',*,*,#8836,.T.);
#8836 = EDGE_CURVE('',#7438,#8018,#8837,.T.);
#8837 = LINE('',#8838,#8839);
#8838 = CARTESIAN_POINT('',(131.4508,-75.2111,-4.6E-02));
#8839 = VECTOR('',#8840,1.);
#8840 = DIRECTION('',(0.,0.,1.));
#8841 = ORIENTED_EDGE('',*,*,#8017,.F.);
#8842 = ORIENTED_EDGE('',*,*,#8836,.F.);
#8843 = CYLINDRICAL_SURFACE('',#8844,0.4445);
#8844 = AXIS2_PLACEMENT_3D('',#8845,#8846,#8847);
#8845 = CARTESIAN_POINT('',(131.4508,-74.7666,-4.6E-02));
#8846 = DIRECTION('',(-0.,-0.,-1.));
#8847 = DIRECTION('',(-6.394085361171E-14,-1.,0.));
#8848 = ADVANCED_FACE('',(#8849),#8860,.F.);
#8849 = FACE_BOUND('',#8850,.T.);
#8850 = EDGE_LOOP('',(#8851,#8852,#8858,#8859));
#8851 = ORIENTED_EDGE('',*,*,#7448,.T.);
#8852 = ORIENTED_EDGE('',*,*,#8853,.T.);
#8853 = EDGE_CURVE('',#7449,#8029,#8854,.T.);
#8854 = LINE('',#8855,#8856);
#8855 = CARTESIAN_POINT('',(131.4508,-72.6711,-4.6E-02));
#8856 = VECTOR('',#8857,1.);
#8857 = DIRECTION('',(0.,0.,1.));
#8858 = ORIENTED_EDGE('',*,*,#8028,.F.);
#8859 = ORIENTED_EDGE('',*,*,#8853,.F.);
#8860 = CYLINDRICAL_SURFACE('',#8861,0.4445);
#8861 = AXIS2_PLACEMENT_3D('',#8862,#8863,#8864);
#8862 = CARTESIAN_POINT('',(131.4508,-72.2266,-4.6E-02));
#8863 = DIRECTION('',(-0.,-0.,-1.));
#8864 = DIRECTION('',(-6.394085361171E-14,-1.,0.));
#8865 = ADVANCED_FACE('',(#8866),#8877,.F.);
#8866 = FACE_BOUND('',#8867,.T.);
#8867 = EDGE_LOOP('',(#8868,#8869,#8875,#8876));
#8868 = ORIENTED_EDGE('',*,*,#7459,.T.);
#8869 = ORIENTED_EDGE('',*,*,#8870,.T.);
#8870 = EDGE_CURVE('',#7460,#8040,#8871,.T.);
#8871 = LINE('',#8872,#8873);
#8872 = CARTESIAN_POINT('',(151.2108,-95.4666,-4.6E-02));
#8873 = VECTOR('',#8874,1.);
#8874 = DIRECTION('',(0.,0.,1.));
#8875 = ORIENTED_EDGE('',*,*,#8039,.F.);
#8876 = ORIENTED_EDGE('',*,*,#8870,.F.);
#8877 = CYLINDRICAL_SURFACE('',#8878,0.75);
#8878 = AXIS2_PLACEMENT_3D('',#8879,#8880,#8881);
#8879 = CARTESIAN_POINT('',(151.2108,-94.7166,-4.6E-02));
#8880 = DIRECTION('',(-0.,-0.,-1.));
#8881 = DIRECTION('',(-0.,-1.,0.));
#8882 = ADVANCED_FACE('',(#8883),#8894,.F.);
#8883 = FACE_BOUND('',#8884,.T.);
#8884 = EDGE_LOOP('',(#8885,#8886,#8892,#8893));
#8885 = ORIENTED_EDGE('',*,*,#7470,.T.);
#8886 = ORIENTED_EDGE('',*,*,#8887,.T.);
#8887 = EDGE_CURVE('',#7471,#8051,#8888,.T.);
#8888 = LINE('',#8889,#8890);
#8889 = CARTESIAN_POINT('',(146.6908,-87.9111,-4.6E-02));
#8890 = VECTOR('',#8891,1.);
#8891 = DIRECTION('',(0.,0.,1.));
#8892 = ORIENTED_EDGE('',*,*,#8050,.F.);
#8893 = ORIENTED_EDGE('',*,*,#8887,.F.);
#8894 = CYLINDRICAL_SURFACE('',#8895,0.4445);
#8895 = AXIS2_PLACEMENT_3D('',#8896,#8897,#8898);
#8896 = CARTESIAN_POINT('',(146.6908,-87.4666,-4.6E-02));
#8897 = DIRECTION('',(-0.,-0.,-1.));
#8898 = DIRECTION('',(-0.,-1.,0.));
#8899 = ADVANCED_FACE('',(#8900),#8911,.F.);
#8900 = FACE_BOUND('',#8901,.T.);
#8901 = EDGE_LOOP('',(#8902,#8903,#8909,#8910));
#8902 = ORIENTED_EDGE('',*,*,#7481,.T.);
#8903 = ORIENTED_EDGE('',*,*,#8904,.T.);
#8904 = EDGE_CURVE('',#7482,#8062,#8905,.T.);
#8905 = LINE('',#8906,#8907);
#8906 = CARTESIAN_POINT('',(146.6908,-85.3711,-4.6E-02));
#8907 = VECTOR('',#8908,1.);
#8908 = DIRECTION('',(0.,0.,1.));
#8909 = ORIENTED_EDGE('',*,*,#8061,.F.);
#8910 = ORIENTED_EDGE('',*,*,#8904,.F.);
#8911 = CYLINDRICAL_SURFACE('',#8912,0.4445);
#8912 = AXIS2_PLACEMENT_3D('',#8913,#8914,#8915);
#8913 = CARTESIAN_POINT('',(146.6908,-84.9266,-4.6E-02));
#8914 = DIRECTION('',(-0.,-0.,-1.));
#8915 = DIRECTION('',(-0.,-1.,0.));
#8916 = ADVANCED_FACE('',(#8917),#8928,.F.);
#8917 = FACE_BOUND('',#8918,.T.);
#8918 = EDGE_LOOP('',(#8919,#8920,#8926,#8927));
#8919 = ORIENTED_EDGE('',*,*,#7492,.T.);
#8920 = ORIENTED_EDGE('',*,*,#8921,.T.);
#8921 = EDGE_CURVE('',#7493,#8073,#8922,.T.);
#8922 = LINE('',#8923,#8924);
#8923 = CARTESIAN_POINT('',(146.6908,-82.8311,-4.6E-02));
#8924 = VECTOR('',#8925,1.);
#8925 = DIRECTION('',(0.,0.,1.));
#8926 = ORIENTED_EDGE('',*,*,#8072,.F.);
#8927 = ORIENTED_EDGE('',*,*,#8921,.F.);
#8928 = CYLINDRICAL_SURFACE('',#8929,0.4445);
#8929 = AXIS2_PLACEMENT_3D('',#8930,#8931,#8932);
#8930 = CARTESIAN_POINT('',(146.6908,-82.3866,-4.6E-02));
#8931 = DIRECTION('',(-0.,-0.,-1.));
#8932 = DIRECTION('',(-0.,-1.,0.));
#8933 = ADVANCED_FACE('',(#8934),#8945,.F.);
#8934 = FACE_BOUND('',#8935,.T.);
#8935 = EDGE_LOOP('',(#8936,#8937,#8943,#8944));
#8936 = ORIENTED_EDGE('',*,*,#7503,.T.);
#8937 = ORIENTED_EDGE('',*,*,#8938,.T.);
#8938 = EDGE_CURVE('',#7504,#8084,#8939,.T.);
#8939 = LINE('',#8940,#8941);
#8940 = CARTESIAN_POINT('',(170.2308,-95.4666,-4.6E-02));
#8941 = VECTOR('',#8942,1.);
#8942 = DIRECTION('',(0.,0.,1.));
#8943 = ORIENTED_EDGE('',*,*,#8083,.F.);
#8944 = ORIENTED_EDGE('',*,*,#8938,.F.);
#8945 = CYLINDRICAL_SURFACE('',#8946,0.75);
#8946 = AXIS2_PLACEMENT_3D('',#8947,#8948,#8949);
#8947 = CARTESIAN_POINT('',(170.2308,-94.7166,-4.6E-02));
#8948 = DIRECTION('',(-0.,-0.,-1.));
#8949 = DIRECTION('',(-0.,-1.,0.));
#8950 = ADVANCED_FACE('',(#8951),#8962,.F.);
#8951 = FACE_BOUND('',#8952,.T.);
#8952 = EDGE_LOOP('',(#8953,#8954,#8960,#8961));
#8953 = ORIENTED_EDGE('',*,*,#7514,.T.);
#8954 = ORIENTED_EDGE('',*,*,#8955,.T.);
#8955 = EDGE_CURVE('',#7515,#8095,#8956,.T.);
#8956 = LINE('',#8957,#8958);
#8957 = CARTESIAN_POINT('',(170.8208,-87.6466,-4.6E-02));
#8958 = VECTOR('',#8959,1.);
#8959 = DIRECTION('',(0.,0.,1.));
#8960 = ORIENTED_EDGE('',*,*,#8094,.F.);
#8961 = ORIENTED_EDGE('',*,*,#8955,.F.);
#8962 = CYLINDRICAL_SURFACE('',#8963,0.5);
#8963 = AXIS2_PLACEMENT_3D('',#8964,#8965,#8966);
#8964 = CARTESIAN_POINT('',(170.8208,-87.1466,-4.6E-02));
#8965 = DIRECTION('',(-0.,-0.,-1.));
#8966 = DIRECTION('',(-0.,-1.,0.));
#8967 = ADVANCED_FACE('',(#8968),#8979,.F.);
#8968 = FACE_BOUND('',#8969,.T.);
#8969 = EDGE_LOOP('',(#8970,#8971,#8977,#8978));
#8970 = ORIENTED_EDGE('',*,*,#7525,.T.);
#8971 = ORIENTED_EDGE('',*,*,#8972,.T.);
#8972 = EDGE_CURVE('',#7526,#8106,#8973,.T.);
#8973 = LINE('',#8974,#8975);
#8974 = CARTESIAN_POINT('',(146.6908,-80.2911,-4.6E-02));
#8975 = VECTOR('',#8976,1.);
#8976 = DIRECTION('',(0.,0.,1.));
#8977 = ORIENTED_EDGE('',*,*,#8105,.F.);
#8978 = ORIENTED_EDGE('',*,*,#8972,.F.);
#8979 = CYLINDRICAL_SURFACE('',#8980,0.4445);
#8980 = AXIS2_PLACEMENT_3D('',#8981,#8982,#8983);
#8981 = CARTESIAN_POINT('',(146.6908,-79.8466,-4.6E-02));
#8982 = DIRECTION('',(-0.,-0.,-1.));
#8983 = DIRECTION('',(-0.,-1.,0.));
#8984 = ADVANCED_FACE('',(#8985),#8996,.F.);
#8985 = FACE_BOUND('',#8986,.T.);
#8986 = EDGE_LOOP('',(#8987,#8988,#8994,#8995));
#8987 = ORIENTED_EDGE('',*,*,#7536,.T.);
#8988 = ORIENTED_EDGE('',*,*,#8989,.T.);
#8989 = EDGE_CURVE('',#7537,#8117,#8990,.T.);
#8990 = LINE('',#8991,#8992);
#8991 = CARTESIAN_POINT('',(146.6908,-77.7511,-4.6E-02));
#8992 = VECTOR('',#8993,1.);
#8993 = DIRECTION('',(0.,0.,1.));
#8994 = ORIENTED_EDGE('',*,*,#8116,.F.);
#8995 = ORIENTED_EDGE('',*,*,#8989,.F.);
#8996 = CYLINDRICAL_SURFACE('',#8997,0.4445);
#8997 = AXIS2_PLACEMENT_3D('',#8998,#8999,#9000);
#8998 = CARTESIAN_POINT('',(146.6908,-77.3066,-4.6E-02));
#8999 = DIRECTION('',(-0.,-0.,-1.));
#9000 = DIRECTION('',(-0.,-1.,0.));
#9001 = ADVANCED_FACE('',(#9002),#9013,.F.);
#9002 = FACE_BOUND('',#9003,.T.);
#9003 = EDGE_LOOP('',(#9004,#9005,#9011,#9012));
#9004 = ORIENTED_EDGE('',*,*,#7547,.T.);
#9005 = ORIENTED_EDGE('',*,*,#9006,.T.);
#9006 = EDGE_CURVE('',#7548,#8128,#9007,.T.);
#9007 = LINE('',#9008,#9009);
#9008 = CARTESIAN_POINT('',(146.6908,-75.2111,-4.6E-02));
#9009 = VECTOR('',#9010,1.);
#9010 = DIRECTION('',(0.,0.,1.));
#9011 = ORIENTED_EDGE('',*,*,#8127,.F.);
#9012 = ORIENTED_EDGE('',*,*,#9006,.F.);
#9013 = CYLINDRICAL_SURFACE('',#9014,0.4445);
#9014 = AXIS2_PLACEMENT_3D('',#9015,#9016,#9017);
#9015 = CARTESIAN_POINT('',(146.6908,-74.7666,-4.6E-02));
#9016 = DIRECTION('',(-0.,-0.,-1.));
#9017 = DIRECTION('',(-0.,-1.,0.));
#9018 = ADVANCED_FACE('',(#9019),#9030,.F.);
#9019 = FACE_BOUND('',#9020,.T.);
#9020 = EDGE_LOOP('',(#9021,#9022,#9028,#9029));
#9021 = ORIENTED_EDGE('',*,*,#7558,.T.);
#9022 = ORIENTED_EDGE('',*,*,#9023,.T.);
#9023 = EDGE_CURVE('',#7559,#8139,#9024,.T.);
#9024 = LINE('',#9025,#9026);
#9025 = CARTESIAN_POINT('',(146.6908,-72.6711,-4.6E-02));
#9026 = VECTOR('',#9027,1.);
#9027 = DIRECTION('',(0.,0.,1.));
#9028 = ORIENTED_EDGE('',*,*,#8138,.F.);
#9029 = ORIENTED_EDGE('',*,*,#9023,.F.);
#9030 = CYLINDRICAL_SURFACE('',#9031,0.4445);
#9031 = AXIS2_PLACEMENT_3D('',#9032,#9033,#9034);
#9032 = CARTESIAN_POINT('',(146.6908,-72.2266,-4.6E-02));
#9033 = DIRECTION('',(-0.,-0.,-1.));
#9034 = DIRECTION('',(-0.,-1.,0.));
#9035 = ADVANCED_FACE('',(#9036),#9047,.F.);
#9036 = FACE_BOUND('',#9037,.T.);
#9037 = EDGE_LOOP('',(#9038,#9039,#9045,#9046));
#9038 = ORIENTED_EDGE('',*,*,#7569,.T.);
#9039 = ORIENTED_EDGE('',*,*,#9040,.T.);
#9040 = EDGE_CURVE('',#7570,#8150,#9041,.T.);
#9041 = LINE('',#9042,#9043);
#9042 = CARTESIAN_POINT('',(170.8208,-80.0466,-4.6E-02));
#9043 = VECTOR('',#9044,1.);
#9044 = DIRECTION('',(0.,0.,1.));
#9045 = ORIENTED_EDGE('',*,*,#8149,.F.);
#9046 = ORIENTED_EDGE('',*,*,#9040,.F.);
#9047 = CYLINDRICAL_SURFACE('',#9048,0.5);
#9048 = AXIS2_PLACEMENT_3D('',#9049,#9050,#9051);
#9049 = CARTESIAN_POINT('',(170.8208,-79.5466,-4.6E-02));
#9050 = DIRECTION('',(-0.,-0.,-1.));
#9051 = DIRECTION('',(-0.,-1.,0.));
#9052 = ADVANCED_FACE('',(#9053),#9064,.F.);
#9053 = FACE_BOUND('',#9054,.T.);
#9054 = EDGE_LOOP('',(#9055,#9056,#9062,#9063));
#9055 = ORIENTED_EDGE('',*,*,#7580,.T.);
#9056 = ORIENTED_EDGE('',*,*,#9057,.T.);
#9057 = EDGE_CURVE('',#7581,#8161,#9058,.T.);
#9058 = LINE('',#9059,#9060);
#9059 = CARTESIAN_POINT('',(178.8414,-71.3738,-4.6E-02));
#9060 = VECTOR('',#9061,1.);
#9061 = DIRECTION('',(0.,0.,1.));
#9062 = ORIENTED_EDGE('',*,*,#8160,.F.);
#9063 = ORIENTED_EDGE('',*,*,#9057,.F.);
#9064 = CYLINDRICAL_SURFACE('',#9065,1.6);
#9065 = AXIS2_PLACEMENT_3D('',#9066,#9067,#9068);
#9066 = CARTESIAN_POINT('',(178.8414,-69.7738,-4.6E-02));
#9067 = DIRECTION('',(-0.,-0.,-1.));
#9068 = DIRECTION('',(-0.,-1.,0.));
#9069 = ( GEOMETRIC_REPRESENTATION_CONTEXT(3) 
GLOBAL_UNCERTAINTY_ASSIGNED_CONTEXT((#9073)) 
GLOBAL_UNIT_ASSIGNED_CONTEXT((#9070,#9071,#9072)) REPRESENTATION_CONTEXT
('Context #1','3D Context with UNIT and UNCERTAINTY') );
#9070 = ( LENGTH_UNIT() NAMED_UNIT(*) SI_UNIT(.MILLI.,.METRE.) );
#9071 = ( NAMED_UNIT(*) PLANE_ANGLE_UNIT() SI_UNIT($,.RADIAN.) );
#9072 = ( NAMED_UNIT(*) SI_UNIT($,.STERADIAN.) SOLID_ANGLE_UNIT() );
#9073 = UNCERTAINTY_MEASURE_WITH_UNIT(LENGTH_MEASURE(1.E-07),#9070,
  'distance_accuracy_value','confusion accuracy');
#9074 = CONTEXT_DEPENDENT_SHAPE_REPRESENTATION(#9075,#9077);
#9075 = ( REPRESENTATION_RELATIONSHIP('','',#6906,#10) 
REPRESENTATION_RELATIONSHIP_WITH_TRANSFORMATION(#9076) 
SHAPE_REPRESENTATION_RELATIONSHIP() );
#9076 = ITEM_DEFINED_TRANSFORMATION('','',#11,#23);
#9077 = PRODUCT_DEFINITION_SHAPE('Placement','Placement of an item',
  #9078);
#9078 = NEXT_ASSEMBLY_USAGE_OCCURRENCE('5','=>[0:1:1:6]','',#5,#6901,$);
#9079 = PRODUCT_RELATED_PRODUCT_CATEGORY('part',$,(#6903));
#9080 = MECHANICAL_DESIGN_GEOMETRIC_PRESENTATION_REPRESENTATION('',(
    #9081),#9069);
#9081 = STYLED_ITEM('color',(#9082),#6907);
#9082 = PRESENTATION_STYLE_ASSIGNMENT((#9083));
#9083 = SURFACE_STYLE_USAGE(.BOTH.,#9084);
#9084 = SURFACE_SIDE_STYLE('',(#9085));
#9085 = SURFACE_STYLE_FILL_AREA(#9086);
#9086 = FILL_AREA_STYLE('',(#9087));
#9087 = FILL_AREA_STYLE_COLOUR('',#9088);
#9088 = COLOUR_RGB('',0.313304153717,0.484529207832,0.410020903123);
#9089 = MECHANICAL_DESIGN_GEOMETRIC_PRESENTATION_REPRESENTATION('',(
    #9090,#9098,#9105,#9112,#9119,#9126,#9134,#9141,#9148,#9155,#9162,
    #9170,#9177),#356);
#9090 = STYLED_ITEM('color',(#9091),#66);
#9091 = PRESENTATION_STYLE_ASSIGNMENT((#9092));
#9092 = SURFACE_STYLE_USAGE(.BOTH.,#9093);
#9093 = SURFACE_SIDE_STYLE('',(#9094));
#9094 = SURFACE_STYLE_FILL_AREA(#9095);
#9095 = FILL_AREA_STYLE('',(#9096));
#9096 = FILL_AREA_STYLE_COLOUR('',#9097);
#9097 = COLOUR_RGB('',0.147999998088,0.144999993226,0.144999993226);
#9098 = STYLED_ITEM('color',(#9099),#99);
#9099 = PRESENTATION_STYLE_ASSIGNMENT((#9100));
#9100 = SURFACE_STYLE_USAGE(.BOTH.,#9101);
#9101 = SURFACE_SIDE_STYLE('',(#9102));
#9102 = SURFACE_STYLE_FILL_AREA(#9103);
#9103 = FILL_AREA_STYLE('',(#9104));
#9104 = FILL_AREA_STYLE_COLOUR('',#9097);
#9105 = STYLED_ITEM('color',(#9106),#125);
#9106 = PRESENTATION_STYLE_ASSIGNMENT((#9107));
#9107 = SURFACE_STYLE_USAGE(.BOTH.,#9108);
#9108 = SURFACE_SIDE_STYLE('',(#9109));
#9109 = SURFACE_STYLE_FILL_AREA(#9110);
#9110 = FILL_AREA_STYLE('',(#9111));
#9111 = FILL_AREA_STYLE_COLOUR('',#9097);
#9112 = STYLED_ITEM('color',(#9113),#151);
#9113 = PRESENTATION_STYLE_ASSIGNMENT((#9114));
#9114 = SURFACE_STYLE_USAGE(.BOTH.,#9115);
#9115 = SURFACE_SIDE_STYLE('',(#9116));
#9116 = SURFACE_STYLE_FILL_AREA(#9117);
#9117 = FILL_AREA_STYLE('',(#9118));
#9118 = FILL_AREA_STYLE_COLOUR('',#9097);
#9119 = STYLED_ITEM('color',(#9120),#182);
#9120 = PRESENTATION_STYLE_ASSIGNMENT((#9121));
#9121 = SURFACE_STYLE_USAGE(.BOTH.,#9122);
#9122 = SURFACE_SIDE_STYLE('',(#9123));
#9123 = SURFACE_STYLE_FILL_AREA(#9124);
#9124 = FILL_AREA_STYLE('',(#9125));
#9125 = FILL_AREA_STYLE_COLOUR('',#9097);
#9126 = STYLED_ITEM('color',(#9127),#202);
#9127 = PRESENTATION_STYLE_ASSIGNMENT((#9128));
#9128 = SURFACE_STYLE_USAGE(.BOTH.,#9129);
#9129 = SURFACE_SIDE_STYLE('',(#9130));
#9130 = SURFACE_STYLE_FILL_AREA(#9131);
#9131 = FILL_AREA_STYLE('',(#9132));
#9132 = FILL_AREA_STYLE_COLOUR('',#9133);
#9133 = COLOUR_RGB('',0.823999987314,0.819999987296,0.781000009244);
#9134 = STYLED_ITEM('color',(#9135),#227);
#9135 = PRESENTATION_STYLE_ASSIGNMENT((#9136));
#9136 = SURFACE_STYLE_USAGE(.BOTH.,#9137);
#9137 = SURFACE_SIDE_STYLE('',(#9138));
#9138 = SURFACE_STYLE_FILL_AREA(#9139);
#9139 = FILL_AREA_STYLE('',(#9140));
#9140 = FILL_AREA_STYLE_COLOUR('',#9133);
#9141 = STYLED_ITEM('color',(#9142),#252);
#9142 = PRESENTATION_STYLE_ASSIGNMENT((#9143));
#9143 = SURFACE_STYLE_USAGE(.BOTH.,#9144);
#9144 = SURFACE_SIDE_STYLE('',(#9145));
#9145 = SURFACE_STYLE_FILL_AREA(#9146);
#9146 = FILL_AREA_STYLE('',(#9147));
#9147 = FILL_AREA_STYLE_COLOUR('',#9097);
#9148 = STYLED_ITEM('color',(#9149),#277);
#9149 = PRESENTATION_STYLE_ASSIGNMENT((#9150));
#9150 = SURFACE_STYLE_USAGE(.BOTH.,#9151);
#9151 = SURFACE_SIDE_STYLE('',(#9152));
#9152 = SURFACE_STYLE_FILL_AREA(#9153);
#9153 = FILL_AREA_STYLE('',(#9154));
#9154 = FILL_AREA_STYLE_COLOUR('',#9133);
#9155 = STYLED_ITEM('color',(#9156),#303);
#9156 = PRESENTATION_STYLE_ASSIGNMENT((#9157));
#9157 = SURFACE_STYLE_USAGE(.BOTH.,#9158);
#9158 = SURFACE_SIDE_STYLE('',(#9159));
#9159 = SURFACE_STYLE_FILL_AREA(#9160);
#9160 = FILL_AREA_STYLE('',(#9161));
#9161 = FILL_AREA_STYLE_COLOUR('',#9133);
#9162 = STYLED_ITEM('color',(#9163),#329);
#9163 = PRESENTATION_STYLE_ASSIGNMENT((#9164));
#9164 = SURFACE_STYLE_USAGE(.BOTH.,#9165);
#9165 = SURFACE_SIDE_STYLE('',(#9166));
#9166 = SURFACE_STYLE_FILL_AREA(#9167);
#9167 = FILL_AREA_STYLE('',(#9168));
#9168 = FILL_AREA_STYLE_COLOUR('',#9169);
#9169 = COLOUR_RGB('',0.809000013735,0.426000008053,0.147999998088);
#9170 = STYLED_ITEM('color',(#9171),#338);
#9171 = PRESENTATION_STYLE_ASSIGNMENT((#9172));
#9172 = SURFACE_STYLE_USAGE(.BOTH.,#9173);
#9173 = SURFACE_SIDE_STYLE('',(#9174));
#9174 = SURFACE_STYLE_FILL_AREA(#9175);
#9175 = FILL_AREA_STYLE('',(#9176));
#9176 = FILL_AREA_STYLE_COLOUR('',#9133);
#9177 = STYLED_ITEM('color',(#9178),#347);
#9178 = PRESENTATION_STYLE_ASSIGNMENT((#9179));
#9179 = SURFACE_STYLE_USAGE(.BOTH.,#9180);
#9180 = SURFACE_SIDE_STYLE('',(#9181));
#9181 = SURFACE_STYLE_FILL_AREA(#9182);
#9182 = FILL_AREA_STYLE('',(#9183));
#9183 = FILL_AREA_STYLE_COLOUR('',#9133);
#9184 = MECHANICAL_DESIGN_GEOMETRIC_PRESENTATION_REPRESENTATION('',(
    #9185,#9194,#9203,#9212,#9221,#9230,#9239,#9248,#9257,#9267,#9276,
    #9285,#9294,#9303,#9312,#9321,#9330,#9339,#9348,#9357,#9366,#9375,
    #9384,#9393,#9402,#9411,#9420,#9429,#9438,#9447,#9456,#9465,#9474,
    #9483,#9492,#9501,#9510,#9519,#9528,#9537,#9546,#9555,#9564,#9573,
    #9582,#9591,#9600,#9609,#9618,#9627,#9636,#9645,#9654,#9663,#9672,
    #9681,#9690,#9699,#9708,#9717,#9726,#9735,#9744,#9753,#9762,#9771,
    #9780,#9789,#9798,#9807,#9816,#9825,#9834,#9843,#9852,#9861,#9870,
    #9879,#9888,#9897,#9906,#9915,#9924,#9933,#9942,#9951,#9960,#9969,
    #9978,#9987,#9996,#10005,#10014,#10023,#10032,#10041,#10050,#10059,
    #10068,#10077,#10086,#10095,#10104,#10113,#10122,#10131,#10140,
    #10149,#10158,#10167,#10176,#10185,#10194,#10203,#10212,#10221,
    #10230,#10239,#10248,#10257,#10266,#10275,#10284,#10293,#10302,
    #10311,#10320,#10329,#10338,#10347,#10356,#10365,#10374,#10383,
    #10392,#10401,#10410,#10419,#10428,#10437,#10446,#10455,#10464,
    #10473,#10482,#10491,#10500,#10509,#10518,#10527,#10536,#10545,
    #10554,#10563,#10572,#10581,#10590,#10599,#10608,#10617,#10626,
    #10635,#10644,#10653,#10662,#10671,#10680,#10689,#10698,#10707,
    #10716,#10725,#10734,#10743,#10752,#10761,#10770,#10779,#10788,
    #10797,#10806,#10815,#10824,#10833,#10842,#10851,#10860,#10869,
    #10878,#10887,#10896,#10905,#10914,#10923,#10932,#10941,#10950,
    #10959,#10968,#10977,#10986,#10995,#11004,#11013,#11022,#11031,
    #11040,#11049,#11058,#11067,#11076,#11085,#11094,#11103,#11112,
    #11121,#11130,#11139,#11148,#11157,#11166,#11175,#11184,#11193,
    #11202,#11211,#11220,#11229,#11238,#11247,#11256,#11265,#11274,
    #11283,#11292,#11301,#11310,#11319,#11328,#11337,#11346,#11355,
    #11364,#11373,#11382,#11391,#11400,#11409,#11418,#11427,#11436,
    #11445,#11454,#11463,#11472,#11481,#11490,#11499,#11508,#11517,
    #11526,#11535,#11544,#11553,#11562,#11571,#11580,#11589,#11598,
    #11607,#11616,#11625,#11634,#11643,#11652,#11661,#11670,#11679,
    #11688,#11697,#11706,#11715),#6888);
#9185 = STYLED_ITEM('color',(#9186),#400);
#9186 = PRESENTATION_STYLE_ASSIGNMENT((#9187,#9192));
#9187 = SURFACE_STYLE_USAGE(.BOTH.,#9188);
#9188 = SURFACE_SIDE_STYLE('',(#9189));
#9189 = SURFACE_STYLE_FILL_AREA(#9190);
#9190 = FILL_AREA_STYLE('',(#9191));
#9191 = FILL_AREA_STYLE_COLOUR('',#9097);
#9192 = CURVE_STYLE('',#9193,POSITIVE_LENGTH_MEASURE(0.1),#9097);
#9193 = DRAUGHTING_PRE_DEFINED_CURVE_FONT('continuous');
#9194 = STYLED_ITEM('color',(#9195),#440);
#9195 = PRESENTATION_STYLE_ASSIGNMENT((#9196,#9201));
#9196 = SURFACE_STYLE_USAGE(.BOTH.,#9197);
#9197 = SURFACE_SIDE_STYLE('',(#9198));
#9198 = SURFACE_STYLE_FILL_AREA(#9199);
#9199 = FILL_AREA_STYLE('',(#9200));
#9200 = FILL_AREA_STYLE_COLOUR('',#9097);
#9201 = CURVE_STYLE('',#9202,POSITIVE_LENGTH_MEASURE(0.1),#9097);
#9202 = DRAUGHTING_PRE_DEFINED_CURVE_FONT('continuous');
#9203 = STYLED_ITEM('color',(#9204),#503);
#9204 = PRESENTATION_STYLE_ASSIGNMENT((#9205,#9210));
#9205 = SURFACE_STYLE_USAGE(.BOTH.,#9206);
#9206 = SURFACE_SIDE_STYLE('',(#9207));
#9207 = SURFACE_STYLE_FILL_AREA(#9208);
#9208 = FILL_AREA_STYLE('',(#9209));
#9209 = FILL_AREA_STYLE_COLOUR('',#9097);
#9210 = CURVE_STYLE('',#9211,POSITIVE_LENGTH_MEASURE(0.1),#9097);
#9211 = DRAUGHTING_PRE_DEFINED_CURVE_FONT('continuous');
#9212 = STYLED_ITEM('color',(#9213),#566);
#9213 = PRESENTATION_STYLE_ASSIGNMENT((#9214,#9219));
#9214 = SURFACE_STYLE_USAGE(.BOTH.,#9215);
#9215 = SURFACE_SIDE_STYLE('',(#9216));
#9216 = SURFACE_STYLE_FILL_AREA(#9217);
#9217 = FILL_AREA_STYLE('',(#9218));
#9218 = FILL_AREA_STYLE_COLOUR('',#9097);
#9219 = CURVE_STYLE('',#9220,POSITIVE_LENGTH_MEASURE(0.1),#9097);
#9220 = DRAUGHTING_PRE_DEFINED_CURVE_FONT('continuous');
#9221 = STYLED_ITEM('color',(#9222),#583);
#9222 = PRESENTATION_STYLE_ASSIGNMENT((#9223,#9228));
#9223 = SURFACE_STYLE_USAGE(.BOTH.,#9224);
#9224 = SURFACE_SIDE_STYLE('',(#9225));
#9225 = SURFACE_STYLE_FILL_AREA(#9226);
#9226 = FILL_AREA_STYLE('',(#9227));
#9227 = FILL_AREA_STYLE_COLOUR('',#9097);
#9228 = CURVE_STYLE('',#9229,POSITIVE_LENGTH_MEASURE(0.1),#9097);
#9229 = DRAUGHTING_PRE_DEFINED_CURVE_FONT('continuous');
#9230 = STYLED_ITEM('color',(#9231),#872);
#9231 = PRESENTATION_STYLE_ASSIGNMENT((#9232,#9237));
#9232 = SURFACE_STYLE_USAGE(.BOTH.,#9233);
#9233 = SURFACE_SIDE_STYLE('',(#9234));
#9234 = SURFACE_STYLE_FILL_AREA(#9235);
#9235 = FILL_AREA_STYLE('',(#9236));
#9236 = FILL_AREA_STYLE_COLOUR('',#9097);
#9237 = CURVE_STYLE('',#9238,POSITIVE_LENGTH_MEASURE(0.1),#9097);
#9238 = DRAUGHTING_PRE_DEFINED_CURVE_FONT('continuous');
#9239 = STYLED_ITEM('color',(#9240),#894);
#9240 = PRESENTATION_STYLE_ASSIGNMENT((#9241,#9246));
#9241 = SURFACE_STYLE_USAGE(.BOTH.,#9242);
#9242 = SURFACE_SIDE_STYLE('',(#9243));
#9243 = SURFACE_STYLE_FILL_AREA(#9244);
#9244 = FILL_AREA_STYLE('',(#9245));
#9245 = FILL_AREA_STYLE_COLOUR('',#9097);
#9246 = CURVE_STYLE('',#9247,POSITIVE_LENGTH_MEASURE(0.1),#9097);
#9247 = DRAUGHTING_PRE_DEFINED_CURVE_FONT('continuous');
#9248 = STYLED_ITEM('color',(#9249),#911);
#9249 = PRESENTATION_STYLE_ASSIGNMENT((#9250,#9255));
#9250 = SURFACE_STYLE_USAGE(.BOTH.,#9251);
#9251 = SURFACE_SIDE_STYLE('',(#9252));
#9252 = SURFACE_STYLE_FILL_AREA(#9253);
#9253 = FILL_AREA_STYLE('',(#9254));
#9254 = FILL_AREA_STYLE_COLOUR('',#9097);
#9255 = CURVE_STYLE('',#9256,POSITIVE_LENGTH_MEASURE(0.1),#9097);
#9256 = DRAUGHTING_PRE_DEFINED_CURVE_FONT('continuous');
#9257 = OVER_RIDING_STYLED_ITEM('overriding color',(#9258),#944,#9248);
#9258 = PRESENTATION_STYLE_ASSIGNMENT((#9259,#9265));
#9259 = SURFACE_STYLE_USAGE(.BOTH.,#9260);
#9260 = SURFACE_SIDE_STYLE('',(#9261));
#9261 = SURFACE_STYLE_FILL_AREA(#9262);
#9262 = FILL_AREA_STYLE('',(#9263));
#9263 = FILL_AREA_STYLE_COLOUR('',#9264);
#9264 = COLOUR_RGB('',0.858999988747,0.738000004258,0.496000005009);
#9265 = CURVE_STYLE('',#9266,POSITIVE_LENGTH_MEASURE(0.1),#9264);
#9266 = DRAUGHTING_PRE_DEFINED_CURVE_FONT('continuous');
#9267 = OVER_RIDING_STYLED_ITEM('overriding color',(#9268),#976,#9248);
#9268 = PRESENTATION_STYLE_ASSIGNMENT((#9269,#9274));
#9269 = SURFACE_STYLE_USAGE(.BOTH.,#9270);
#9270 = SURFACE_SIDE_STYLE('',(#9271));
#9271 = SURFACE_STYLE_FILL_AREA(#9272);
#9272 = FILL_AREA_STYLE('',(#9273));
#9273 = FILL_AREA_STYLE_COLOUR('',#9264);
#9274 = CURVE_STYLE('',#9275,POSITIVE_LENGTH_MEASURE(0.1),#9264);
#9275 = DRAUGHTING_PRE_DEFINED_CURVE_FONT('continuous');
#9276 = OVER_RIDING_STYLED_ITEM('overriding color',(#9277),#1010,#9248);
#9277 = PRESENTATION_STYLE_ASSIGNMENT((#9278,#9283));
#9278 = SURFACE_STYLE_USAGE(.BOTH.,#9279);
#9279 = SURFACE_SIDE_STYLE('',(#9280));
#9280 = SURFACE_STYLE_FILL_AREA(#9281);
#9281 = FILL_AREA_STYLE('',(#9282));
#9282 = FILL_AREA_STYLE_COLOUR('',#9264);
#9283 = CURVE_STYLE('',#9284,POSITIVE_LENGTH_MEASURE(0.1),#9264);
#9284 = DRAUGHTING_PRE_DEFINED_CURVE_FONT('continuous');
#9285 = OVER_RIDING_STYLED_ITEM('overriding color',(#9286),#1042,#9248);
#9286 = PRESENTATION_STYLE_ASSIGNMENT((#9287,#9292));
#9287 = SURFACE_STYLE_USAGE(.BOTH.,#9288);
#9288 = SURFACE_SIDE_STYLE('',(#9289));
#9289 = SURFACE_STYLE_FILL_AREA(#9290);
#9290 = FILL_AREA_STYLE('',(#9291));
#9291 = FILL_AREA_STYLE_COLOUR('',#9264);
#9292 = CURVE_STYLE('',#9293,POSITIVE_LENGTH_MEASURE(0.1),#9264);
#9293 = DRAUGHTING_PRE_DEFINED_CURVE_FONT('continuous');
#9294 = OVER_RIDING_STYLED_ITEM('overriding color',(#9295),#1076,#9248);
#9295 = PRESENTATION_STYLE_ASSIGNMENT((#9296,#9301));
#9296 = SURFACE_STYLE_USAGE(.BOTH.,#9297);
#9297 = SURFACE_SIDE_STYLE('',(#9298));
#9298 = SURFACE_STYLE_FILL_AREA(#9299);
#9299 = FILL_AREA_STYLE('',(#9300));
#9300 = FILL_AREA_STYLE_COLOUR('',#9264);
#9301 = CURVE_STYLE('',#9302,POSITIVE_LENGTH_MEASURE(0.1),#9264);
#9302 = DRAUGHTING_PRE_DEFINED_CURVE_FONT('continuous');
#9303 = OVER_RIDING_STYLED_ITEM('overriding color',(#9304),#1108,#9248);
#9304 = PRESENTATION_STYLE_ASSIGNMENT((#9305,#9310));
#9305 = SURFACE_STYLE_USAGE(.BOTH.,#9306);
#9306 = SURFACE_SIDE_STYLE('',(#9307));
#9307 = SURFACE_STYLE_FILL_AREA(#9308);
#9308 = FILL_AREA_STYLE('',(#9309));
#9309 = FILL_AREA_STYLE_COLOUR('',#9264);
#9310 = CURVE_STYLE('',#9311,POSITIVE_LENGTH_MEASURE(0.1),#9264);
#9311 = DRAUGHTING_PRE_DEFINED_CURVE_FONT('continuous');
#9312 = OVER_RIDING_STYLED_ITEM('overriding color',(#9313),#1142,#9248);
#9313 = PRESENTATION_STYLE_ASSIGNMENT((#9314,#9319));
#9314 = SURFACE_STYLE_USAGE(.BOTH.,#9315);
#9315 = SURFACE_SIDE_STYLE('',(#9316));
#9316 = SURFACE_STYLE_FILL_AREA(#9317);
#9317 = FILL_AREA_STYLE('',(#9318));
#9318 = FILL_AREA_STYLE_COLOUR('',#9264);
#9319 = CURVE_STYLE('',#9320,POSITIVE_LENGTH_MEASURE(0.1),#9264);
#9320 = DRAUGHTING_PRE_DEFINED_CURVE_FONT('continuous');
#9321 = OVER_RIDING_STYLED_ITEM('overriding color',(#9322),#1174,#9248);
#9322 = PRESENTATION_STYLE_ASSIGNMENT((#9323,#9328));
#9323 = SURFACE_STYLE_USAGE(.BOTH.,#9324);
#9324 = SURFACE_SIDE_STYLE('',(#9325));
#9325 = SURFACE_STYLE_FILL_AREA(#9326);
#9326 = FILL_AREA_STYLE('',(#9327));
#9327 = FILL_AREA_STYLE_COLOUR('',#9264);
#9328 = CURVE_STYLE('',#9329,POSITIVE_LENGTH_MEASURE(0.1),#9264);
#9329 = DRAUGHTING_PRE_DEFINED_CURVE_FONT('continuous');
#9330 = OVER_RIDING_STYLED_ITEM('overriding color',(#9331),#1208,#9248);
#9331 = PRESENTATION_STYLE_ASSIGNMENT((#9332,#9337));
#9332 = SURFACE_STYLE_USAGE(.BOTH.,#9333);
#9333 = SURFACE_SIDE_STYLE('',(#9334));
#9334 = SURFACE_STYLE_FILL_AREA(#9335);
#9335 = FILL_AREA_STYLE('',(#9336));
#9336 = FILL_AREA_STYLE_COLOUR('',#9264);
#9337 = CURVE_STYLE('',#9338,POSITIVE_LENGTH_MEASURE(0.1),#9264);
#9338 = DRAUGHTING_PRE_DEFINED_CURVE_FONT('continuous');
#9339 = OVER_RIDING_STYLED_ITEM('overriding color',(#9340),#1240,#9248);
#9340 = PRESENTATION_STYLE_ASSIGNMENT((#9341,#9346));
#9341 = SURFACE_STYLE_USAGE(.BOTH.,#9342);
#9342 = SURFACE_SIDE_STYLE('',(#9343));
#9343 = SURFACE_STYLE_FILL_AREA(#9344);
#9344 = FILL_AREA_STYLE('',(#9345));
#9345 = FILL_AREA_STYLE_COLOUR('',#9264);
#9346 = CURVE_STYLE('',#9347,POSITIVE_LENGTH_MEASURE(0.1),#9264);
#9347 = DRAUGHTING_PRE_DEFINED_CURVE_FONT('continuous');
#9348 = OVER_RIDING_STYLED_ITEM('overriding color',(#9349),#1274,#9248);
#9349 = PRESENTATION_STYLE_ASSIGNMENT((#9350,#9355));
#9350 = SURFACE_STYLE_USAGE(.BOTH.,#9351);
#9351 = SURFACE_SIDE_STYLE('',(#9352));
#9352 = SURFACE_STYLE_FILL_AREA(#9353);
#9353 = FILL_AREA_STYLE('',(#9354));
#9354 = FILL_AREA_STYLE_COLOUR('',#9264);
#9355 = CURVE_STYLE('',#9356,POSITIVE_LENGTH_MEASURE(0.1),#9264);
#9356 = DRAUGHTING_PRE_DEFINED_CURVE_FONT('continuous');
#9357 = OVER_RIDING_STYLED_ITEM('overriding color',(#9358),#1306,#9248);
#9358 = PRESENTATION_STYLE_ASSIGNMENT((#9359,#9364));
#9359 = SURFACE_STYLE_USAGE(.BOTH.,#9360);
#9360 = SURFACE_SIDE_STYLE('',(#9361));
#9361 = SURFACE_STYLE_FILL_AREA(#9362);
#9362 = FILL_AREA_STYLE('',(#9363));
#9363 = FILL_AREA_STYLE_COLOUR('',#9264);
#9364 = CURVE_STYLE('',#9365,POSITIVE_LENGTH_MEASURE(0.1),#9264);
#9365 = DRAUGHTING_PRE_DEFINED_CURVE_FONT('continuous');
#9366 = OVER_RIDING_STYLED_ITEM('overriding color',(#9367),#1340,#9248);
#9367 = PRESENTATION_STYLE_ASSIGNMENT((#9368,#9373));
#9368 = SURFACE_STYLE_USAGE(.BOTH.,#9369);
#9369 = SURFACE_SIDE_STYLE('',(#9370));
#9370 = SURFACE_STYLE_FILL_AREA(#9371);
#9371 = FILL_AREA_STYLE('',(#9372));
#9372 = FILL_AREA_STYLE_COLOUR('',#9264);
#9373 = CURVE_STYLE('',#9374,POSITIVE_LENGTH_MEASURE(0.1),#9264);
#9374 = DRAUGHTING_PRE_DEFINED_CURVE_FONT('continuous');
#9375 = OVER_RIDING_STYLED_ITEM('overriding color',(#9376),#1372,#9248);
#9376 = PRESENTATION_STYLE_ASSIGNMENT((#9377,#9382));
#9377 = SURFACE_STYLE_USAGE(.BOTH.,#9378);
#9378 = SURFACE_SIDE_STYLE('',(#9379));
#9379 = SURFACE_STYLE_FILL_AREA(#9380);
#9380 = FILL_AREA_STYLE('',(#9381));
#9381 = FILL_AREA_STYLE_COLOUR('',#9264);
#9382 = CURVE_STYLE('',#9383,POSITIVE_LENGTH_MEASURE(0.1),#9264);
#9383 = DRAUGHTING_PRE_DEFINED_CURVE_FONT('continuous');
#9384 = OVER_RIDING_STYLED_ITEM('overriding color',(#9385),#1406,#9248);
#9385 = PRESENTATION_STYLE_ASSIGNMENT((#9386,#9391));
#9386 = SURFACE_STYLE_USAGE(.BOTH.,#9387);
#9387 = SURFACE_SIDE_STYLE('',(#9388));
#9388 = SURFACE_STYLE_FILL_AREA(#9389);
#9389 = FILL_AREA_STYLE('',(#9390));
#9390 = FILL_AREA_STYLE_COLOUR('',#9264);
#9391 = CURVE_STYLE('',#9392,POSITIVE_LENGTH_MEASURE(0.1),#9264);
#9392 = DRAUGHTING_PRE_DEFINED_CURVE_FONT('continuous');
#9393 = OVER_RIDING_STYLED_ITEM('overriding color',(#9394),#1438,#9248);
#9394 = PRESENTATION_STYLE_ASSIGNMENT((#9395,#9400));
#9395 = SURFACE_STYLE_USAGE(.BOTH.,#9396);
#9396 = SURFACE_SIDE_STYLE('',(#9397));
#9397 = SURFACE_STYLE_FILL_AREA(#9398);
#9398 = FILL_AREA_STYLE('',(#9399));
#9399 = FILL_AREA_STYLE_COLOUR('',#9264);
#9400 = CURVE_STYLE('',#9401,POSITIVE_LENGTH_MEASURE(0.1),#9264);
#9401 = DRAUGHTING_PRE_DEFINED_CURVE_FONT('continuous');
#9402 = STYLED_ITEM('color',(#9403),#1456);
#9403 = PRESENTATION_STYLE_ASSIGNMENT((#9404,#9409));
#9404 = SURFACE_STYLE_USAGE(.BOTH.,#9405);
#9405 = SURFACE_SIDE_STYLE('',(#9406));
#9406 = SURFACE_STYLE_FILL_AREA(#9407);
#9407 = FILL_AREA_STYLE('',(#9408));
#9408 = FILL_AREA_STYLE_COLOUR('',#9097);
#9409 = CURVE_STYLE('',#9410,POSITIVE_LENGTH_MEASURE(0.1),#9097);
#9410 = DRAUGHTING_PRE_DEFINED_CURVE_FONT('continuous');
#9411 = STYLED_ITEM('color',(#9412),#1468);
#9412 = PRESENTATION_STYLE_ASSIGNMENT((#9413,#9418));
#9413 = SURFACE_STYLE_USAGE(.BOTH.,#9414);
#9414 = SURFACE_SIDE_STYLE('',(#9415));
#9415 = SURFACE_STYLE_FILL_AREA(#9416);
#9416 = FILL_AREA_STYLE('',(#9417));
#9417 = FILL_AREA_STYLE_COLOUR('',#9097);
#9418 = CURVE_STYLE('',#9419,POSITIVE_LENGTH_MEASURE(0.1),#9097);
#9419 = DRAUGHTING_PRE_DEFINED_CURVE_FONT('continuous');
#9420 = STYLED_ITEM('color',(#9421),#1480);
#9421 = PRESENTATION_STYLE_ASSIGNMENT((#9422,#9427));
#9422 = SURFACE_STYLE_USAGE(.BOTH.,#9423);
#9423 = SURFACE_SIDE_STYLE('',(#9424));
#9424 = SURFACE_STYLE_FILL_AREA(#9425);
#9425 = FILL_AREA_STYLE('',(#9426));
#9426 = FILL_AREA_STYLE_COLOUR('',#9097);
#9427 = CURVE_STYLE('',#9428,POSITIVE_LENGTH_MEASURE(0.1),#9097);
#9428 = DRAUGHTING_PRE_DEFINED_CURVE_FONT('continuous');
#9429 = STYLED_ITEM('color',(#9430),#1511);
#9430 = PRESENTATION_STYLE_ASSIGNMENT((#9431,#9436));
#9431 = SURFACE_STYLE_USAGE(.BOTH.,#9432);
#9432 = SURFACE_SIDE_STYLE('',(#9433));
#9433 = SURFACE_STYLE_FILL_AREA(#9434);
#9434 = FILL_AREA_STYLE('',(#9435));
#9435 = FILL_AREA_STYLE_COLOUR('',#9097);
#9436 = CURVE_STYLE('',#9437,POSITIVE_LENGTH_MEASURE(0.1),#9097);
#9437 = DRAUGHTING_PRE_DEFINED_CURVE_FONT('continuous');
#9438 = STYLED_ITEM('color',(#9439),#1535);
#9439 = PRESENTATION_STYLE_ASSIGNMENT((#9440,#9445));
#9440 = SURFACE_STYLE_USAGE(.BOTH.,#9441);
#9441 = SURFACE_SIDE_STYLE('',(#9442));
#9442 = SURFACE_STYLE_FILL_AREA(#9443);
#9443 = FILL_AREA_STYLE('',(#9444));
#9444 = FILL_AREA_STYLE_COLOUR('',#9097);
#9445 = CURVE_STYLE('',#9446,POSITIVE_LENGTH_MEASURE(0.1),#9097);
#9446 = DRAUGHTING_PRE_DEFINED_CURVE_FONT('continuous');
#9447 = STYLED_ITEM('color',(#9448),#1559);
#9448 = PRESENTATION_STYLE_ASSIGNMENT((#9449,#9454));
#9449 = SURFACE_STYLE_USAGE(.BOTH.,#9450);
#9450 = SURFACE_SIDE_STYLE('',(#9451));
#9451 = SURFACE_STYLE_FILL_AREA(#9452);
#9452 = FILL_AREA_STYLE('',(#9453));
#9453 = FILL_AREA_STYLE_COLOUR('',#9097);
#9454 = CURVE_STYLE('',#9455,POSITIVE_LENGTH_MEASURE(0.1),#9097);
#9455 = DRAUGHTING_PRE_DEFINED_CURVE_FONT('continuous');
#9456 = STYLED_ITEM('color',(#9457),#1576);
#9457 = PRESENTATION_STYLE_ASSIGNMENT((#9458,#9463));
#9458 = SURFACE_STYLE_USAGE(.BOTH.,#9459);
#9459 = SURFACE_SIDE_STYLE('',(#9460));
#9460 = SURFACE_STYLE_FILL_AREA(#9461);
#9461 = FILL_AREA_STYLE('',(#9462));
#9462 = FILL_AREA_STYLE_COLOUR('',#9097);
#9463 = CURVE_STYLE('',#9464,POSITIVE_LENGTH_MEASURE(0.1),#9097);
#9464 = DRAUGHTING_PRE_DEFINED_CURVE_FONT('continuous');
#9465 = STYLED_ITEM('color',(#9466),#1607);
#9466 = PRESENTATION_STYLE_ASSIGNMENT((#9467,#9472));
#9467 = SURFACE_STYLE_USAGE(.BOTH.,#9468);
#9468 = SURFACE_SIDE_STYLE('',(#9469));
#9469 = SURFACE_STYLE_FILL_AREA(#9470);
#9470 = FILL_AREA_STYLE('',(#9471));
#9471 = FILL_AREA_STYLE_COLOUR('',#9097);
#9472 = CURVE_STYLE('',#9473,POSITIVE_LENGTH_MEASURE(0.1),#9097);
#9473 = DRAUGHTING_PRE_DEFINED_CURVE_FONT('continuous');
#9474 = STYLED_ITEM('color',(#9475),#1631);
#9475 = PRESENTATION_STYLE_ASSIGNMENT((#9476,#9481));
#9476 = SURFACE_STYLE_USAGE(.BOTH.,#9477);
#9477 = SURFACE_SIDE_STYLE('',(#9478));
#9478 = SURFACE_STYLE_FILL_AREA(#9479);
#9479 = FILL_AREA_STYLE('',(#9480));
#9480 = FILL_AREA_STYLE_COLOUR('',#9097);
#9481 = CURVE_STYLE('',#9482,POSITIVE_LENGTH_MEASURE(0.1),#9097);
#9482 = DRAUGHTING_PRE_DEFINED_CURVE_FONT('continuous');
#9483 = STYLED_ITEM('color',(#9484),#1655);
#9484 = PRESENTATION_STYLE_ASSIGNMENT((#9485,#9490));
#9485 = SURFACE_STYLE_USAGE(.BOTH.,#9486);
#9486 = SURFACE_SIDE_STYLE('',(#9487));
#9487 = SURFACE_STYLE_FILL_AREA(#9488);
#9488 = FILL_AREA_STYLE('',(#9489));
#9489 = FILL_AREA_STYLE_COLOUR('',#9097);
#9490 = CURVE_STYLE('',#9491,POSITIVE_LENGTH_MEASURE(0.1),#9097);
#9491 = DRAUGHTING_PRE_DEFINED_CURVE_FONT('continuous');
#9492 = STYLED_ITEM('color',(#9493),#1672);
#9493 = PRESENTATION_STYLE_ASSIGNMENT((#9494,#9499));
#9494 = SURFACE_STYLE_USAGE(.BOTH.,#9495);
#9495 = SURFACE_SIDE_STYLE('',(#9496));
#9496 = SURFACE_STYLE_FILL_AREA(#9497);
#9497 = FILL_AREA_STYLE('',(#9498));
#9498 = FILL_AREA_STYLE_COLOUR('',#9097);
#9499 = CURVE_STYLE('',#9500,POSITIVE_LENGTH_MEASURE(0.1),#9097);
#9500 = DRAUGHTING_PRE_DEFINED_CURVE_FONT('continuous');
#9501 = STYLED_ITEM('color',(#9502),#1703);
#9502 = PRESENTATION_STYLE_ASSIGNMENT((#9503,#9508));
#9503 = SURFACE_STYLE_USAGE(.BOTH.,#9504);
#9504 = SURFACE_SIDE_STYLE('',(#9505));
#9505 = SURFACE_STYLE_FILL_AREA(#9506);
#9506 = FILL_AREA_STYLE('',(#9507));
#9507 = FILL_AREA_STYLE_COLOUR('',#9097);
#9508 = CURVE_STYLE('',#9509,POSITIVE_LENGTH_MEASURE(0.1),#9097);
#9509 = DRAUGHTING_PRE_DEFINED_CURVE_FONT('continuous');
#9510 = STYLED_ITEM('color',(#9511),#1727);
#9511 = PRESENTATION_STYLE_ASSIGNMENT((#9512,#9517));
#9512 = SURFACE_STYLE_USAGE(.BOTH.,#9513);
#9513 = SURFACE_SIDE_STYLE('',(#9514));
#9514 = SURFACE_STYLE_FILL_AREA(#9515);
#9515 = FILL_AREA_STYLE('',(#9516));
#9516 = FILL_AREA_STYLE_COLOUR('',#9097);
#9517 = CURVE_STYLE('',#9518,POSITIVE_LENGTH_MEASURE(0.1),#9097);
#9518 = DRAUGHTING_PRE_DEFINED_CURVE_FONT('continuous');
#9519 = STYLED_ITEM('color',(#9520),#1751);
#9520 = PRESENTATION_STYLE_ASSIGNMENT((#9521,#9526));
#9521 = SURFACE_STYLE_USAGE(.BOTH.,#9522);
#9522 = SURFACE_SIDE_STYLE('',(#9523));
#9523 = SURFACE_STYLE_FILL_AREA(#9524);
#9524 = FILL_AREA_STYLE('',(#9525));
#9525 = FILL_AREA_STYLE_COLOUR('',#9097);
#9526 = CURVE_STYLE('',#9527,POSITIVE_LENGTH_MEASURE(0.1),#9097);
#9527 = DRAUGHTING_PRE_DEFINED_CURVE_FONT('continuous');
#9528 = STYLED_ITEM('color',(#9529),#1768);
#9529 = PRESENTATION_STYLE_ASSIGNMENT((#9530,#9535));
#9530 = SURFACE_STYLE_USAGE(.BOTH.,#9531);
#9531 = SURFACE_SIDE_STYLE('',(#9532));
#9532 = SURFACE_STYLE_FILL_AREA(#9533);
#9533 = FILL_AREA_STYLE('',(#9534));
#9534 = FILL_AREA_STYLE_COLOUR('',#9097);
#9535 = CURVE_STYLE('',#9536,POSITIVE_LENGTH_MEASURE(0.1),#9097);
#9536 = DRAUGHTING_PRE_DEFINED_CURVE_FONT('continuous');
#9537 = STYLED_ITEM('color',(#9538),#1799);
#9538 = PRESENTATION_STYLE_ASSIGNMENT((#9539,#9544));
#9539 = SURFACE_STYLE_USAGE(.BOTH.,#9540);
#9540 = SURFACE_SIDE_STYLE('',(#9541));
#9541 = SURFACE_STYLE_FILL_AREA(#9542);
#9542 = FILL_AREA_STYLE('',(#9543));
#9543 = FILL_AREA_STYLE_COLOUR('',#9097);
#9544 = CURVE_STYLE('',#9545,POSITIVE_LENGTH_MEASURE(0.1),#9097);
#9545 = DRAUGHTING_PRE_DEFINED_CURVE_FONT('continuous');
#9546 = STYLED_ITEM('color',(#9547),#1823);
#9547 = PRESENTATION_STYLE_ASSIGNMENT((#9548,#9553));
#9548 = SURFACE_STYLE_USAGE(.BOTH.,#9549);
#9549 = SURFACE_SIDE_STYLE('',(#9550));
#9550 = SURFACE_STYLE_FILL_AREA(#9551);
#9551 = FILL_AREA_STYLE('',(#9552));
#9552 = FILL_AREA_STYLE_COLOUR('',#9097);
#9553 = CURVE_STYLE('',#9554,POSITIVE_LENGTH_MEASURE(0.1),#9097);
#9554 = DRAUGHTING_PRE_DEFINED_CURVE_FONT('continuous');
#9555 = STYLED_ITEM('color',(#9556),#1847);
#9556 = PRESENTATION_STYLE_ASSIGNMENT((#9557,#9562));
#9557 = SURFACE_STYLE_USAGE(.BOTH.,#9558);
#9558 = SURFACE_SIDE_STYLE('',(#9559));
#9559 = SURFACE_STYLE_FILL_AREA(#9560);
#9560 = FILL_AREA_STYLE('',(#9561));
#9561 = FILL_AREA_STYLE_COLOUR('',#9097);
#9562 = CURVE_STYLE('',#9563,POSITIVE_LENGTH_MEASURE(0.1),#9097);
#9563 = DRAUGHTING_PRE_DEFINED_CURVE_FONT('continuous');
#9564 = STYLED_ITEM('color',(#9565),#1864);
#9565 = PRESENTATION_STYLE_ASSIGNMENT((#9566,#9571));
#9566 = SURFACE_STYLE_USAGE(.BOTH.,#9567);
#9567 = SURFACE_SIDE_STYLE('',(#9568));
#9568 = SURFACE_STYLE_FILL_AREA(#9569);
#9569 = FILL_AREA_STYLE('',(#9570));
#9570 = FILL_AREA_STYLE_COLOUR('',#9097);
#9571 = CURVE_STYLE('',#9572,POSITIVE_LENGTH_MEASURE(0.1),#9097);
#9572 = DRAUGHTING_PRE_DEFINED_CURVE_FONT('continuous');
#9573 = STYLED_ITEM('color',(#9574),#1895);
#9574 = PRESENTATION_STYLE_ASSIGNMENT((#9575,#9580));
#9575 = SURFACE_STYLE_USAGE(.BOTH.,#9576);
#9576 = SURFACE_SIDE_STYLE('',(#9577));
#9577 = SURFACE_STYLE_FILL_AREA(#9578);
#9578 = FILL_AREA_STYLE('',(#9579));
#9579 = FILL_AREA_STYLE_COLOUR('',#9097);
#9580 = CURVE_STYLE('',#9581,POSITIVE_LENGTH_MEASURE(0.1),#9097);
#9581 = DRAUGHTING_PRE_DEFINED_CURVE_FONT('continuous');
#9582 = STYLED_ITEM('color',(#9583),#1919);
#9583 = PRESENTATION_STYLE_ASSIGNMENT((#9584,#9589));
#9584 = SURFACE_STYLE_USAGE(.BOTH.,#9585);
#9585 = SURFACE_SIDE_STYLE('',(#9586));
#9586 = SURFACE_STYLE_FILL_AREA(#9587);
#9587 = FILL_AREA_STYLE('',(#9588));
#9588 = FILL_AREA_STYLE_COLOUR('',#9097);
#9589 = CURVE_STYLE('',#9590,POSITIVE_LENGTH_MEASURE(0.1),#9097);
#9590 = DRAUGHTING_PRE_DEFINED_CURVE_FONT('continuous');
#9591 = STYLED_ITEM('color',(#9592),#1943);
#9592 = PRESENTATION_STYLE_ASSIGNMENT((#9593,#9598));
#9593 = SURFACE_STYLE_USAGE(.BOTH.,#9594);
#9594 = SURFACE_SIDE_STYLE('',(#9595));
#9595 = SURFACE_STYLE_FILL_AREA(#9596);
#9596 = FILL_AREA_STYLE('',(#9597));
#9597 = FILL_AREA_STYLE_COLOUR('',#9097);
#9598 = CURVE_STYLE('',#9599,POSITIVE_LENGTH_MEASURE(0.1),#9097);
#9599 = DRAUGHTING_PRE_DEFINED_CURVE_FONT('continuous');
#9600 = STYLED_ITEM('color',(#9601),#1960);
#9601 = PRESENTATION_STYLE_ASSIGNMENT((#9602,#9607));
#9602 = SURFACE_STYLE_USAGE(.BOTH.,#9603);
#9603 = SURFACE_SIDE_STYLE('',(#9604));
#9604 = SURFACE_STYLE_FILL_AREA(#9605);
#9605 = FILL_AREA_STYLE('',(#9606));
#9606 = FILL_AREA_STYLE_COLOUR('',#9097);
#9607 = CURVE_STYLE('',#9608,POSITIVE_LENGTH_MEASURE(0.1),#9097);
#9608 = DRAUGHTING_PRE_DEFINED_CURVE_FONT('continuous');
#9609 = STYLED_ITEM('color',(#9610),#1991);
#9610 = PRESENTATION_STYLE_ASSIGNMENT((#9611,#9616));
#9611 = SURFACE_STYLE_USAGE(.BOTH.,#9612);
#9612 = SURFACE_SIDE_STYLE('',(#9613));
#9613 = SURFACE_STYLE_FILL_AREA(#9614);
#9614 = FILL_AREA_STYLE('',(#9615));
#9615 = FILL_AREA_STYLE_COLOUR('',#9097);
#9616 = CURVE_STYLE('',#9617,POSITIVE_LENGTH_MEASURE(0.1),#9097);
#9617 = DRAUGHTING_PRE_DEFINED_CURVE_FONT('continuous');
#9618 = STYLED_ITEM('color',(#9619),#2015);
#9619 = PRESENTATION_STYLE_ASSIGNMENT((#9620,#9625));
#9620 = SURFACE_STYLE_USAGE(.BOTH.,#9621);
#9621 = SURFACE_SIDE_STYLE('',(#9622));
#9622 = SURFACE_STYLE_FILL_AREA(#9623);
#9623 = FILL_AREA_STYLE('',(#9624));
#9624 = FILL_AREA_STYLE_COLOUR('',#9097);
#9625 = CURVE_STYLE('',#9626,POSITIVE_LENGTH_MEASURE(0.1),#9097);
#9626 = DRAUGHTING_PRE_DEFINED_CURVE_FONT('continuous');
#9627 = STYLED_ITEM('color',(#9628),#2039);
#9628 = PRESENTATION_STYLE_ASSIGNMENT((#9629,#9634));
#9629 = SURFACE_STYLE_USAGE(.BOTH.,#9630);
#9630 = SURFACE_SIDE_STYLE('',(#9631));
#9631 = SURFACE_STYLE_FILL_AREA(#9632);
#9632 = FILL_AREA_STYLE('',(#9633));
#9633 = FILL_AREA_STYLE_COLOUR('',#9097);
#9634 = CURVE_STYLE('',#9635,POSITIVE_LENGTH_MEASURE(0.1),#9097);
#9635 = DRAUGHTING_PRE_DEFINED_CURVE_FONT('continuous');
#9636 = STYLED_ITEM('color',(#9637),#2056);
#9637 = PRESENTATION_STYLE_ASSIGNMENT((#9638,#9643));
#9638 = SURFACE_STYLE_USAGE(.BOTH.,#9639);
#9639 = SURFACE_SIDE_STYLE('',(#9640));
#9640 = SURFACE_STYLE_FILL_AREA(#9641);
#9641 = FILL_AREA_STYLE('',(#9642));
#9642 = FILL_AREA_STYLE_COLOUR('',#9097);
#9643 = CURVE_STYLE('',#9644,POSITIVE_LENGTH_MEASURE(0.1),#9097);
#9644 = DRAUGHTING_PRE_DEFINED_CURVE_FONT('continuous');
#9645 = STYLED_ITEM('color',(#9646),#2087);
#9646 = PRESENTATION_STYLE_ASSIGNMENT((#9647,#9652));
#9647 = SURFACE_STYLE_USAGE(.BOTH.,#9648);
#9648 = SURFACE_SIDE_STYLE('',(#9649));
#9649 = SURFACE_STYLE_FILL_AREA(#9650);
#9650 = FILL_AREA_STYLE('',(#9651));
#9651 = FILL_AREA_STYLE_COLOUR('',#9097);
#9652 = CURVE_STYLE('',#9653,POSITIVE_LENGTH_MEASURE(0.1),#9097);
#9653 = DRAUGHTING_PRE_DEFINED_CURVE_FONT('continuous');
#9654 = STYLED_ITEM('color',(#9655),#2111);
#9655 = PRESENTATION_STYLE_ASSIGNMENT((#9656,#9661));
#9656 = SURFACE_STYLE_USAGE(.BOTH.,#9657);
#9657 = SURFACE_SIDE_STYLE('',(#9658));
#9658 = SURFACE_STYLE_FILL_AREA(#9659);
#9659 = FILL_AREA_STYLE('',(#9660));
#9660 = FILL_AREA_STYLE_COLOUR('',#9097);
#9661 = CURVE_STYLE('',#9662,POSITIVE_LENGTH_MEASURE(0.1),#9097);
#9662 = DRAUGHTING_PRE_DEFINED_CURVE_FONT('continuous');
#9663 = STYLED_ITEM('color',(#9664),#2135);
#9664 = PRESENTATION_STYLE_ASSIGNMENT((#9665,#9670));
#9665 = SURFACE_STYLE_USAGE(.BOTH.,#9666);
#9666 = SURFACE_SIDE_STYLE('',(#9667));
#9667 = SURFACE_STYLE_FILL_AREA(#9668);
#9668 = FILL_AREA_STYLE('',(#9669));
#9669 = FILL_AREA_STYLE_COLOUR('',#9097);
#9670 = CURVE_STYLE('',#9671,POSITIVE_LENGTH_MEASURE(0.1),#9097);
#9671 = DRAUGHTING_PRE_DEFINED_CURVE_FONT('continuous');
#9672 = STYLED_ITEM('color',(#9673),#2152);
#9673 = PRESENTATION_STYLE_ASSIGNMENT((#9674,#9679));
#9674 = SURFACE_STYLE_USAGE(.BOTH.,#9675);
#9675 = SURFACE_SIDE_STYLE('',(#9676));
#9676 = SURFACE_STYLE_FILL_AREA(#9677);
#9677 = FILL_AREA_STYLE('',(#9678));
#9678 = FILL_AREA_STYLE_COLOUR('',#9097);
#9679 = CURVE_STYLE('',#9680,POSITIVE_LENGTH_MEASURE(0.1),#9097);
#9680 = DRAUGHTING_PRE_DEFINED_CURVE_FONT('continuous');
#9681 = STYLED_ITEM('color',(#9682),#2183);
#9682 = PRESENTATION_STYLE_ASSIGNMENT((#9683,#9688));
#9683 = SURFACE_STYLE_USAGE(.BOTH.,#9684);
#9684 = SURFACE_SIDE_STYLE('',(#9685));
#9685 = SURFACE_STYLE_FILL_AREA(#9686);
#9686 = FILL_AREA_STYLE('',(#9687));
#9687 = FILL_AREA_STYLE_COLOUR('',#9097);
#9688 = CURVE_STYLE('',#9689,POSITIVE_LENGTH_MEASURE(0.1),#9097);
#9689 = DRAUGHTING_PRE_DEFINED_CURVE_FONT('continuous');
#9690 = STYLED_ITEM('color',(#9691),#2207);
#9691 = PRESENTATION_STYLE_ASSIGNMENT((#9692,#9697));
#9692 = SURFACE_STYLE_USAGE(.BOTH.,#9693);
#9693 = SURFACE_SIDE_STYLE('',(#9694));
#9694 = SURFACE_STYLE_FILL_AREA(#9695);
#9695 = FILL_AREA_STYLE('',(#9696));
#9696 = FILL_AREA_STYLE_COLOUR('',#9097);
#9697 = CURVE_STYLE('',#9698,POSITIVE_LENGTH_MEASURE(0.1),#9097);
#9698 = DRAUGHTING_PRE_DEFINED_CURVE_FONT('continuous');
#9699 = STYLED_ITEM('color',(#9700),#2231);
#9700 = PRESENTATION_STYLE_ASSIGNMENT((#9701,#9706));
#9701 = SURFACE_STYLE_USAGE(.BOTH.,#9702);
#9702 = SURFACE_SIDE_STYLE('',(#9703));
#9703 = SURFACE_STYLE_FILL_AREA(#9704);
#9704 = FILL_AREA_STYLE('',(#9705));
#9705 = FILL_AREA_STYLE_COLOUR('',#9097);
#9706 = CURVE_STYLE('',#9707,POSITIVE_LENGTH_MEASURE(0.1),#9097);
#9707 = DRAUGHTING_PRE_DEFINED_CURVE_FONT('continuous');
#9708 = STYLED_ITEM('color',(#9709),#2248);
#9709 = PRESENTATION_STYLE_ASSIGNMENT((#9710,#9715));
#9710 = SURFACE_STYLE_USAGE(.BOTH.,#9711);
#9711 = SURFACE_SIDE_STYLE('',(#9712));
#9712 = SURFACE_STYLE_FILL_AREA(#9713);
#9713 = FILL_AREA_STYLE('',(#9714));
#9714 = FILL_AREA_STYLE_COLOUR('',#9264);
#9715 = CURVE_STYLE('',#9716,POSITIVE_LENGTH_MEASURE(0.1),#9264);
#9716 = DRAUGHTING_PRE_DEFINED_CURVE_FONT('continuous');
#9717 = STYLED_ITEM('color',(#9718),#2265);
#9718 = PRESENTATION_STYLE_ASSIGNMENT((#9719,#9724));
#9719 = SURFACE_STYLE_USAGE(.BOTH.,#9720);
#9720 = SURFACE_SIDE_STYLE('',(#9721));
#9721 = SURFACE_STYLE_FILL_AREA(#9722);
#9722 = FILL_AREA_STYLE('',(#9723));
#9723 = FILL_AREA_STYLE_COLOUR('',#9264);
#9724 = CURVE_STYLE('',#9725,POSITIVE_LENGTH_MEASURE(0.1),#9264);
#9725 = DRAUGHTING_PRE_DEFINED_CURVE_FONT('continuous');
#9726 = STYLED_ITEM('color',(#9727),#2312);
#9727 = PRESENTATION_STYLE_ASSIGNMENT((#9728,#9733));
#9728 = SURFACE_STYLE_USAGE(.BOTH.,#9729);
#9729 = SURFACE_SIDE_STYLE('',(#9730));
#9730 = SURFACE_STYLE_FILL_AREA(#9731);
#9731 = FILL_AREA_STYLE('',(#9732));
#9732 = FILL_AREA_STYLE_COLOUR('',#9264);
#9733 = CURVE_STYLE('',#9734,POSITIVE_LENGTH_MEASURE(0.1),#9264);
#9734 = DRAUGHTING_PRE_DEFINED_CURVE_FONT('continuous');
#9735 = STYLED_ITEM('color',(#9736),#2329);
#9736 = PRESENTATION_STYLE_ASSIGNMENT((#9737,#9742));
#9737 = SURFACE_STYLE_USAGE(.BOTH.,#9738);
#9738 = SURFACE_SIDE_STYLE('',(#9739));
#9739 = SURFACE_STYLE_FILL_AREA(#9740);
#9740 = FILL_AREA_STYLE('',(#9741));
#9741 = FILL_AREA_STYLE_COLOUR('',#9264);
#9742 = CURVE_STYLE('',#9743,POSITIVE_LENGTH_MEASURE(0.1),#9264);
#9743 = DRAUGHTING_PRE_DEFINED_CURVE_FONT('continuous');
#9744 = STYLED_ITEM('color',(#9745),#2376);
#9745 = PRESENTATION_STYLE_ASSIGNMENT((#9746,#9751));
#9746 = SURFACE_STYLE_USAGE(.BOTH.,#9747);
#9747 = SURFACE_SIDE_STYLE('',(#9748));
#9748 = SURFACE_STYLE_FILL_AREA(#9749);
#9749 = FILL_AREA_STYLE('',(#9750));
#9750 = FILL_AREA_STYLE_COLOUR('',#9264);
#9751 = CURVE_STYLE('',#9752,POSITIVE_LENGTH_MEASURE(0.1),#9264);
#9752 = DRAUGHTING_PRE_DEFINED_CURVE_FONT('continuous');
#9753 = STYLED_ITEM('color',(#9754),#2393);
#9754 = PRESENTATION_STYLE_ASSIGNMENT((#9755,#9760));
#9755 = SURFACE_STYLE_USAGE(.BOTH.,#9756);
#9756 = SURFACE_SIDE_STYLE('',(#9757));
#9757 = SURFACE_STYLE_FILL_AREA(#9758);
#9758 = FILL_AREA_STYLE('',(#9759));
#9759 = FILL_AREA_STYLE_COLOUR('',#9264);
#9760 = CURVE_STYLE('',#9761,POSITIVE_LENGTH_MEASURE(0.1),#9264);
#9761 = DRAUGHTING_PRE_DEFINED_CURVE_FONT('continuous');
#9762 = STYLED_ITEM('color',(#9763),#2440);
#9763 = PRESENTATION_STYLE_ASSIGNMENT((#9764,#9769));
#9764 = SURFACE_STYLE_USAGE(.BOTH.,#9765);
#9765 = SURFACE_SIDE_STYLE('',(#9766));
#9766 = SURFACE_STYLE_FILL_AREA(#9767);
#9767 = FILL_AREA_STYLE('',(#9768));
#9768 = FILL_AREA_STYLE_COLOUR('',#9264);
#9769 = CURVE_STYLE('',#9770,POSITIVE_LENGTH_MEASURE(0.1),#9264);
#9770 = DRAUGHTING_PRE_DEFINED_CURVE_FONT('continuous');
#9771 = STYLED_ITEM('color',(#9772),#2457);
#9772 = PRESENTATION_STYLE_ASSIGNMENT((#9773,#9778));
#9773 = SURFACE_STYLE_USAGE(.BOTH.,#9774);
#9774 = SURFACE_SIDE_STYLE('',(#9775));
#9775 = SURFACE_STYLE_FILL_AREA(#9776);
#9776 = FILL_AREA_STYLE('',(#9777));
#9777 = FILL_AREA_STYLE_COLOUR('',#9264);
#9778 = CURVE_STYLE('',#9779,POSITIVE_LENGTH_MEASURE(0.1),#9264);
#9779 = DRAUGHTING_PRE_DEFINED_CURVE_FONT('continuous');
#9780 = STYLED_ITEM('color',(#9781),#2504);
#9781 = PRESENTATION_STYLE_ASSIGNMENT((#9782,#9787));
#9782 = SURFACE_STYLE_USAGE(.BOTH.,#9783);
#9783 = SURFACE_SIDE_STYLE('',(#9784));
#9784 = SURFACE_STYLE_FILL_AREA(#9785);
#9785 = FILL_AREA_STYLE('',(#9786));
#9786 = FILL_AREA_STYLE_COLOUR('',#9264);
#9787 = CURVE_STYLE('',#9788,POSITIVE_LENGTH_MEASURE(0.1),#9264);
#9788 = DRAUGHTING_PRE_DEFINED_CURVE_FONT('continuous');
#9789 = STYLED_ITEM('color',(#9790),#2521);
#9790 = PRESENTATION_STYLE_ASSIGNMENT((#9791,#9796));
#9791 = SURFACE_STYLE_USAGE(.BOTH.,#9792);
#9792 = SURFACE_SIDE_STYLE('',(#9793));
#9793 = SURFACE_STYLE_FILL_AREA(#9794);
#9794 = FILL_AREA_STYLE('',(#9795));
#9795 = FILL_AREA_STYLE_COLOUR('',#9264);
#9796 = CURVE_STYLE('',#9797,POSITIVE_LENGTH_MEASURE(0.1),#9264);
#9797 = DRAUGHTING_PRE_DEFINED_CURVE_FONT('continuous');
#9798 = STYLED_ITEM('color',(#9799),#2568);
#9799 = PRESENTATION_STYLE_ASSIGNMENT((#9800,#9805));
#9800 = SURFACE_STYLE_USAGE(.BOTH.,#9801);
#9801 = SURFACE_SIDE_STYLE('',(#9802));
#9802 = SURFACE_STYLE_FILL_AREA(#9803);
#9803 = FILL_AREA_STYLE('',(#9804));
#9804 = FILL_AREA_STYLE_COLOUR('',#9264);
#9805 = CURVE_STYLE('',#9806,POSITIVE_LENGTH_MEASURE(0.1),#9264);
#9806 = DRAUGHTING_PRE_DEFINED_CURVE_FONT('continuous');
#9807 = STYLED_ITEM('color',(#9808),#2585);
#9808 = PRESENTATION_STYLE_ASSIGNMENT((#9809,#9814));
#9809 = SURFACE_STYLE_USAGE(.BOTH.,#9810);
#9810 = SURFACE_SIDE_STYLE('',(#9811));
#9811 = SURFACE_STYLE_FILL_AREA(#9812);
#9812 = FILL_AREA_STYLE('',(#9813));
#9813 = FILL_AREA_STYLE_COLOUR('',#9264);
#9814 = CURVE_STYLE('',#9815,POSITIVE_LENGTH_MEASURE(0.1),#9264);
#9815 = DRAUGHTING_PRE_DEFINED_CURVE_FONT('continuous');
#9816 = STYLED_ITEM('color',(#9817),#2632);
#9817 = PRESENTATION_STYLE_ASSIGNMENT((#9818,#9823));
#9818 = SURFACE_STYLE_USAGE(.BOTH.,#9819);
#9819 = SURFACE_SIDE_STYLE('',(#9820));
#9820 = SURFACE_STYLE_FILL_AREA(#9821);
#9821 = FILL_AREA_STYLE('',(#9822));
#9822 = FILL_AREA_STYLE_COLOUR('',#9264);
#9823 = CURVE_STYLE('',#9824,POSITIVE_LENGTH_MEASURE(0.1),#9264);
#9824 = DRAUGHTING_PRE_DEFINED_CURVE_FONT('continuous');
#9825 = STYLED_ITEM('color',(#9826),#2649);
#9826 = PRESENTATION_STYLE_ASSIGNMENT((#9827,#9832));
#9827 = SURFACE_STYLE_USAGE(.BOTH.,#9828);
#9828 = SURFACE_SIDE_STYLE('',(#9829));
#9829 = SURFACE_STYLE_FILL_AREA(#9830);
#9830 = FILL_AREA_STYLE('',(#9831));
#9831 = FILL_AREA_STYLE_COLOUR('',#9264);
#9832 = CURVE_STYLE('',#9833,POSITIVE_LENGTH_MEASURE(0.1),#9264);
#9833 = DRAUGHTING_PRE_DEFINED_CURVE_FONT('continuous');
#9834 = STYLED_ITEM('color',(#9835),#2696);
#9835 = PRESENTATION_STYLE_ASSIGNMENT((#9836,#9841));
#9836 = SURFACE_STYLE_USAGE(.BOTH.,#9837);
#9837 = SURFACE_SIDE_STYLE('',(#9838));
#9838 = SURFACE_STYLE_FILL_AREA(#9839);
#9839 = FILL_AREA_STYLE('',(#9840));
#9840 = FILL_AREA_STYLE_COLOUR('',#9264);
#9841 = CURVE_STYLE('',#9842,POSITIVE_LENGTH_MEASURE(0.1),#9264);
#9842 = DRAUGHTING_PRE_DEFINED_CURVE_FONT('continuous');
#9843 = STYLED_ITEM('color',(#9844),#2713);
#9844 = PRESENTATION_STYLE_ASSIGNMENT((#9845,#9850));
#9845 = SURFACE_STYLE_USAGE(.BOTH.,#9846);
#9846 = SURFACE_SIDE_STYLE('',(#9847));
#9847 = SURFACE_STYLE_FILL_AREA(#9848);
#9848 = FILL_AREA_STYLE('',(#9849));
#9849 = FILL_AREA_STYLE_COLOUR('',#9264);
#9850 = CURVE_STYLE('',#9851,POSITIVE_LENGTH_MEASURE(0.1),#9264);
#9851 = DRAUGHTING_PRE_DEFINED_CURVE_FONT('continuous');
#9852 = STYLED_ITEM('color',(#9853),#2760);
#9853 = PRESENTATION_STYLE_ASSIGNMENT((#9854,#9859));
#9854 = SURFACE_STYLE_USAGE(.BOTH.,#9855);
#9855 = SURFACE_SIDE_STYLE('',(#9856));
#9856 = SURFACE_STYLE_FILL_AREA(#9857);
#9857 = FILL_AREA_STYLE('',(#9858));
#9858 = FILL_AREA_STYLE_COLOUR('',#9264);
#9859 = CURVE_STYLE('',#9860,POSITIVE_LENGTH_MEASURE(0.1),#9264);
#9860 = DRAUGHTING_PRE_DEFINED_CURVE_FONT('continuous');
#9861 = STYLED_ITEM('color',(#9862),#2777);
#9862 = PRESENTATION_STYLE_ASSIGNMENT((#9863,#9868));
#9863 = SURFACE_STYLE_USAGE(.BOTH.,#9864);
#9864 = SURFACE_SIDE_STYLE('',(#9865));
#9865 = SURFACE_STYLE_FILL_AREA(#9866);
#9866 = FILL_AREA_STYLE('',(#9867));
#9867 = FILL_AREA_STYLE_COLOUR('',#9264);
#9868 = CURVE_STYLE('',#9869,POSITIVE_LENGTH_MEASURE(0.1),#9264);
#9869 = DRAUGHTING_PRE_DEFINED_CURVE_FONT('continuous');
#9870 = STYLED_ITEM('color',(#9871),#2824);
#9871 = PRESENTATION_STYLE_ASSIGNMENT((#9872,#9877));
#9872 = SURFACE_STYLE_USAGE(.BOTH.,#9873);
#9873 = SURFACE_SIDE_STYLE('',(#9874));
#9874 = SURFACE_STYLE_FILL_AREA(#9875);
#9875 = FILL_AREA_STYLE('',(#9876));
#9876 = FILL_AREA_STYLE_COLOUR('',#9264);
#9877 = CURVE_STYLE('',#9878,POSITIVE_LENGTH_MEASURE(0.1),#9264);
#9878 = DRAUGHTING_PRE_DEFINED_CURVE_FONT('continuous');
#9879 = STYLED_ITEM('color',(#9880),#2841);
#9880 = PRESENTATION_STYLE_ASSIGNMENT((#9881,#9886));
#9881 = SURFACE_STYLE_USAGE(.BOTH.,#9882);
#9882 = SURFACE_SIDE_STYLE('',(#9883));
#9883 = SURFACE_STYLE_FILL_AREA(#9884);
#9884 = FILL_AREA_STYLE('',(#9885));
#9885 = FILL_AREA_STYLE_COLOUR('',#9264);
#9886 = CURVE_STYLE('',#9887,POSITIVE_LENGTH_MEASURE(0.1),#9264);
#9887 = DRAUGHTING_PRE_DEFINED_CURVE_FONT('continuous');
#9888 = STYLED_ITEM('color',(#9889),#2888);
#9889 = PRESENTATION_STYLE_ASSIGNMENT((#9890,#9895));
#9890 = SURFACE_STYLE_USAGE(.BOTH.,#9891);
#9891 = SURFACE_SIDE_STYLE('',(#9892));
#9892 = SURFACE_STYLE_FILL_AREA(#9893);
#9893 = FILL_AREA_STYLE('',(#9894));
#9894 = FILL_AREA_STYLE_COLOUR('',#9264);
#9895 = CURVE_STYLE('',#9896,POSITIVE_LENGTH_MEASURE(0.1),#9264);
#9896 = DRAUGHTING_PRE_DEFINED_CURVE_FONT('continuous');
#9897 = STYLED_ITEM('color',(#9898),#2905);
#9898 = PRESENTATION_STYLE_ASSIGNMENT((#9899,#9904));
#9899 = SURFACE_STYLE_USAGE(.BOTH.,#9900);
#9900 = SURFACE_SIDE_STYLE('',(#9901));
#9901 = SURFACE_STYLE_FILL_AREA(#9902);
#9902 = FILL_AREA_STYLE('',(#9903));
#9903 = FILL_AREA_STYLE_COLOUR('',#9264);
#9904 = CURVE_STYLE('',#9905,POSITIVE_LENGTH_MEASURE(0.1),#9264);
#9905 = DRAUGHTING_PRE_DEFINED_CURVE_FONT('continuous');
#9906 = STYLED_ITEM('color',(#9907),#2952);
#9907 = PRESENTATION_STYLE_ASSIGNMENT((#9908,#9913));
#9908 = SURFACE_STYLE_USAGE(.BOTH.,#9909);
#9909 = SURFACE_SIDE_STYLE('',(#9910));
#9910 = SURFACE_STYLE_FILL_AREA(#9911);
#9911 = FILL_AREA_STYLE('',(#9912));
#9912 = FILL_AREA_STYLE_COLOUR('',#9264);
#9913 = CURVE_STYLE('',#9914,POSITIVE_LENGTH_MEASURE(0.1),#9264);
#9914 = DRAUGHTING_PRE_DEFINED_CURVE_FONT('continuous');
#9915 = STYLED_ITEM('color',(#9916),#2969);
#9916 = PRESENTATION_STYLE_ASSIGNMENT((#9917,#9922));
#9917 = SURFACE_STYLE_USAGE(.BOTH.,#9918);
#9918 = SURFACE_SIDE_STYLE('',(#9919));
#9919 = SURFACE_STYLE_FILL_AREA(#9920);
#9920 = FILL_AREA_STYLE('',(#9921));
#9921 = FILL_AREA_STYLE_COLOUR('',#9264);
#9922 = CURVE_STYLE('',#9923,POSITIVE_LENGTH_MEASURE(0.1),#9264);
#9923 = DRAUGHTING_PRE_DEFINED_CURVE_FONT('continuous');
#9924 = STYLED_ITEM('color',(#9925),#3016);
#9925 = PRESENTATION_STYLE_ASSIGNMENT((#9926,#9931));
#9926 = SURFACE_STYLE_USAGE(.BOTH.,#9927);
#9927 = SURFACE_SIDE_STYLE('',(#9928));
#9928 = SURFACE_STYLE_FILL_AREA(#9929);
#9929 = FILL_AREA_STYLE('',(#9930));
#9930 = FILL_AREA_STYLE_COLOUR('',#9264);
#9931 = CURVE_STYLE('',#9932,POSITIVE_LENGTH_MEASURE(0.1),#9264);
#9932 = DRAUGHTING_PRE_DEFINED_CURVE_FONT('continuous');
#9933 = STYLED_ITEM('color',(#9934),#3033);
#9934 = PRESENTATION_STYLE_ASSIGNMENT((#9935,#9940));
#9935 = SURFACE_STYLE_USAGE(.BOTH.,#9936);
#9936 = SURFACE_SIDE_STYLE('',(#9937));
#9937 = SURFACE_STYLE_FILL_AREA(#9938);
#9938 = FILL_AREA_STYLE('',(#9939));
#9939 = FILL_AREA_STYLE_COLOUR('',#9264);
#9940 = CURVE_STYLE('',#9941,POSITIVE_LENGTH_MEASURE(0.1),#9264);
#9941 = DRAUGHTING_PRE_DEFINED_CURVE_FONT('continuous');
#9942 = STYLED_ITEM('color',(#9943),#3080);
#9943 = PRESENTATION_STYLE_ASSIGNMENT((#9944,#9949));
#9944 = SURFACE_STYLE_USAGE(.BOTH.,#9945);
#9945 = SURFACE_SIDE_STYLE('',(#9946));
#9946 = SURFACE_STYLE_FILL_AREA(#9947);
#9947 = FILL_AREA_STYLE('',(#9948));
#9948 = FILL_AREA_STYLE_COLOUR('',#9264);
#9949 = CURVE_STYLE('',#9950,POSITIVE_LENGTH_MEASURE(0.1),#9264);
#9950 = DRAUGHTING_PRE_DEFINED_CURVE_FONT('continuous');
#9951 = STYLED_ITEM('color',(#9952),#3097);
#9952 = PRESENTATION_STYLE_ASSIGNMENT((#9953,#9958));
#9953 = SURFACE_STYLE_USAGE(.BOTH.,#9954);
#9954 = SURFACE_SIDE_STYLE('',(#9955));
#9955 = SURFACE_STYLE_FILL_AREA(#9956);
#9956 = FILL_AREA_STYLE('',(#9957));
#9957 = FILL_AREA_STYLE_COLOUR('',#9264);
#9958 = CURVE_STYLE('',#9959,POSITIVE_LENGTH_MEASURE(0.1),#9264);
#9959 = DRAUGHTING_PRE_DEFINED_CURVE_FONT('continuous');
#9960 = STYLED_ITEM('color',(#9961),#3144);
#9961 = PRESENTATION_STYLE_ASSIGNMENT((#9962,#9967));
#9962 = SURFACE_STYLE_USAGE(.BOTH.,#9963);
#9963 = SURFACE_SIDE_STYLE('',(#9964));
#9964 = SURFACE_STYLE_FILL_AREA(#9965);
#9965 = FILL_AREA_STYLE('',(#9966));
#9966 = FILL_AREA_STYLE_COLOUR('',#9264);
#9967 = CURVE_STYLE('',#9968,POSITIVE_LENGTH_MEASURE(0.1),#9264);
#9968 = DRAUGHTING_PRE_DEFINED_CURVE_FONT('continuous');
#9969 = STYLED_ITEM('color',(#9970),#3161);
#9970 = PRESENTATION_STYLE_ASSIGNMENT((#9971,#9976));
#9971 = SURFACE_STYLE_USAGE(.BOTH.,#9972);
#9972 = SURFACE_SIDE_STYLE('',(#9973));
#9973 = SURFACE_STYLE_FILL_AREA(#9974);
#9974 = FILL_AREA_STYLE('',(#9975));
#9975 = FILL_AREA_STYLE_COLOUR('',#9264);
#9976 = CURVE_STYLE('',#9977,POSITIVE_LENGTH_MEASURE(0.1),#9264);
#9977 = DRAUGHTING_PRE_DEFINED_CURVE_FONT('continuous');
#9978 = STYLED_ITEM('color',(#9979),#3208);
#9979 = PRESENTATION_STYLE_ASSIGNMENT((#9980,#9985));
#9980 = SURFACE_STYLE_USAGE(.BOTH.,#9981);
#9981 = SURFACE_SIDE_STYLE('',(#9982));
#9982 = SURFACE_STYLE_FILL_AREA(#9983);
#9983 = FILL_AREA_STYLE('',(#9984));
#9984 = FILL_AREA_STYLE_COLOUR('',#9264);
#9985 = CURVE_STYLE('',#9986,POSITIVE_LENGTH_MEASURE(0.1),#9264);
#9986 = DRAUGHTING_PRE_DEFINED_CURVE_FONT('continuous');
#9987 = STYLED_ITEM('color',(#9988),#3225);
#9988 = PRESENTATION_STYLE_ASSIGNMENT((#9989,#9994));
#9989 = SURFACE_STYLE_USAGE(.BOTH.,#9990);
#9990 = SURFACE_SIDE_STYLE('',(#9991));
#9991 = SURFACE_STYLE_FILL_AREA(#9992);
#9992 = FILL_AREA_STYLE('',(#9993));
#9993 = FILL_AREA_STYLE_COLOUR('',#9264);
#9994 = CURVE_STYLE('',#9995,POSITIVE_LENGTH_MEASURE(0.1),#9264);
#9995 = DRAUGHTING_PRE_DEFINED_CURVE_FONT('continuous');
#9996 = STYLED_ITEM('color',(#9997),#3272);
#9997 = PRESENTATION_STYLE_ASSIGNMENT((#9998,#10003));
#9998 = SURFACE_STYLE_USAGE(.BOTH.,#9999);
#9999 = SURFACE_SIDE_STYLE('',(#10000));
#10000 = SURFACE_STYLE_FILL_AREA(#10001);
#10001 = FILL_AREA_STYLE('',(#10002));
#10002 = FILL_AREA_STYLE_COLOUR('',#9097);
#10003 = CURVE_STYLE('',#10004,POSITIVE_LENGTH_MEASURE(0.1),#9097);
#10004 = DRAUGHTING_PRE_DEFINED_CURVE_FONT('continuous');
#10005 = STYLED_ITEM('color',(#10006),#3303);
#10006 = PRESENTATION_STYLE_ASSIGNMENT((#10007,#10012));
#10007 = SURFACE_STYLE_USAGE(.BOTH.,#10008);
#10008 = SURFACE_SIDE_STYLE('',(#10009));
#10009 = SURFACE_STYLE_FILL_AREA(#10010);
#10010 = FILL_AREA_STYLE('',(#10011));
#10011 = FILL_AREA_STYLE_COLOUR('',#9097);
#10012 = CURVE_STYLE('',#10013,POSITIVE_LENGTH_MEASURE(0.1),#9097);
#10013 = DRAUGHTING_PRE_DEFINED_CURVE_FONT('continuous');
#10014 = OVER_RIDING_STYLED_ITEM('overriding color',(#10015),#3317,
  #10005);
#10015 = PRESENTATION_STYLE_ASSIGNMENT((#10016,#10021));
#10016 = SURFACE_STYLE_USAGE(.BOTH.,#10017);
#10017 = SURFACE_SIDE_STYLE('',(#10018));
#10018 = SURFACE_STYLE_FILL_AREA(#10019);
#10019 = FILL_AREA_STYLE('',(#10020));
#10020 = FILL_AREA_STYLE_COLOUR('',#9264);
#10021 = CURVE_STYLE('',#10022,POSITIVE_LENGTH_MEASURE(0.1),#9264);
#10022 = DRAUGHTING_PRE_DEFINED_CURVE_FONT('continuous');
#10023 = OVER_RIDING_STYLED_ITEM('overriding color',(#10024),#3333,
  #10005);
#10024 = PRESENTATION_STYLE_ASSIGNMENT((#10025,#10030));
#10025 = SURFACE_STYLE_USAGE(.BOTH.,#10026);
#10026 = SURFACE_SIDE_STYLE('',(#10027));
#10027 = SURFACE_STYLE_FILL_AREA(#10028);
#10028 = FILL_AREA_STYLE('',(#10029));
#10029 = FILL_AREA_STYLE_COLOUR('',#9264);
#10030 = CURVE_STYLE('',#10031,POSITIVE_LENGTH_MEASURE(0.1),#9264);
#10031 = DRAUGHTING_PRE_DEFINED_CURVE_FONT('continuous');
#10032 = STYLED_ITEM('color',(#10033),#3359);
#10033 = PRESENTATION_STYLE_ASSIGNMENT((#10034,#10039));
#10034 = SURFACE_STYLE_USAGE(.BOTH.,#10035);
#10035 = SURFACE_SIDE_STYLE('',(#10036));
#10036 = SURFACE_STYLE_FILL_AREA(#10037);
#10037 = FILL_AREA_STYLE('',(#10038));
#10038 = FILL_AREA_STYLE_COLOUR('',#9097);
#10039 = CURVE_STYLE('',#10040,POSITIVE_LENGTH_MEASURE(0.1),#9097);
#10040 = DRAUGHTING_PRE_DEFINED_CURVE_FONT('continuous');
#10041 = STYLED_ITEM('color',(#10042),#3383);
#10042 = PRESENTATION_STYLE_ASSIGNMENT((#10043,#10048));
#10043 = SURFACE_STYLE_USAGE(.BOTH.,#10044);
#10044 = SURFACE_SIDE_STYLE('',(#10045));
#10045 = SURFACE_STYLE_FILL_AREA(#10046);
#10046 = FILL_AREA_STYLE('',(#10047));
#10047 = FILL_AREA_STYLE_COLOUR('',#9097);
#10048 = CURVE_STYLE('',#10049,POSITIVE_LENGTH_MEASURE(0.1),#9097);
#10049 = DRAUGHTING_PRE_DEFINED_CURVE_FONT('continuous');
#10050 = OVER_RIDING_STYLED_ITEM('overriding color',(#10051),#3397,
  #10041);
#10051 = PRESENTATION_STYLE_ASSIGNMENT((#10052,#10057));
#10052 = SURFACE_STYLE_USAGE(.BOTH.,#10053);
#10053 = SURFACE_SIDE_STYLE('',(#10054));
#10054 = SURFACE_STYLE_FILL_AREA(#10055);
#10055 = FILL_AREA_STYLE('',(#10056));
#10056 = FILL_AREA_STYLE_COLOUR('',#9264);
#10057 = CURVE_STYLE('',#10058,POSITIVE_LENGTH_MEASURE(0.1),#9264);
#10058 = DRAUGHTING_PRE_DEFINED_CURVE_FONT('continuous');
#10059 = OVER_RIDING_STYLED_ITEM('overriding color',(#10060),#3413,
  #10041);
#10060 = PRESENTATION_STYLE_ASSIGNMENT((#10061,#10066));
#10061 = SURFACE_STYLE_USAGE(.BOTH.,#10062);
#10062 = SURFACE_SIDE_STYLE('',(#10063));
#10063 = SURFACE_STYLE_FILL_AREA(#10064);
#10064 = FILL_AREA_STYLE('',(#10065));
#10065 = FILL_AREA_STYLE_COLOUR('',#9264);
#10066 = CURVE_STYLE('',#10067,POSITIVE_LENGTH_MEASURE(0.1),#9264);
#10067 = DRAUGHTING_PRE_DEFINED_CURVE_FONT('continuous');
#10068 = STYLED_ITEM('color',(#10069),#3432);
#10069 = PRESENTATION_STYLE_ASSIGNMENT((#10070,#10075));
#10070 = SURFACE_STYLE_USAGE(.BOTH.,#10071);
#10071 = SURFACE_SIDE_STYLE('',(#10072));
#10072 = SURFACE_STYLE_FILL_AREA(#10073);
#10073 = FILL_AREA_STYLE('',(#10074));
#10074 = FILL_AREA_STYLE_COLOUR('',#9097);
#10075 = CURVE_STYLE('',#10076,POSITIVE_LENGTH_MEASURE(0.1),#9097);
#10076 = DRAUGHTING_PRE_DEFINED_CURVE_FONT('continuous');
#10077 = STYLED_ITEM('color',(#10078),#3463);
#10078 = PRESENTATION_STYLE_ASSIGNMENT((#10079,#10084));
#10079 = SURFACE_STYLE_USAGE(.BOTH.,#10080);
#10080 = SURFACE_SIDE_STYLE('',(#10081));
#10081 = SURFACE_STYLE_FILL_AREA(#10082);
#10082 = FILL_AREA_STYLE('',(#10083));
#10083 = FILL_AREA_STYLE_COLOUR('',#9097);
#10084 = CURVE_STYLE('',#10085,POSITIVE_LENGTH_MEASURE(0.1),#9097);
#10085 = DRAUGHTING_PRE_DEFINED_CURVE_FONT('continuous');
#10086 = OVER_RIDING_STYLED_ITEM('overriding color',(#10087),#3477,
  #10077);
#10087 = PRESENTATION_STYLE_ASSIGNMENT((#10088,#10093));
#10088 = SURFACE_STYLE_USAGE(.BOTH.,#10089);
#10089 = SURFACE_SIDE_STYLE('',(#10090));
#10090 = SURFACE_STYLE_FILL_AREA(#10091);
#10091 = FILL_AREA_STYLE('',(#10092));
#10092 = FILL_AREA_STYLE_COLOUR('',#9264);
#10093 = CURVE_STYLE('',#10094,POSITIVE_LENGTH_MEASURE(0.1),#9264);
#10094 = DRAUGHTING_PRE_DEFINED_CURVE_FONT('continuous');
#10095 = OVER_RIDING_STYLED_ITEM('overriding color',(#10096),#3493,
  #10077);
#10096 = PRESENTATION_STYLE_ASSIGNMENT((#10097,#10102));
#10097 = SURFACE_STYLE_USAGE(.BOTH.,#10098);
#10098 = SURFACE_SIDE_STYLE('',(#10099));
#10099 = SURFACE_STYLE_FILL_AREA(#10100);
#10100 = FILL_AREA_STYLE('',(#10101));
#10101 = FILL_AREA_STYLE_COLOUR('',#9264);
#10102 = CURVE_STYLE('',#10103,POSITIVE_LENGTH_MEASURE(0.1),#9264);
#10103 = DRAUGHTING_PRE_DEFINED_CURVE_FONT('continuous');
#10104 = STYLED_ITEM('color',(#10105),#3519);
#10105 = PRESENTATION_STYLE_ASSIGNMENT((#10106,#10111));
#10106 = SURFACE_STYLE_USAGE(.BOTH.,#10107);
#10107 = SURFACE_SIDE_STYLE('',(#10108));
#10108 = SURFACE_STYLE_FILL_AREA(#10109);
#10109 = FILL_AREA_STYLE('',(#10110));
#10110 = FILL_AREA_STYLE_COLOUR('',#9097);
#10111 = CURVE_STYLE('',#10112,POSITIVE_LENGTH_MEASURE(0.1),#9097);
#10112 = DRAUGHTING_PRE_DEFINED_CURVE_FONT('continuous');
#10113 = STYLED_ITEM('color',(#10114),#3543);
#10114 = PRESENTATION_STYLE_ASSIGNMENT((#10115,#10120));
#10115 = SURFACE_STYLE_USAGE(.BOTH.,#10116);
#10116 = SURFACE_SIDE_STYLE('',(#10117));
#10117 = SURFACE_STYLE_FILL_AREA(#10118);
#10118 = FILL_AREA_STYLE('',(#10119));
#10119 = FILL_AREA_STYLE_COLOUR('',#9097);
#10120 = CURVE_STYLE('',#10121,POSITIVE_LENGTH_MEASURE(0.1),#9097);
#10121 = DRAUGHTING_PRE_DEFINED_CURVE_FONT('continuous');
#10122 = OVER_RIDING_STYLED_ITEM('overriding color',(#10123),#3557,
  #10113);
#10123 = PRESENTATION_STYLE_ASSIGNMENT((#10124,#10129));
#10124 = SURFACE_STYLE_USAGE(.BOTH.,#10125);
#10125 = SURFACE_SIDE_STYLE('',(#10126));
#10126 = SURFACE_STYLE_FILL_AREA(#10127);
#10127 = FILL_AREA_STYLE('',(#10128));
#10128 = FILL_AREA_STYLE_COLOUR('',#9264);
#10129 = CURVE_STYLE('',#10130,POSITIVE_LENGTH_MEASURE(0.1),#9264);
#10130 = DRAUGHTING_PRE_DEFINED_CURVE_FONT('continuous');
#10131 = OVER_RIDING_STYLED_ITEM('overriding color',(#10132),#3573,
  #10113);
#10132 = PRESENTATION_STYLE_ASSIGNMENT((#10133,#10138));
#10133 = SURFACE_STYLE_USAGE(.BOTH.,#10134);
#10134 = SURFACE_SIDE_STYLE('',(#10135));
#10135 = SURFACE_STYLE_FILL_AREA(#10136);
#10136 = FILL_AREA_STYLE('',(#10137));
#10137 = FILL_AREA_STYLE_COLOUR('',#9264);
#10138 = CURVE_STYLE('',#10139,POSITIVE_LENGTH_MEASURE(0.1),#9264);
#10139 = DRAUGHTING_PRE_DEFINED_CURVE_FONT('continuous');
#10140 = STYLED_ITEM('color',(#10141),#3592);
#10141 = PRESENTATION_STYLE_ASSIGNMENT((#10142,#10147));
#10142 = SURFACE_STYLE_USAGE(.BOTH.,#10143);
#10143 = SURFACE_SIDE_STYLE('',(#10144));
#10144 = SURFACE_STYLE_FILL_AREA(#10145);
#10145 = FILL_AREA_STYLE('',(#10146));
#10146 = FILL_AREA_STYLE_COLOUR('',#9097);
#10147 = CURVE_STYLE('',#10148,POSITIVE_LENGTH_MEASURE(0.1),#9097);
#10148 = DRAUGHTING_PRE_DEFINED_CURVE_FONT('continuous');
#10149 = STYLED_ITEM('color',(#10150),#3623);
#10150 = PRESENTATION_STYLE_ASSIGNMENT((#10151,#10156));
#10151 = SURFACE_STYLE_USAGE(.BOTH.,#10152);
#10152 = SURFACE_SIDE_STYLE('',(#10153));
#10153 = SURFACE_STYLE_FILL_AREA(#10154);
#10154 = FILL_AREA_STYLE('',(#10155));
#10155 = FILL_AREA_STYLE_COLOUR('',#9097);
#10156 = CURVE_STYLE('',#10157,POSITIVE_LENGTH_MEASURE(0.1),#9097);
#10157 = DRAUGHTING_PRE_DEFINED_CURVE_FONT('continuous');
#10158 = OVER_RIDING_STYLED_ITEM('overriding color',(#10159),#3637,
  #10149);
#10159 = PRESENTATION_STYLE_ASSIGNMENT((#10160,#10165));
#10160 = SURFACE_STYLE_USAGE(.BOTH.,#10161);
#10161 = SURFACE_SIDE_STYLE('',(#10162));
#10162 = SURFACE_STYLE_FILL_AREA(#10163);
#10163 = FILL_AREA_STYLE('',(#10164));
#10164 = FILL_AREA_STYLE_COLOUR('',#9264);
#10165 = CURVE_STYLE('',#10166,POSITIVE_LENGTH_MEASURE(0.1),#9264);
#10166 = DRAUGHTING_PRE_DEFINED_CURVE_FONT('continuous');
#10167 = OVER_RIDING_STYLED_ITEM('overriding color',(#10168),#3653,
  #10149);
#10168 = PRESENTATION_STYLE_ASSIGNMENT((#10169,#10174));
#10169 = SURFACE_STYLE_USAGE(.BOTH.,#10170);
#10170 = SURFACE_SIDE_STYLE('',(#10171));
#10171 = SURFACE_STYLE_FILL_AREA(#10172);
#10172 = FILL_AREA_STYLE('',(#10173));
#10173 = FILL_AREA_STYLE_COLOUR('',#9264);
#10174 = CURVE_STYLE('',#10175,POSITIVE_LENGTH_MEASURE(0.1),#9264);
#10175 = DRAUGHTING_PRE_DEFINED_CURVE_FONT('continuous');
#10176 = STYLED_ITEM('color',(#10177),#3679);
#10177 = PRESENTATION_STYLE_ASSIGNMENT((#10178,#10183));
#10178 = SURFACE_STYLE_USAGE(.BOTH.,#10179);
#10179 = SURFACE_SIDE_STYLE('',(#10180));
#10180 = SURFACE_STYLE_FILL_AREA(#10181);
#10181 = FILL_AREA_STYLE('',(#10182));
#10182 = FILL_AREA_STYLE_COLOUR('',#9097);
#10183 = CURVE_STYLE('',#10184,POSITIVE_LENGTH_MEASURE(0.1),#9097);
#10184 = DRAUGHTING_PRE_DEFINED_CURVE_FONT('continuous');
#10185 = STYLED_ITEM('color',(#10186),#3703);
#10186 = PRESENTATION_STYLE_ASSIGNMENT((#10187,#10192));
#10187 = SURFACE_STYLE_USAGE(.BOTH.,#10188);
#10188 = SURFACE_SIDE_STYLE('',(#10189));
#10189 = SURFACE_STYLE_FILL_AREA(#10190);
#10190 = FILL_AREA_STYLE('',(#10191));
#10191 = FILL_AREA_STYLE_COLOUR('',#9097);
#10192 = CURVE_STYLE('',#10193,POSITIVE_LENGTH_MEASURE(0.1),#9097);
#10193 = DRAUGHTING_PRE_DEFINED_CURVE_FONT('continuous');
#10194 = OVER_RIDING_STYLED_ITEM('overriding color',(#10195),#3717,
  #10185);
#10195 = PRESENTATION_STYLE_ASSIGNMENT((#10196,#10201));
#10196 = SURFACE_STYLE_USAGE(.BOTH.,#10197);
#10197 = SURFACE_SIDE_STYLE('',(#10198));
#10198 = SURFACE_STYLE_FILL_AREA(#10199);
#10199 = FILL_AREA_STYLE('',(#10200));
#10200 = FILL_AREA_STYLE_COLOUR('',#9264);
#10201 = CURVE_STYLE('',#10202,POSITIVE_LENGTH_MEASURE(0.1),#9264);
#10202 = DRAUGHTING_PRE_DEFINED_CURVE_FONT('continuous');
#10203 = OVER_RIDING_STYLED_ITEM('overriding color',(#10204),#3733,
  #10185);
#10204 = PRESENTATION_STYLE_ASSIGNMENT((#10205,#10210));
#10205 = SURFACE_STYLE_USAGE(.BOTH.,#10206);
#10206 = SURFACE_SIDE_STYLE('',(#10207));
#10207 = SURFACE_STYLE_FILL_AREA(#10208);
#10208 = FILL_AREA_STYLE('',(#10209));
#10209 = FILL_AREA_STYLE_COLOUR('',#9264);
#10210 = CURVE_STYLE('',#10211,POSITIVE_LENGTH_MEASURE(0.1),#9264);
#10211 = DRAUGHTING_PRE_DEFINED_CURVE_FONT('continuous');
#10212 = STYLED_ITEM('color',(#10213),#3752);
#10213 = PRESENTATION_STYLE_ASSIGNMENT((#10214,#10219));
#10214 = SURFACE_STYLE_USAGE(.BOTH.,#10215);
#10215 = SURFACE_SIDE_STYLE('',(#10216));
#10216 = SURFACE_STYLE_FILL_AREA(#10217);
#10217 = FILL_AREA_STYLE('',(#10218));
#10218 = FILL_AREA_STYLE_COLOUR('',#9097);
#10219 = CURVE_STYLE('',#10220,POSITIVE_LENGTH_MEASURE(0.1),#9097);
#10220 = DRAUGHTING_PRE_DEFINED_CURVE_FONT('continuous');
#10221 = STYLED_ITEM('color',(#10222),#3783);
#10222 = PRESENTATION_STYLE_ASSIGNMENT((#10223,#10228));
#10223 = SURFACE_STYLE_USAGE(.BOTH.,#10224);
#10224 = SURFACE_SIDE_STYLE('',(#10225));
#10225 = SURFACE_STYLE_FILL_AREA(#10226);
#10226 = FILL_AREA_STYLE('',(#10227));
#10227 = FILL_AREA_STYLE_COLOUR('',#9097);
#10228 = CURVE_STYLE('',#10229,POSITIVE_LENGTH_MEASURE(0.1),#9097);
#10229 = DRAUGHTING_PRE_DEFINED_CURVE_FONT('continuous');
#10230 = OVER_RIDING_STYLED_ITEM('overriding color',(#10231),#3797,
  #10221);
#10231 = PRESENTATION_STYLE_ASSIGNMENT((#10232,#10237));
#10232 = SURFACE_STYLE_USAGE(.BOTH.,#10233);
#10233 = SURFACE_SIDE_STYLE('',(#10234));
#10234 = SURFACE_STYLE_FILL_AREA(#10235);
#10235 = FILL_AREA_STYLE('',(#10236));
#10236 = FILL_AREA_STYLE_COLOUR('',#9264);
#10237 = CURVE_STYLE('',#10238,POSITIVE_LENGTH_MEASURE(0.1),#9264);
#10238 = DRAUGHTING_PRE_DEFINED_CURVE_FONT('continuous');
#10239 = OVER_RIDING_STYLED_ITEM('overriding color',(#10240),#3813,
  #10221);
#10240 = PRESENTATION_STYLE_ASSIGNMENT((#10241,#10246));
#10241 = SURFACE_STYLE_USAGE(.BOTH.,#10242);
#10242 = SURFACE_SIDE_STYLE('',(#10243));
#10243 = SURFACE_STYLE_FILL_AREA(#10244);
#10244 = FILL_AREA_STYLE('',(#10245));
#10245 = FILL_AREA_STYLE_COLOUR('',#9264);
#10246 = CURVE_STYLE('',#10247,POSITIVE_LENGTH_MEASURE(0.1),#9264);
#10247 = DRAUGHTING_PRE_DEFINED_CURVE_FONT('continuous');
#10248 = STYLED_ITEM('color',(#10249),#3839);
#10249 = PRESENTATION_STYLE_ASSIGNMENT((#10250,#10255));
#10250 = SURFACE_STYLE_USAGE(.BOTH.,#10251);
#10251 = SURFACE_SIDE_STYLE('',(#10252));
#10252 = SURFACE_STYLE_FILL_AREA(#10253);
#10253 = FILL_AREA_STYLE('',(#10254));
#10254 = FILL_AREA_STYLE_COLOUR('',#9097);
#10255 = CURVE_STYLE('',#10256,POSITIVE_LENGTH_MEASURE(0.1),#9097);
#10256 = DRAUGHTING_PRE_DEFINED_CURVE_FONT('continuous');
#10257 = STYLED_ITEM('color',(#10258),#3863);
#10258 = PRESENTATION_STYLE_ASSIGNMENT((#10259,#10264));
#10259 = SURFACE_STYLE_USAGE(.BOTH.,#10260);
#10260 = SURFACE_SIDE_STYLE('',(#10261));
#10261 = SURFACE_STYLE_FILL_AREA(#10262);
#10262 = FILL_AREA_STYLE('',(#10263));
#10263 = FILL_AREA_STYLE_COLOUR('',#9097);
#10264 = CURVE_STYLE('',#10265,POSITIVE_LENGTH_MEASURE(0.1),#9097);
#10265 = DRAUGHTING_PRE_DEFINED_CURVE_FONT('continuous');
#10266 = OVER_RIDING_STYLED_ITEM('overriding color',(#10267),#3877,
  #10257);
#10267 = PRESENTATION_STYLE_ASSIGNMENT((#10268,#10273));
#10268 = SURFACE_STYLE_USAGE(.BOTH.,#10269);
#10269 = SURFACE_SIDE_STYLE('',(#10270));
#10270 = SURFACE_STYLE_FILL_AREA(#10271);
#10271 = FILL_AREA_STYLE('',(#10272));
#10272 = FILL_AREA_STYLE_COLOUR('',#9264);
#10273 = CURVE_STYLE('',#10274,POSITIVE_LENGTH_MEASURE(0.1),#9264);
#10274 = DRAUGHTING_PRE_DEFINED_CURVE_FONT('continuous');
#10275 = OVER_RIDING_STYLED_ITEM('overriding color',(#10276),#3893,
  #10257);
#10276 = PRESENTATION_STYLE_ASSIGNMENT((#10277,#10282));
#10277 = SURFACE_STYLE_USAGE(.BOTH.,#10278);
#10278 = SURFACE_SIDE_STYLE('',(#10279));
#10279 = SURFACE_STYLE_FILL_AREA(#10280);
#10280 = FILL_AREA_STYLE('',(#10281));
#10281 = FILL_AREA_STYLE_COLOUR('',#9264);
#10282 = CURVE_STYLE('',#10283,POSITIVE_LENGTH_MEASURE(0.1),#9264);
#10283 = DRAUGHTING_PRE_DEFINED_CURVE_FONT('continuous');
#10284 = STYLED_ITEM('color',(#10285),#3912);
#10285 = PRESENTATION_STYLE_ASSIGNMENT((#10286,#10291));
#10286 = SURFACE_STYLE_USAGE(.BOTH.,#10287);
#10287 = SURFACE_SIDE_STYLE('',(#10288));
#10288 = SURFACE_STYLE_FILL_AREA(#10289);
#10289 = FILL_AREA_STYLE('',(#10290));
#10290 = FILL_AREA_STYLE_COLOUR('',#9097);
#10291 = CURVE_STYLE('',#10292,POSITIVE_LENGTH_MEASURE(0.1),#9097);
#10292 = DRAUGHTING_PRE_DEFINED_CURVE_FONT('continuous');
#10293 = STYLED_ITEM('color',(#10294),#3943);
#10294 = PRESENTATION_STYLE_ASSIGNMENT((#10295,#10300));
#10295 = SURFACE_STYLE_USAGE(.BOTH.,#10296);
#10296 = SURFACE_SIDE_STYLE('',(#10297));
#10297 = SURFACE_STYLE_FILL_AREA(#10298);
#10298 = FILL_AREA_STYLE('',(#10299));
#10299 = FILL_AREA_STYLE_COLOUR('',#9097);
#10300 = CURVE_STYLE('',#10301,POSITIVE_LENGTH_MEASURE(0.1),#9097);
#10301 = DRAUGHTING_PRE_DEFINED_CURVE_FONT('continuous');
#10302 = OVER_RIDING_STYLED_ITEM('overriding color',(#10303),#3957,
  #10293);
#10303 = PRESENTATION_STYLE_ASSIGNMENT((#10304,#10309));
#10304 = SURFACE_STYLE_USAGE(.BOTH.,#10305);
#10305 = SURFACE_SIDE_STYLE('',(#10306));
#10306 = SURFACE_STYLE_FILL_AREA(#10307);
#10307 = FILL_AREA_STYLE('',(#10308));
#10308 = FILL_AREA_STYLE_COLOUR('',#9264);
#10309 = CURVE_STYLE('',#10310,POSITIVE_LENGTH_MEASURE(0.1),#9264);
#10310 = DRAUGHTING_PRE_DEFINED_CURVE_FONT('continuous');
#10311 = OVER_RIDING_STYLED_ITEM('overriding color',(#10312),#3973,
  #10293);
#10312 = PRESENTATION_STYLE_ASSIGNMENT((#10313,#10318));
#10313 = SURFACE_STYLE_USAGE(.BOTH.,#10314);
#10314 = SURFACE_SIDE_STYLE('',(#10315));
#10315 = SURFACE_STYLE_FILL_AREA(#10316);
#10316 = FILL_AREA_STYLE('',(#10317));
#10317 = FILL_AREA_STYLE_COLOUR('',#9264);
#10318 = CURVE_STYLE('',#10319,POSITIVE_LENGTH_MEASURE(0.1),#9264);
#10319 = DRAUGHTING_PRE_DEFINED_CURVE_FONT('continuous');
#10320 = STYLED_ITEM('color',(#10321),#3999);
#10321 = PRESENTATION_STYLE_ASSIGNMENT((#10322,#10327));
#10322 = SURFACE_STYLE_USAGE(.BOTH.,#10323);
#10323 = SURFACE_SIDE_STYLE('',(#10324));
#10324 = SURFACE_STYLE_FILL_AREA(#10325);
#10325 = FILL_AREA_STYLE('',(#10326));
#10326 = FILL_AREA_STYLE_COLOUR('',#9097);
#10327 = CURVE_STYLE('',#10328,POSITIVE_LENGTH_MEASURE(0.1),#9097);
#10328 = DRAUGHTING_PRE_DEFINED_CURVE_FONT('continuous');
#10329 = STYLED_ITEM('color',(#10330),#4023);
#10330 = PRESENTATION_STYLE_ASSIGNMENT((#10331,#10336));
#10331 = SURFACE_STYLE_USAGE(.BOTH.,#10332);
#10332 = SURFACE_SIDE_STYLE('',(#10333));
#10333 = SURFACE_STYLE_FILL_AREA(#10334);
#10334 = FILL_AREA_STYLE('',(#10335));
#10335 = FILL_AREA_STYLE_COLOUR('',#9097);
#10336 = CURVE_STYLE('',#10337,POSITIVE_LENGTH_MEASURE(0.1),#9097);
#10337 = DRAUGHTING_PRE_DEFINED_CURVE_FONT('continuous');
#10338 = OVER_RIDING_STYLED_ITEM('overriding color',(#10339),#4037,
  #10329);
#10339 = PRESENTATION_STYLE_ASSIGNMENT((#10340,#10345));
#10340 = SURFACE_STYLE_USAGE(.BOTH.,#10341);
#10341 = SURFACE_SIDE_STYLE('',(#10342));
#10342 = SURFACE_STYLE_FILL_AREA(#10343);
#10343 = FILL_AREA_STYLE('',(#10344));
#10344 = FILL_AREA_STYLE_COLOUR('',#9264);
#10345 = CURVE_STYLE('',#10346,POSITIVE_LENGTH_MEASURE(0.1),#9264);
#10346 = DRAUGHTING_PRE_DEFINED_CURVE_FONT('continuous');
#10347 = OVER_RIDING_STYLED_ITEM('overriding color',(#10348),#4053,
  #10329);
#10348 = PRESENTATION_STYLE_ASSIGNMENT((#10349,#10354));
#10349 = SURFACE_STYLE_USAGE(.BOTH.,#10350);
#10350 = SURFACE_SIDE_STYLE('',(#10351));
#10351 = SURFACE_STYLE_FILL_AREA(#10352);
#10352 = FILL_AREA_STYLE('',(#10353));
#10353 = FILL_AREA_STYLE_COLOUR('',#9264);
#10354 = CURVE_STYLE('',#10355,POSITIVE_LENGTH_MEASURE(0.1),#9264);
#10355 = DRAUGHTING_PRE_DEFINED_CURVE_FONT('continuous');
#10356 = STYLED_ITEM('color',(#10357),#4072);
#10357 = PRESENTATION_STYLE_ASSIGNMENT((#10358,#10363));
#10358 = SURFACE_STYLE_USAGE(.BOTH.,#10359);
#10359 = SURFACE_SIDE_STYLE('',(#10360));
#10360 = SURFACE_STYLE_FILL_AREA(#10361);
#10361 = FILL_AREA_STYLE('',(#10362));
#10362 = FILL_AREA_STYLE_COLOUR('',#9097);
#10363 = CURVE_STYLE('',#10364,POSITIVE_LENGTH_MEASURE(0.1),#9097);
#10364 = DRAUGHTING_PRE_DEFINED_CURVE_FONT('continuous');
#10365 = STYLED_ITEM('color',(#10366),#4103);
#10366 = PRESENTATION_STYLE_ASSIGNMENT((#10367,#10372));
#10367 = SURFACE_STYLE_USAGE(.BOTH.,#10368);
#10368 = SURFACE_SIDE_STYLE('',(#10369));
#10369 = SURFACE_STYLE_FILL_AREA(#10370);
#10370 = FILL_AREA_STYLE('',(#10371));
#10371 = FILL_AREA_STYLE_COLOUR('',#9097);
#10372 = CURVE_STYLE('',#10373,POSITIVE_LENGTH_MEASURE(0.1),#9097);
#10373 = DRAUGHTING_PRE_DEFINED_CURVE_FONT('continuous');
#10374 = OVER_RIDING_STYLED_ITEM('overriding color',(#10375),#4117,
  #10365);
#10375 = PRESENTATION_STYLE_ASSIGNMENT((#10376,#10381));
#10376 = SURFACE_STYLE_USAGE(.BOTH.,#10377);
#10377 = SURFACE_SIDE_STYLE('',(#10378));
#10378 = SURFACE_STYLE_FILL_AREA(#10379);
#10379 = FILL_AREA_STYLE('',(#10380));
#10380 = FILL_AREA_STYLE_COLOUR('',#9264);
#10381 = CURVE_STYLE('',#10382,POSITIVE_LENGTH_MEASURE(0.1),#9264);
#10382 = DRAUGHTING_PRE_DEFINED_CURVE_FONT('continuous');
#10383 = OVER_RIDING_STYLED_ITEM('overriding color',(#10384),#4133,
  #10365);
#10384 = PRESENTATION_STYLE_ASSIGNMENT((#10385,#10390));
#10385 = SURFACE_STYLE_USAGE(.BOTH.,#10386);
#10386 = SURFACE_SIDE_STYLE('',(#10387));
#10387 = SURFACE_STYLE_FILL_AREA(#10388);
#10388 = FILL_AREA_STYLE('',(#10389));
#10389 = FILL_AREA_STYLE_COLOUR('',#9264);
#10390 = CURVE_STYLE('',#10391,POSITIVE_LENGTH_MEASURE(0.1),#9264);
#10391 = DRAUGHTING_PRE_DEFINED_CURVE_FONT('continuous');
#10392 = STYLED_ITEM('color',(#10393),#4159);
#10393 = PRESENTATION_STYLE_ASSIGNMENT((#10394,#10399));
#10394 = SURFACE_STYLE_USAGE(.BOTH.,#10395);
#10395 = SURFACE_SIDE_STYLE('',(#10396));
#10396 = SURFACE_STYLE_FILL_AREA(#10397);
#10397 = FILL_AREA_STYLE('',(#10398));
#10398 = FILL_AREA_STYLE_COLOUR('',#9097);
#10399 = CURVE_STYLE('',#10400,POSITIVE_LENGTH_MEASURE(0.1),#9097);
#10400 = DRAUGHTING_PRE_DEFINED_CURVE_FONT('continuous');
#10401 = STYLED_ITEM('color',(#10402),#4183);
#10402 = PRESENTATION_STYLE_ASSIGNMENT((#10403,#10408));
#10403 = SURFACE_STYLE_USAGE(.BOTH.,#10404);
#10404 = SURFACE_SIDE_STYLE('',(#10405));
#10405 = SURFACE_STYLE_FILL_AREA(#10406);
#10406 = FILL_AREA_STYLE('',(#10407));
#10407 = FILL_AREA_STYLE_COLOUR('',#9097);
#10408 = CURVE_STYLE('',#10409,POSITIVE_LENGTH_MEASURE(0.1),#9097);
#10409 = DRAUGHTING_PRE_DEFINED_CURVE_FONT('continuous');
#10410 = OVER_RIDING_STYLED_ITEM('overriding color',(#10411),#4197,
  #10401);
#10411 = PRESENTATION_STYLE_ASSIGNMENT((#10412,#10417));
#10412 = SURFACE_STYLE_USAGE(.BOTH.,#10413);
#10413 = SURFACE_SIDE_STYLE('',(#10414));
#10414 = SURFACE_STYLE_FILL_AREA(#10415);
#10415 = FILL_AREA_STYLE('',(#10416));
#10416 = FILL_AREA_STYLE_COLOUR('',#9264);
#10417 = CURVE_STYLE('',#10418,POSITIVE_LENGTH_MEASURE(0.1),#9264);
#10418 = DRAUGHTING_PRE_DEFINED_CURVE_FONT('continuous');
#10419 = OVER_RIDING_STYLED_ITEM('overriding color',(#10420),#4213,
  #10401);
#10420 = PRESENTATION_STYLE_ASSIGNMENT((#10421,#10426));
#10421 = SURFACE_STYLE_USAGE(.BOTH.,#10422);
#10422 = SURFACE_SIDE_STYLE('',(#10423));
#10423 = SURFACE_STYLE_FILL_AREA(#10424);
#10424 = FILL_AREA_STYLE('',(#10425));
#10425 = FILL_AREA_STYLE_COLOUR('',#9264);
#10426 = CURVE_STYLE('',#10427,POSITIVE_LENGTH_MEASURE(0.1),#9264);
#10427 = DRAUGHTING_PRE_DEFINED_CURVE_FONT('continuous');
#10428 = STYLED_ITEM('color',(#10429),#4232);
#10429 = PRESENTATION_STYLE_ASSIGNMENT((#10430,#10435));
#10430 = SURFACE_STYLE_USAGE(.BOTH.,#10431);
#10431 = SURFACE_SIDE_STYLE('',(#10432));
#10432 = SURFACE_STYLE_FILL_AREA(#10433);
#10433 = FILL_AREA_STYLE('',(#10434));
#10434 = FILL_AREA_STYLE_COLOUR('',#9097);
#10435 = CURVE_STYLE('',#10436,POSITIVE_LENGTH_MEASURE(0.1),#9097);
#10436 = DRAUGHTING_PRE_DEFINED_CURVE_FONT('continuous');
#10437 = STYLED_ITEM('color',(#10438),#4263);
#10438 = PRESENTATION_STYLE_ASSIGNMENT((#10439,#10444));
#10439 = SURFACE_STYLE_USAGE(.BOTH.,#10440);
#10440 = SURFACE_SIDE_STYLE('',(#10441));
#10441 = SURFACE_STYLE_FILL_AREA(#10442);
#10442 = FILL_AREA_STYLE('',(#10443));
#10443 = FILL_AREA_STYLE_COLOUR('',#9097);
#10444 = CURVE_STYLE('',#10445,POSITIVE_LENGTH_MEASURE(0.1),#9097);
#10445 = DRAUGHTING_PRE_DEFINED_CURVE_FONT('continuous');
#10446 = OVER_RIDING_STYLED_ITEM('overriding color',(#10447),#4277,
  #10437);
#10447 = PRESENTATION_STYLE_ASSIGNMENT((#10448,#10453));
#10448 = SURFACE_STYLE_USAGE(.BOTH.,#10449);
#10449 = SURFACE_SIDE_STYLE('',(#10450));
#10450 = SURFACE_STYLE_FILL_AREA(#10451);
#10451 = FILL_AREA_STYLE('',(#10452));
#10452 = FILL_AREA_STYLE_COLOUR('',#9264);
#10453 = CURVE_STYLE('',#10454,POSITIVE_LENGTH_MEASURE(0.1),#9264);
#10454 = DRAUGHTING_PRE_DEFINED_CURVE_FONT('continuous');
#10455 = OVER_RIDING_STYLED_ITEM('overriding color',(#10456),#4293,
  #10437);
#10456 = PRESENTATION_STYLE_ASSIGNMENT((#10457,#10462));
#10457 = SURFACE_STYLE_USAGE(.BOTH.,#10458);
#10458 = SURFACE_SIDE_STYLE('',(#10459));
#10459 = SURFACE_STYLE_FILL_AREA(#10460);
#10460 = FILL_AREA_STYLE('',(#10461));
#10461 = FILL_AREA_STYLE_COLOUR('',#9264);
#10462 = CURVE_STYLE('',#10463,POSITIVE_LENGTH_MEASURE(0.1),#9264);
#10463 = DRAUGHTING_PRE_DEFINED_CURVE_FONT('continuous');
#10464 = STYLED_ITEM('color',(#10465),#4319);
#10465 = PRESENTATION_STYLE_ASSIGNMENT((#10466,#10471));
#10466 = SURFACE_STYLE_USAGE(.BOTH.,#10467);
#10467 = SURFACE_SIDE_STYLE('',(#10468));
#10468 = SURFACE_STYLE_FILL_AREA(#10469);
#10469 = FILL_AREA_STYLE('',(#10470));
#10470 = FILL_AREA_STYLE_COLOUR('',#9097);
#10471 = CURVE_STYLE('',#10472,POSITIVE_LENGTH_MEASURE(0.1),#9097);
#10472 = DRAUGHTING_PRE_DEFINED_CURVE_FONT('continuous');
#10473 = STYLED_ITEM('color',(#10474),#4343);
#10474 = PRESENTATION_STYLE_ASSIGNMENT((#10475,#10480));
#10475 = SURFACE_STYLE_USAGE(.BOTH.,#10476);
#10476 = SURFACE_SIDE_STYLE('',(#10477));
#10477 = SURFACE_STYLE_FILL_AREA(#10478);
#10478 = FILL_AREA_STYLE('',(#10479));
#10479 = FILL_AREA_STYLE_COLOUR('',#9097);
#10480 = CURVE_STYLE('',#10481,POSITIVE_LENGTH_MEASURE(0.1),#9097);
#10481 = DRAUGHTING_PRE_DEFINED_CURVE_FONT('continuous');
#10482 = OVER_RIDING_STYLED_ITEM('overriding color',(#10483),#4357,
  #10473);
#10483 = PRESENTATION_STYLE_ASSIGNMENT((#10484,#10489));
#10484 = SURFACE_STYLE_USAGE(.BOTH.,#10485);
#10485 = SURFACE_SIDE_STYLE('',(#10486));
#10486 = SURFACE_STYLE_FILL_AREA(#10487);
#10487 = FILL_AREA_STYLE('',(#10488));
#10488 = FILL_AREA_STYLE_COLOUR('',#9264);
#10489 = CURVE_STYLE('',#10490,POSITIVE_LENGTH_MEASURE(0.1),#9264);
#10490 = DRAUGHTING_PRE_DEFINED_CURVE_FONT('continuous');
#10491 = OVER_RIDING_STYLED_ITEM('overriding color',(#10492),#4373,
  #10473);
#10492 = PRESENTATION_STYLE_ASSIGNMENT((#10493,#10498));
#10493 = SURFACE_STYLE_USAGE(.BOTH.,#10494);
#10494 = SURFACE_SIDE_STYLE('',(#10495));
#10495 = SURFACE_STYLE_FILL_AREA(#10496);
#10496 = FILL_AREA_STYLE('',(#10497));
#10497 = FILL_AREA_STYLE_COLOUR('',#9264);
#10498 = CURVE_STYLE('',#10499,POSITIVE_LENGTH_MEASURE(0.1),#9264);
#10499 = DRAUGHTING_PRE_DEFINED_CURVE_FONT('continuous');
#10500 = STYLED_ITEM('color',(#10501),#4392);
#10501 = PRESENTATION_STYLE_ASSIGNMENT((#10502,#10507));
#10502 = SURFACE_STYLE_USAGE(.BOTH.,#10503);
#10503 = SURFACE_SIDE_STYLE('',(#10504));
#10504 = SURFACE_STYLE_FILL_AREA(#10505);
#10505 = FILL_AREA_STYLE('',(#10506));
#10506 = FILL_AREA_STYLE_COLOUR('',#9097);
#10507 = CURVE_STYLE('',#10508,POSITIVE_LENGTH_MEASURE(0.1),#9097);
#10508 = DRAUGHTING_PRE_DEFINED_CURVE_FONT('continuous');
#10509 = STYLED_ITEM('color',(#10510),#4423);
#10510 = PRESENTATION_STYLE_ASSIGNMENT((#10511,#10516));
#10511 = SURFACE_STYLE_USAGE(.BOTH.,#10512);
#10512 = SURFACE_SIDE_STYLE('',(#10513));
#10513 = SURFACE_STYLE_FILL_AREA(#10514);
#10514 = FILL_AREA_STYLE('',(#10515));
#10515 = FILL_AREA_STYLE_COLOUR('',#9097);
#10516 = CURVE_STYLE('',#10517,POSITIVE_LENGTH_MEASURE(0.1),#9097);
#10517 = DRAUGHTING_PRE_DEFINED_CURVE_FONT('continuous');
#10518 = OVER_RIDING_STYLED_ITEM('overriding color',(#10519),#4437,
  #10509);
#10519 = PRESENTATION_STYLE_ASSIGNMENT((#10520,#10525));
#10520 = SURFACE_STYLE_USAGE(.BOTH.,#10521);
#10521 = SURFACE_SIDE_STYLE('',(#10522));
#10522 = SURFACE_STYLE_FILL_AREA(#10523);
#10523 = FILL_AREA_STYLE('',(#10524));
#10524 = FILL_AREA_STYLE_COLOUR('',#9264);
#10525 = CURVE_STYLE('',#10526,POSITIVE_LENGTH_MEASURE(0.1),#9264);
#10526 = DRAUGHTING_PRE_DEFINED_CURVE_FONT('continuous');
#10527 = OVER_RIDING_STYLED_ITEM('overriding color',(#10528),#4453,
  #10509);
#10528 = PRESENTATION_STYLE_ASSIGNMENT((#10529,#10534));
#10529 = SURFACE_STYLE_USAGE(.BOTH.,#10530);
#10530 = SURFACE_SIDE_STYLE('',(#10531));
#10531 = SURFACE_STYLE_FILL_AREA(#10532);
#10532 = FILL_AREA_STYLE('',(#10533));
#10533 = FILL_AREA_STYLE_COLOUR('',#9264);
#10534 = CURVE_STYLE('',#10535,POSITIVE_LENGTH_MEASURE(0.1),#9264);
#10535 = DRAUGHTING_PRE_DEFINED_CURVE_FONT('continuous');
#10536 = STYLED_ITEM('color',(#10537),#4479);
#10537 = PRESENTATION_STYLE_ASSIGNMENT((#10538,#10543));
#10538 = SURFACE_STYLE_USAGE(.BOTH.,#10539);
#10539 = SURFACE_SIDE_STYLE('',(#10540));
#10540 = SURFACE_STYLE_FILL_AREA(#10541);
#10541 = FILL_AREA_STYLE('',(#10542));
#10542 = FILL_AREA_STYLE_COLOUR('',#9097);
#10543 = CURVE_STYLE('',#10544,POSITIVE_LENGTH_MEASURE(0.1),#9097);
#10544 = DRAUGHTING_PRE_DEFINED_CURVE_FONT('continuous');
#10545 = STYLED_ITEM('color',(#10546),#4503);
#10546 = PRESENTATION_STYLE_ASSIGNMENT((#10547,#10552));
#10547 = SURFACE_STYLE_USAGE(.BOTH.,#10548);
#10548 = SURFACE_SIDE_STYLE('',(#10549));
#10549 = SURFACE_STYLE_FILL_AREA(#10550);
#10550 = FILL_AREA_STYLE('',(#10551));
#10551 = FILL_AREA_STYLE_COLOUR('',#9097);
#10552 = CURVE_STYLE('',#10553,POSITIVE_LENGTH_MEASURE(0.1),#9097);
#10553 = DRAUGHTING_PRE_DEFINED_CURVE_FONT('continuous');
#10554 = OVER_RIDING_STYLED_ITEM('overriding color',(#10555),#4517,
  #10545);
#10555 = PRESENTATION_STYLE_ASSIGNMENT((#10556,#10561));
#10556 = SURFACE_STYLE_USAGE(.BOTH.,#10557);
#10557 = SURFACE_SIDE_STYLE('',(#10558));
#10558 = SURFACE_STYLE_FILL_AREA(#10559);
#10559 = FILL_AREA_STYLE('',(#10560));
#10560 = FILL_AREA_STYLE_COLOUR('',#9264);
#10561 = CURVE_STYLE('',#10562,POSITIVE_LENGTH_MEASURE(0.1),#9264);
#10562 = DRAUGHTING_PRE_DEFINED_CURVE_FONT('continuous');
#10563 = OVER_RIDING_STYLED_ITEM('overriding color',(#10564),#4533,
  #10545);
#10564 = PRESENTATION_STYLE_ASSIGNMENT((#10565,#10570));
#10565 = SURFACE_STYLE_USAGE(.BOTH.,#10566);
#10566 = SURFACE_SIDE_STYLE('',(#10567));
#10567 = SURFACE_STYLE_FILL_AREA(#10568);
#10568 = FILL_AREA_STYLE('',(#10569));
#10569 = FILL_AREA_STYLE_COLOUR('',#9264);
#10570 = CURVE_STYLE('',#10571,POSITIVE_LENGTH_MEASURE(0.1),#9264);
#10571 = DRAUGHTING_PRE_DEFINED_CURVE_FONT('continuous');
#10572 = STYLED_ITEM('color',(#10573),#4552);
#10573 = PRESENTATION_STYLE_ASSIGNMENT((#10574,#10579));
#10574 = SURFACE_STYLE_USAGE(.BOTH.,#10575);
#10575 = SURFACE_SIDE_STYLE('',(#10576));
#10576 = SURFACE_STYLE_FILL_AREA(#10577);
#10577 = FILL_AREA_STYLE('',(#10578));
#10578 = FILL_AREA_STYLE_COLOUR('',#9264);
#10579 = CURVE_STYLE('',#10580,POSITIVE_LENGTH_MEASURE(0.1),#9264);
#10580 = DRAUGHTING_PRE_DEFINED_CURVE_FONT('continuous');
#10581 = STYLED_ITEM('color',(#10582),#4569);
#10582 = PRESENTATION_STYLE_ASSIGNMENT((#10583,#10588));
#10583 = SURFACE_STYLE_USAGE(.BOTH.,#10584);
#10584 = SURFACE_SIDE_STYLE('',(#10585));
#10585 = SURFACE_STYLE_FILL_AREA(#10586);
#10586 = FILL_AREA_STYLE('',(#10587));
#10587 = FILL_AREA_STYLE_COLOUR('',#9264);
#10588 = CURVE_STYLE('',#10589,POSITIVE_LENGTH_MEASURE(0.1),#9264);
#10589 = DRAUGHTING_PRE_DEFINED_CURVE_FONT('continuous');
#10590 = STYLED_ITEM('color',(#10591),#4586);
#10591 = PRESENTATION_STYLE_ASSIGNMENT((#10592,#10597));
#10592 = SURFACE_STYLE_USAGE(.BOTH.,#10593);
#10593 = SURFACE_SIDE_STYLE('',(#10594));
#10594 = SURFACE_STYLE_FILL_AREA(#10595);
#10595 = FILL_AREA_STYLE('',(#10596));
#10596 = FILL_AREA_STYLE_COLOUR('',#9264);
#10597 = CURVE_STYLE('',#10598,POSITIVE_LENGTH_MEASURE(0.1),#9264);
#10598 = DRAUGHTING_PRE_DEFINED_CURVE_FONT('continuous');
#10599 = STYLED_ITEM('color',(#10600),#4603);
#10600 = PRESENTATION_STYLE_ASSIGNMENT((#10601,#10606));
#10601 = SURFACE_STYLE_USAGE(.BOTH.,#10602);
#10602 = SURFACE_SIDE_STYLE('',(#10603));
#10603 = SURFACE_STYLE_FILL_AREA(#10604);
#10604 = FILL_AREA_STYLE('',(#10605));
#10605 = FILL_AREA_STYLE_COLOUR('',#9264);
#10606 = CURVE_STYLE('',#10607,POSITIVE_LENGTH_MEASURE(0.1),#9264);
#10607 = DRAUGHTING_PRE_DEFINED_CURVE_FONT('continuous');
#10608 = STYLED_ITEM('color',(#10609),#4620);
#10609 = PRESENTATION_STYLE_ASSIGNMENT((#10610,#10615));
#10610 = SURFACE_STYLE_USAGE(.BOTH.,#10611);
#10611 = SURFACE_SIDE_STYLE('',(#10612));
#10612 = SURFACE_STYLE_FILL_AREA(#10613);
#10613 = FILL_AREA_STYLE('',(#10614));
#10614 = FILL_AREA_STYLE_COLOUR('',#9264);
#10615 = CURVE_STYLE('',#10616,POSITIVE_LENGTH_MEASURE(0.1),#9264);
#10616 = DRAUGHTING_PRE_DEFINED_CURVE_FONT('continuous');
#10617 = STYLED_ITEM('color',(#10618),#4632);
#10618 = PRESENTATION_STYLE_ASSIGNMENT((#10619,#10624));
#10619 = SURFACE_STYLE_USAGE(.BOTH.,#10620);
#10620 = SURFACE_SIDE_STYLE('',(#10621));
#10621 = SURFACE_STYLE_FILL_AREA(#10622);
#10622 = FILL_AREA_STYLE('',(#10623));
#10623 = FILL_AREA_STYLE_COLOUR('',#9264);
#10624 = CURVE_STYLE('',#10625,POSITIVE_LENGTH_MEASURE(0.1),#9264);
#10625 = DRAUGHTING_PRE_DEFINED_CURVE_FONT('continuous');
#10626 = STYLED_ITEM('color',(#10627),#4649);
#10627 = PRESENTATION_STYLE_ASSIGNMENT((#10628,#10633));
#10628 = SURFACE_STYLE_USAGE(.BOTH.,#10629);
#10629 = SURFACE_SIDE_STYLE('',(#10630));
#10630 = SURFACE_STYLE_FILL_AREA(#10631);
#10631 = FILL_AREA_STYLE('',(#10632));
#10632 = FILL_AREA_STYLE_COLOUR('',#9264);
#10633 = CURVE_STYLE('',#10634,POSITIVE_LENGTH_MEASURE(0.1),#9264);
#10634 = DRAUGHTING_PRE_DEFINED_CURVE_FONT('continuous');
#10635 = STYLED_ITEM('color',(#10636),#4666);
#10636 = PRESENTATION_STYLE_ASSIGNMENT((#10637,#10642));
#10637 = SURFACE_STYLE_USAGE(.BOTH.,#10638);
#10638 = SURFACE_SIDE_STYLE('',(#10639));
#10639 = SURFACE_STYLE_FILL_AREA(#10640);
#10640 = FILL_AREA_STYLE('',(#10641));
#10641 = FILL_AREA_STYLE_COLOUR('',#9264);
#10642 = CURVE_STYLE('',#10643,POSITIVE_LENGTH_MEASURE(0.1),#9264);
#10643 = DRAUGHTING_PRE_DEFINED_CURVE_FONT('continuous');
#10644 = STYLED_ITEM('color',(#10645),#4683);
#10645 = PRESENTATION_STYLE_ASSIGNMENT((#10646,#10651));
#10646 = SURFACE_STYLE_USAGE(.BOTH.,#10647);
#10647 = SURFACE_SIDE_STYLE('',(#10648));
#10648 = SURFACE_STYLE_FILL_AREA(#10649);
#10649 = FILL_AREA_STYLE('',(#10650));
#10650 = FILL_AREA_STYLE_COLOUR('',#9264);
#10651 = CURVE_STYLE('',#10652,POSITIVE_LENGTH_MEASURE(0.1),#9264);
#10652 = DRAUGHTING_PRE_DEFINED_CURVE_FONT('continuous');
#10653 = STYLED_ITEM('color',(#10654),#4700);
#10654 = PRESENTATION_STYLE_ASSIGNMENT((#10655,#10660));
#10655 = SURFACE_STYLE_USAGE(.BOTH.,#10656);
#10656 = SURFACE_SIDE_STYLE('',(#10657));
#10657 = SURFACE_STYLE_FILL_AREA(#10658);
#10658 = FILL_AREA_STYLE('',(#10659));
#10659 = FILL_AREA_STYLE_COLOUR('',#9264);
#10660 = CURVE_STYLE('',#10661,POSITIVE_LENGTH_MEASURE(0.1),#9264);
#10661 = DRAUGHTING_PRE_DEFINED_CURVE_FONT('continuous');
#10662 = STYLED_ITEM('color',(#10663),#4712);
#10663 = PRESENTATION_STYLE_ASSIGNMENT((#10664,#10669));
#10664 = SURFACE_STYLE_USAGE(.BOTH.,#10665);
#10665 = SURFACE_SIDE_STYLE('',(#10666));
#10666 = SURFACE_STYLE_FILL_AREA(#10667);
#10667 = FILL_AREA_STYLE('',(#10668));
#10668 = FILL_AREA_STYLE_COLOUR('',#9264);
#10669 = CURVE_STYLE('',#10670,POSITIVE_LENGTH_MEASURE(0.1),#9264);
#10670 = DRAUGHTING_PRE_DEFINED_CURVE_FONT('continuous');
#10671 = STYLED_ITEM('color',(#10672),#4729);
#10672 = PRESENTATION_STYLE_ASSIGNMENT((#10673,#10678));
#10673 = SURFACE_STYLE_USAGE(.BOTH.,#10674);
#10674 = SURFACE_SIDE_STYLE('',(#10675));
#10675 = SURFACE_STYLE_FILL_AREA(#10676);
#10676 = FILL_AREA_STYLE('',(#10677));
#10677 = FILL_AREA_STYLE_COLOUR('',#9264);
#10678 = CURVE_STYLE('',#10679,POSITIVE_LENGTH_MEASURE(0.1),#9264);
#10679 = DRAUGHTING_PRE_DEFINED_CURVE_FONT('continuous');
#10680 = STYLED_ITEM('color',(#10681),#4746);
#10681 = PRESENTATION_STYLE_ASSIGNMENT((#10682,#10687));
#10682 = SURFACE_STYLE_USAGE(.BOTH.,#10683);
#10683 = SURFACE_SIDE_STYLE('',(#10684));
#10684 = SURFACE_STYLE_FILL_AREA(#10685);
#10685 = FILL_AREA_STYLE('',(#10686));
#10686 = FILL_AREA_STYLE_COLOUR('',#9264);
#10687 = CURVE_STYLE('',#10688,POSITIVE_LENGTH_MEASURE(0.1),#9264);
#10688 = DRAUGHTING_PRE_DEFINED_CURVE_FONT('continuous');
#10689 = STYLED_ITEM('color',(#10690),#4763);
#10690 = PRESENTATION_STYLE_ASSIGNMENT((#10691,#10696));
#10691 = SURFACE_STYLE_USAGE(.BOTH.,#10692);
#10692 = SURFACE_SIDE_STYLE('',(#10693));
#10693 = SURFACE_STYLE_FILL_AREA(#10694);
#10694 = FILL_AREA_STYLE('',(#10695));
#10695 = FILL_AREA_STYLE_COLOUR('',#9264);
#10696 = CURVE_STYLE('',#10697,POSITIVE_LENGTH_MEASURE(0.1),#9264);
#10697 = DRAUGHTING_PRE_DEFINED_CURVE_FONT('continuous');
#10698 = STYLED_ITEM('color',(#10699),#4780);
#10699 = PRESENTATION_STYLE_ASSIGNMENT((#10700,#10705));
#10700 = SURFACE_STYLE_USAGE(.BOTH.,#10701);
#10701 = SURFACE_SIDE_STYLE('',(#10702));
#10702 = SURFACE_STYLE_FILL_AREA(#10703);
#10703 = FILL_AREA_STYLE('',(#10704));
#10704 = FILL_AREA_STYLE_COLOUR('',#9264);
#10705 = CURVE_STYLE('',#10706,POSITIVE_LENGTH_MEASURE(0.1),#9264);
#10706 = DRAUGHTING_PRE_DEFINED_CURVE_FONT('continuous');
#10707 = STYLED_ITEM('color',(#10708),#4792);
#10708 = PRESENTATION_STYLE_ASSIGNMENT((#10709,#10714));
#10709 = SURFACE_STYLE_USAGE(.BOTH.,#10710);
#10710 = SURFACE_SIDE_STYLE('',(#10711));
#10711 = SURFACE_STYLE_FILL_AREA(#10712);
#10712 = FILL_AREA_STYLE('',(#10713));
#10713 = FILL_AREA_STYLE_COLOUR('',#9264);
#10714 = CURVE_STYLE('',#10715,POSITIVE_LENGTH_MEASURE(0.1),#9264);
#10715 = DRAUGHTING_PRE_DEFINED_CURVE_FONT('continuous');
#10716 = STYLED_ITEM('color',(#10717),#4809);
#10717 = PRESENTATION_STYLE_ASSIGNMENT((#10718,#10723));
#10718 = SURFACE_STYLE_USAGE(.BOTH.,#10719);
#10719 = SURFACE_SIDE_STYLE('',(#10720));
#10720 = SURFACE_STYLE_FILL_AREA(#10721);
#10721 = FILL_AREA_STYLE('',(#10722));
#10722 = FILL_AREA_STYLE_COLOUR('',#9264);
#10723 = CURVE_STYLE('',#10724,POSITIVE_LENGTH_MEASURE(0.1),#9264);
#10724 = DRAUGHTING_PRE_DEFINED_CURVE_FONT('continuous');
#10725 = STYLED_ITEM('color',(#10726),#4826);
#10726 = PRESENTATION_STYLE_ASSIGNMENT((#10727,#10732));
#10727 = SURFACE_STYLE_USAGE(.BOTH.,#10728);
#10728 = SURFACE_SIDE_STYLE('',(#10729));
#10729 = SURFACE_STYLE_FILL_AREA(#10730);
#10730 = FILL_AREA_STYLE('',(#10731));
#10731 = FILL_AREA_STYLE_COLOUR('',#9264);
#10732 = CURVE_STYLE('',#10733,POSITIVE_LENGTH_MEASURE(0.1),#9264);
#10733 = DRAUGHTING_PRE_DEFINED_CURVE_FONT('continuous');
#10734 = STYLED_ITEM('color',(#10735),#4843);
#10735 = PRESENTATION_STYLE_ASSIGNMENT((#10736,#10741));
#10736 = SURFACE_STYLE_USAGE(.BOTH.,#10737);
#10737 = SURFACE_SIDE_STYLE('',(#10738));
#10738 = SURFACE_STYLE_FILL_AREA(#10739);
#10739 = FILL_AREA_STYLE('',(#10740));
#10740 = FILL_AREA_STYLE_COLOUR('',#9264);
#10741 = CURVE_STYLE('',#10742,POSITIVE_LENGTH_MEASURE(0.1),#9264);
#10742 = DRAUGHTING_PRE_DEFINED_CURVE_FONT('continuous');
#10743 = STYLED_ITEM('color',(#10744),#4860);
#10744 = PRESENTATION_STYLE_ASSIGNMENT((#10745,#10750));
#10745 = SURFACE_STYLE_USAGE(.BOTH.,#10746);
#10746 = SURFACE_SIDE_STYLE('',(#10747));
#10747 = SURFACE_STYLE_FILL_AREA(#10748);
#10748 = FILL_AREA_STYLE('',(#10749));
#10749 = FILL_AREA_STYLE_COLOUR('',#9264);
#10750 = CURVE_STYLE('',#10751,POSITIVE_LENGTH_MEASURE(0.1),#9264);
#10751 = DRAUGHTING_PRE_DEFINED_CURVE_FONT('continuous');
#10752 = STYLED_ITEM('color',(#10753),#4872);
#10753 = PRESENTATION_STYLE_ASSIGNMENT((#10754,#10759));
#10754 = SURFACE_STYLE_USAGE(.BOTH.,#10755);
#10755 = SURFACE_SIDE_STYLE('',(#10756));
#10756 = SURFACE_STYLE_FILL_AREA(#10757);
#10757 = FILL_AREA_STYLE('',(#10758));
#10758 = FILL_AREA_STYLE_COLOUR('',#9264);
#10759 = CURVE_STYLE('',#10760,POSITIVE_LENGTH_MEASURE(0.1),#9264);
#10760 = DRAUGHTING_PRE_DEFINED_CURVE_FONT('continuous');
#10761 = STYLED_ITEM('color',(#10762),#4889);
#10762 = PRESENTATION_STYLE_ASSIGNMENT((#10763,#10768));
#10763 = SURFACE_STYLE_USAGE(.BOTH.,#10764);
#10764 = SURFACE_SIDE_STYLE('',(#10765));
#10765 = SURFACE_STYLE_FILL_AREA(#10766);
#10766 = FILL_AREA_STYLE('',(#10767));
#10767 = FILL_AREA_STYLE_COLOUR('',#9264);
#10768 = CURVE_STYLE('',#10769,POSITIVE_LENGTH_MEASURE(0.1),#9264);
#10769 = DRAUGHTING_PRE_DEFINED_CURVE_FONT('continuous');
#10770 = STYLED_ITEM('color',(#10771),#4906);
#10771 = PRESENTATION_STYLE_ASSIGNMENT((#10772,#10777));
#10772 = SURFACE_STYLE_USAGE(.BOTH.,#10773);
#10773 = SURFACE_SIDE_STYLE('',(#10774));
#10774 = SURFACE_STYLE_FILL_AREA(#10775);
#10775 = FILL_AREA_STYLE('',(#10776));
#10776 = FILL_AREA_STYLE_COLOUR('',#9264);
#10777 = CURVE_STYLE('',#10778,POSITIVE_LENGTH_MEASURE(0.1),#9264);
#10778 = DRAUGHTING_PRE_DEFINED_CURVE_FONT('continuous');
#10779 = STYLED_ITEM('color',(#10780),#4923);
#10780 = PRESENTATION_STYLE_ASSIGNMENT((#10781,#10786));
#10781 = SURFACE_STYLE_USAGE(.BOTH.,#10782);
#10782 = SURFACE_SIDE_STYLE('',(#10783));
#10783 = SURFACE_STYLE_FILL_AREA(#10784);
#10784 = FILL_AREA_STYLE('',(#10785));
#10785 = FILL_AREA_STYLE_COLOUR('',#9264);
#10786 = CURVE_STYLE('',#10787,POSITIVE_LENGTH_MEASURE(0.1),#9264);
#10787 = DRAUGHTING_PRE_DEFINED_CURVE_FONT('continuous');
#10788 = STYLED_ITEM('color',(#10789),#4940);
#10789 = PRESENTATION_STYLE_ASSIGNMENT((#10790,#10795));
#10790 = SURFACE_STYLE_USAGE(.BOTH.,#10791);
#10791 = SURFACE_SIDE_STYLE('',(#10792));
#10792 = SURFACE_STYLE_FILL_AREA(#10793);
#10793 = FILL_AREA_STYLE('',(#10794));
#10794 = FILL_AREA_STYLE_COLOUR('',#9264);
#10795 = CURVE_STYLE('',#10796,POSITIVE_LENGTH_MEASURE(0.1),#9264);
#10796 = DRAUGHTING_PRE_DEFINED_CURVE_FONT('continuous');
#10797 = STYLED_ITEM('color',(#10798),#4952);
#10798 = PRESENTATION_STYLE_ASSIGNMENT((#10799,#10804));
#10799 = SURFACE_STYLE_USAGE(.BOTH.,#10800);
#10800 = SURFACE_SIDE_STYLE('',(#10801));
#10801 = SURFACE_STYLE_FILL_AREA(#10802);
#10802 = FILL_AREA_STYLE('',(#10803));
#10803 = FILL_AREA_STYLE_COLOUR('',#9264);
#10804 = CURVE_STYLE('',#10805,POSITIVE_LENGTH_MEASURE(0.1),#9264);
#10805 = DRAUGHTING_PRE_DEFINED_CURVE_FONT('continuous');
#10806 = STYLED_ITEM('color',(#10807),#4969);
#10807 = PRESENTATION_STYLE_ASSIGNMENT((#10808,#10813));
#10808 = SURFACE_STYLE_USAGE(.BOTH.,#10809);
#10809 = SURFACE_SIDE_STYLE('',(#10810));
#10810 = SURFACE_STYLE_FILL_AREA(#10811);
#10811 = FILL_AREA_STYLE('',(#10812));
#10812 = FILL_AREA_STYLE_COLOUR('',#9264);
#10813 = CURVE_STYLE('',#10814,POSITIVE_LENGTH_MEASURE(0.1),#9264);
#10814 = DRAUGHTING_PRE_DEFINED_CURVE_FONT('continuous');
#10815 = STYLED_ITEM('color',(#10816),#4986);
#10816 = PRESENTATION_STYLE_ASSIGNMENT((#10817,#10822));
#10817 = SURFACE_STYLE_USAGE(.BOTH.,#10818);
#10818 = SURFACE_SIDE_STYLE('',(#10819));
#10819 = SURFACE_STYLE_FILL_AREA(#10820);
#10820 = FILL_AREA_STYLE('',(#10821));
#10821 = FILL_AREA_STYLE_COLOUR('',#9264);
#10822 = CURVE_STYLE('',#10823,POSITIVE_LENGTH_MEASURE(0.1),#9264);
#10823 = DRAUGHTING_PRE_DEFINED_CURVE_FONT('continuous');
#10824 = STYLED_ITEM('color',(#10825),#5003);
#10825 = PRESENTATION_STYLE_ASSIGNMENT((#10826,#10831));
#10826 = SURFACE_STYLE_USAGE(.BOTH.,#10827);
#10827 = SURFACE_SIDE_STYLE('',(#10828));
#10828 = SURFACE_STYLE_FILL_AREA(#10829);
#10829 = FILL_AREA_STYLE('',(#10830));
#10830 = FILL_AREA_STYLE_COLOUR('',#9264);
#10831 = CURVE_STYLE('',#10832,POSITIVE_LENGTH_MEASURE(0.1),#9264);
#10832 = DRAUGHTING_PRE_DEFINED_CURVE_FONT('continuous');
#10833 = STYLED_ITEM('color',(#10834),#5020);
#10834 = PRESENTATION_STYLE_ASSIGNMENT((#10835,#10840));
#10835 = SURFACE_STYLE_USAGE(.BOTH.,#10836);
#10836 = SURFACE_SIDE_STYLE('',(#10837));
#10837 = SURFACE_STYLE_FILL_AREA(#10838);
#10838 = FILL_AREA_STYLE('',(#10839));
#10839 = FILL_AREA_STYLE_COLOUR('',#9264);
#10840 = CURVE_STYLE('',#10841,POSITIVE_LENGTH_MEASURE(0.1),#9264);
#10841 = DRAUGHTING_PRE_DEFINED_CURVE_FONT('continuous');
#10842 = STYLED_ITEM('color',(#10843),#5032);
#10843 = PRESENTATION_STYLE_ASSIGNMENT((#10844,#10849));
#10844 = SURFACE_STYLE_USAGE(.BOTH.,#10845);
#10845 = SURFACE_SIDE_STYLE('',(#10846));
#10846 = SURFACE_STYLE_FILL_AREA(#10847);
#10847 = FILL_AREA_STYLE('',(#10848));
#10848 = FILL_AREA_STYLE_COLOUR('',#9264);
#10849 = CURVE_STYLE('',#10850,POSITIVE_LENGTH_MEASURE(0.1),#9264);
#10850 = DRAUGHTING_PRE_DEFINED_CURVE_FONT('continuous');
#10851 = STYLED_ITEM('color',(#10852),#5049);
#10852 = PRESENTATION_STYLE_ASSIGNMENT((#10853,#10858));
#10853 = SURFACE_STYLE_USAGE(.BOTH.,#10854);
#10854 = SURFACE_SIDE_STYLE('',(#10855));
#10855 = SURFACE_STYLE_FILL_AREA(#10856);
#10856 = FILL_AREA_STYLE('',(#10857));
#10857 = FILL_AREA_STYLE_COLOUR('',#9264);
#10858 = CURVE_STYLE('',#10859,POSITIVE_LENGTH_MEASURE(0.1),#9264);
#10859 = DRAUGHTING_PRE_DEFINED_CURVE_FONT('continuous');
#10860 = STYLED_ITEM('color',(#10861),#5066);
#10861 = PRESENTATION_STYLE_ASSIGNMENT((#10862,#10867));
#10862 = SURFACE_STYLE_USAGE(.BOTH.,#10863);
#10863 = SURFACE_SIDE_STYLE('',(#10864));
#10864 = SURFACE_STYLE_FILL_AREA(#10865);
#10865 = FILL_AREA_STYLE('',(#10866));
#10866 = FILL_AREA_STYLE_COLOUR('',#9264);
#10867 = CURVE_STYLE('',#10868,POSITIVE_LENGTH_MEASURE(0.1),#9264);
#10868 = DRAUGHTING_PRE_DEFINED_CURVE_FONT('continuous');
#10869 = STYLED_ITEM('color',(#10870),#5083);
#10870 = PRESENTATION_STYLE_ASSIGNMENT((#10871,#10876));
#10871 = SURFACE_STYLE_USAGE(.BOTH.,#10872);
#10872 = SURFACE_SIDE_STYLE('',(#10873));
#10873 = SURFACE_STYLE_FILL_AREA(#10874);
#10874 = FILL_AREA_STYLE('',(#10875));
#10875 = FILL_AREA_STYLE_COLOUR('',#9264);
#10876 = CURVE_STYLE('',#10877,POSITIVE_LENGTH_MEASURE(0.1),#9264);
#10877 = DRAUGHTING_PRE_DEFINED_CURVE_FONT('continuous');
#10878 = STYLED_ITEM('color',(#10879),#5100);
#10879 = PRESENTATION_STYLE_ASSIGNMENT((#10880,#10885));
#10880 = SURFACE_STYLE_USAGE(.BOTH.,#10881);
#10881 = SURFACE_SIDE_STYLE('',(#10882));
#10882 = SURFACE_STYLE_FILL_AREA(#10883);
#10883 = FILL_AREA_STYLE('',(#10884));
#10884 = FILL_AREA_STYLE_COLOUR('',#9264);
#10885 = CURVE_STYLE('',#10886,POSITIVE_LENGTH_MEASURE(0.1),#9264);
#10886 = DRAUGHTING_PRE_DEFINED_CURVE_FONT('continuous');
#10887 = STYLED_ITEM('color',(#10888),#5112);
#10888 = PRESENTATION_STYLE_ASSIGNMENT((#10889,#10894));
#10889 = SURFACE_STYLE_USAGE(.BOTH.,#10890);
#10890 = SURFACE_SIDE_STYLE('',(#10891));
#10891 = SURFACE_STYLE_FILL_AREA(#10892);
#10892 = FILL_AREA_STYLE('',(#10893));
#10893 = FILL_AREA_STYLE_COLOUR('',#9264);
#10894 = CURVE_STYLE('',#10895,POSITIVE_LENGTH_MEASURE(0.1),#9264);
#10895 = DRAUGHTING_PRE_DEFINED_CURVE_FONT('continuous');
#10896 = STYLED_ITEM('color',(#10897),#5129);
#10897 = PRESENTATION_STYLE_ASSIGNMENT((#10898,#10903));
#10898 = SURFACE_STYLE_USAGE(.BOTH.,#10899);
#10899 = SURFACE_SIDE_STYLE('',(#10900));
#10900 = SURFACE_STYLE_FILL_AREA(#10901);
#10901 = FILL_AREA_STYLE('',(#10902));
#10902 = FILL_AREA_STYLE_COLOUR('',#9264);
#10903 = CURVE_STYLE('',#10904,POSITIVE_LENGTH_MEASURE(0.1),#9264);
#10904 = DRAUGHTING_PRE_DEFINED_CURVE_FONT('continuous');
#10905 = STYLED_ITEM('color',(#10906),#5146);
#10906 = PRESENTATION_STYLE_ASSIGNMENT((#10907,#10912));
#10907 = SURFACE_STYLE_USAGE(.BOTH.,#10908);
#10908 = SURFACE_SIDE_STYLE('',(#10909));
#10909 = SURFACE_STYLE_FILL_AREA(#10910);
#10910 = FILL_AREA_STYLE('',(#10911));
#10911 = FILL_AREA_STYLE_COLOUR('',#9264);
#10912 = CURVE_STYLE('',#10913,POSITIVE_LENGTH_MEASURE(0.1),#9264);
#10913 = DRAUGHTING_PRE_DEFINED_CURVE_FONT('continuous');
#10914 = STYLED_ITEM('color',(#10915),#5163);
#10915 = PRESENTATION_STYLE_ASSIGNMENT((#10916,#10921));
#10916 = SURFACE_STYLE_USAGE(.BOTH.,#10917);
#10917 = SURFACE_SIDE_STYLE('',(#10918));
#10918 = SURFACE_STYLE_FILL_AREA(#10919);
#10919 = FILL_AREA_STYLE('',(#10920));
#10920 = FILL_AREA_STYLE_COLOUR('',#9264);
#10921 = CURVE_STYLE('',#10922,POSITIVE_LENGTH_MEASURE(0.1),#9264);
#10922 = DRAUGHTING_PRE_DEFINED_CURVE_FONT('continuous');
#10923 = STYLED_ITEM('color',(#10924),#5180);
#10924 = PRESENTATION_STYLE_ASSIGNMENT((#10925,#10930));
#10925 = SURFACE_STYLE_USAGE(.BOTH.,#10926);
#10926 = SURFACE_SIDE_STYLE('',(#10927));
#10927 = SURFACE_STYLE_FILL_AREA(#10928);
#10928 = FILL_AREA_STYLE('',(#10929));
#10929 = FILL_AREA_STYLE_COLOUR('',#9264);
#10930 = CURVE_STYLE('',#10931,POSITIVE_LENGTH_MEASURE(0.1),#9264);
#10931 = DRAUGHTING_PRE_DEFINED_CURVE_FONT('continuous');
#10932 = STYLED_ITEM('color',(#10933),#5192);
#10933 = PRESENTATION_STYLE_ASSIGNMENT((#10934,#10939));
#10934 = SURFACE_STYLE_USAGE(.BOTH.,#10935);
#10935 = SURFACE_SIDE_STYLE('',(#10936));
#10936 = SURFACE_STYLE_FILL_AREA(#10937);
#10937 = FILL_AREA_STYLE('',(#10938));
#10938 = FILL_AREA_STYLE_COLOUR('',#9097);
#10939 = CURVE_STYLE('',#10940,POSITIVE_LENGTH_MEASURE(0.1),#9097);
#10940 = DRAUGHTING_PRE_DEFINED_CURVE_FONT('continuous');
#10941 = OVER_RIDING_STYLED_ITEM('overriding color',(#10942),#5199,
  #10932);
#10942 = PRESENTATION_STYLE_ASSIGNMENT((#10943,#10948));
#10943 = SURFACE_STYLE_USAGE(.BOTH.,#10944);
#10944 = SURFACE_SIDE_STYLE('',(#10945));
#10945 = SURFACE_STYLE_FILL_AREA(#10946);
#10946 = FILL_AREA_STYLE('',(#10947));
#10947 = FILL_AREA_STYLE_COLOUR('',#9264);
#10948 = CURVE_STYLE('',#10949,POSITIVE_LENGTH_MEASURE(0.1),#9264);
#10949 = DRAUGHTING_PRE_DEFINED_CURVE_FONT('continuous');
#10950 = STYLED_ITEM('color',(#10951),#5209);
#10951 = PRESENTATION_STYLE_ASSIGNMENT((#10952,#10957));
#10952 = SURFACE_STYLE_USAGE(.BOTH.,#10953);
#10953 = SURFACE_SIDE_STYLE('',(#10954));
#10954 = SURFACE_STYLE_FILL_AREA(#10955);
#10955 = FILL_AREA_STYLE('',(#10956));
#10956 = FILL_AREA_STYLE_COLOUR('',#9097);
#10957 = CURVE_STYLE('',#10958,POSITIVE_LENGTH_MEASURE(0.1),#9097);
#10958 = DRAUGHTING_PRE_DEFINED_CURVE_FONT('continuous');
#10959 = OVER_RIDING_STYLED_ITEM('overriding color',(#10960),#5214,
  #10950);
#10960 = PRESENTATION_STYLE_ASSIGNMENT((#10961,#10966));
#10961 = SURFACE_STYLE_USAGE(.BOTH.,#10962);
#10962 = SURFACE_SIDE_STYLE('',(#10963));
#10963 = SURFACE_STYLE_FILL_AREA(#10964);
#10964 = FILL_AREA_STYLE('',(#10965));
#10965 = FILL_AREA_STYLE_COLOUR('',#9264);
#10966 = CURVE_STYLE('',#10967,POSITIVE_LENGTH_MEASURE(0.1),#9264);
#10967 = DRAUGHTING_PRE_DEFINED_CURVE_FONT('continuous');
#10968 = STYLED_ITEM('color',(#10969),#5226);
#10969 = PRESENTATION_STYLE_ASSIGNMENT((#10970,#10975));
#10970 = SURFACE_STYLE_USAGE(.BOTH.,#10971);
#10971 = SURFACE_SIDE_STYLE('',(#10972));
#10972 = SURFACE_STYLE_FILL_AREA(#10973);
#10973 = FILL_AREA_STYLE('',(#10974));
#10974 = FILL_AREA_STYLE_COLOUR('',#9264);
#10975 = CURVE_STYLE('',#10976,POSITIVE_LENGTH_MEASURE(0.1),#9264);
#10976 = DRAUGHTING_PRE_DEFINED_CURVE_FONT('continuous');
#10977 = STYLED_ITEM('color',(#10978),#5275);
#10978 = PRESENTATION_STYLE_ASSIGNMENT((#10979,#10984));
#10979 = SURFACE_STYLE_USAGE(.BOTH.,#10980);
#10980 = SURFACE_SIDE_STYLE('',(#10981));
#10981 = SURFACE_STYLE_FILL_AREA(#10982);
#10982 = FILL_AREA_STYLE('',(#10983));
#10983 = FILL_AREA_STYLE_COLOUR('',#9264);
#10984 = CURVE_STYLE('',#10985,POSITIVE_LENGTH_MEASURE(0.1),#9264);
#10985 = DRAUGHTING_PRE_DEFINED_CURVE_FONT('continuous');
#10986 = STYLED_ITEM('color',(#10987),#5299);
#10987 = PRESENTATION_STYLE_ASSIGNMENT((#10988,#10993));
#10988 = SURFACE_STYLE_USAGE(.BOTH.,#10989);
#10989 = SURFACE_SIDE_STYLE('',(#10990));
#10990 = SURFACE_STYLE_FILL_AREA(#10991);
#10991 = FILL_AREA_STYLE('',(#10992));
#10992 = FILL_AREA_STYLE_COLOUR('',#9264);
#10993 = CURVE_STYLE('',#10994,POSITIVE_LENGTH_MEASURE(0.1),#9264);
#10994 = DRAUGHTING_PRE_DEFINED_CURVE_FONT('continuous');
#10995 = STYLED_ITEM('color',(#10996),#5341);
#10996 = PRESENTATION_STYLE_ASSIGNMENT((#10997,#11002));
#10997 = SURFACE_STYLE_USAGE(.BOTH.,#10998);
#10998 = SURFACE_SIDE_STYLE('',(#10999));
#10999 = SURFACE_STYLE_FILL_AREA(#11000);
#11000 = FILL_AREA_STYLE('',(#11001));
#11001 = FILL_AREA_STYLE_COLOUR('',#9264);
#11002 = CURVE_STYLE('',#11003,POSITIVE_LENGTH_MEASURE(0.1),#9264);
#11003 = DRAUGHTING_PRE_DEFINED_CURVE_FONT('continuous');
#11004 = STYLED_ITEM('color',(#11005),#5358);
#11005 = PRESENTATION_STYLE_ASSIGNMENT((#11006,#11011));
#11006 = SURFACE_STYLE_USAGE(.BOTH.,#11007);
#11007 = SURFACE_SIDE_STYLE('',(#11008));
#11008 = SURFACE_STYLE_FILL_AREA(#11009);
#11009 = FILL_AREA_STYLE('',(#11010));
#11010 = FILL_AREA_STYLE_COLOUR('',#9097);
#11011 = CURVE_STYLE('',#11012,POSITIVE_LENGTH_MEASURE(0.1),#9097);
#11012 = DRAUGHTING_PRE_DEFINED_CURVE_FONT('continuous');
#11013 = OVER_RIDING_STYLED_ITEM('overriding color',(#11014),#5365,
  #11004);
#11014 = PRESENTATION_STYLE_ASSIGNMENT((#11015,#11020));
#11015 = SURFACE_STYLE_USAGE(.BOTH.,#11016);
#11016 = SURFACE_SIDE_STYLE('',(#11017));
#11017 = SURFACE_STYLE_FILL_AREA(#11018);
#11018 = FILL_AREA_STYLE('',(#11019));
#11019 = FILL_AREA_STYLE_COLOUR('',#9264);
#11020 = CURVE_STYLE('',#11021,POSITIVE_LENGTH_MEASURE(0.1),#9264);
#11021 = DRAUGHTING_PRE_DEFINED_CURVE_FONT('continuous');
#11022 = STYLED_ITEM('color',(#11023),#5375);
#11023 = PRESENTATION_STYLE_ASSIGNMENT((#11024,#11029));
#11024 = SURFACE_STYLE_USAGE(.BOTH.,#11025);
#11025 = SURFACE_SIDE_STYLE('',(#11026));
#11026 = SURFACE_STYLE_FILL_AREA(#11027);
#11027 = FILL_AREA_STYLE('',(#11028));
#11028 = FILL_AREA_STYLE_COLOUR('',#9097);
#11029 = CURVE_STYLE('',#11030,POSITIVE_LENGTH_MEASURE(0.1),#9097);
#11030 = DRAUGHTING_PRE_DEFINED_CURVE_FONT('continuous');
#11031 = OVER_RIDING_STYLED_ITEM('overriding color',(#11032),#5380,
  #11022);
#11032 = PRESENTATION_STYLE_ASSIGNMENT((#11033,#11038));
#11033 = SURFACE_STYLE_USAGE(.BOTH.,#11034);
#11034 = SURFACE_SIDE_STYLE('',(#11035));
#11035 = SURFACE_STYLE_FILL_AREA(#11036);
#11036 = FILL_AREA_STYLE('',(#11037));
#11037 = FILL_AREA_STYLE_COLOUR('',#9264);
#11038 = CURVE_STYLE('',#11039,POSITIVE_LENGTH_MEASURE(0.1),#9264);
#11039 = DRAUGHTING_PRE_DEFINED_CURVE_FONT('continuous');
#11040 = STYLED_ITEM('color',(#11041),#5392);
#11041 = PRESENTATION_STYLE_ASSIGNMENT((#11042,#11047));
#11042 = SURFACE_STYLE_USAGE(.BOTH.,#11043);
#11043 = SURFACE_SIDE_STYLE('',(#11044));
#11044 = SURFACE_STYLE_FILL_AREA(#11045);
#11045 = FILL_AREA_STYLE('',(#11046));
#11046 = FILL_AREA_STYLE_COLOUR('',#9264);
#11047 = CURVE_STYLE('',#11048,POSITIVE_LENGTH_MEASURE(0.1),#9264);
#11048 = DRAUGHTING_PRE_DEFINED_CURVE_FONT('continuous');
#11049 = STYLED_ITEM('color',(#11050),#5441);
#11050 = PRESENTATION_STYLE_ASSIGNMENT((#11051,#11056));
#11051 = SURFACE_STYLE_USAGE(.BOTH.,#11052);
#11052 = SURFACE_SIDE_STYLE('',(#11053));
#11053 = SURFACE_STYLE_FILL_AREA(#11054);
#11054 = FILL_AREA_STYLE('',(#11055));
#11055 = FILL_AREA_STYLE_COLOUR('',#9264);
#11056 = CURVE_STYLE('',#11057,POSITIVE_LENGTH_MEASURE(0.1),#9264);
#11057 = DRAUGHTING_PRE_DEFINED_CURVE_FONT('continuous');
#11058 = STYLED_ITEM('color',(#11059),#5465);
#11059 = PRESENTATION_STYLE_ASSIGNMENT((#11060,#11065));
#11060 = SURFACE_STYLE_USAGE(.BOTH.,#11061);
#11061 = SURFACE_SIDE_STYLE('',(#11062));
#11062 = SURFACE_STYLE_FILL_AREA(#11063);
#11063 = FILL_AREA_STYLE('',(#11064));
#11064 = FILL_AREA_STYLE_COLOUR('',#9264);
#11065 = CURVE_STYLE('',#11066,POSITIVE_LENGTH_MEASURE(0.1),#9264);
#11066 = DRAUGHTING_PRE_DEFINED_CURVE_FONT('continuous');
#11067 = STYLED_ITEM('color',(#11068),#5507);
#11068 = PRESENTATION_STYLE_ASSIGNMENT((#11069,#11074));
#11069 = SURFACE_STYLE_USAGE(.BOTH.,#11070);
#11070 = SURFACE_SIDE_STYLE('',(#11071));
#11071 = SURFACE_STYLE_FILL_AREA(#11072);
#11072 = FILL_AREA_STYLE('',(#11073));
#11073 = FILL_AREA_STYLE_COLOUR('',#9264);
#11074 = CURVE_STYLE('',#11075,POSITIVE_LENGTH_MEASURE(0.1),#9264);
#11075 = DRAUGHTING_PRE_DEFINED_CURVE_FONT('continuous');
#11076 = STYLED_ITEM('color',(#11077),#5524);
#11077 = PRESENTATION_STYLE_ASSIGNMENT((#11078,#11083));
#11078 = SURFACE_STYLE_USAGE(.BOTH.,#11079);
#11079 = SURFACE_SIDE_STYLE('',(#11080));
#11080 = SURFACE_STYLE_FILL_AREA(#11081);
#11081 = FILL_AREA_STYLE('',(#11082));
#11082 = FILL_AREA_STYLE_COLOUR('',#9097);
#11083 = CURVE_STYLE('',#11084,POSITIVE_LENGTH_MEASURE(0.1),#9097);
#11084 = DRAUGHTING_PRE_DEFINED_CURVE_FONT('continuous');
#11085 = OVER_RIDING_STYLED_ITEM('overriding color',(#11086),#5531,
  #11076);
#11086 = PRESENTATION_STYLE_ASSIGNMENT((#11087,#11092));
#11087 = SURFACE_STYLE_USAGE(.BOTH.,#11088);
#11088 = SURFACE_SIDE_STYLE('',(#11089));
#11089 = SURFACE_STYLE_FILL_AREA(#11090);
#11090 = FILL_AREA_STYLE('',(#11091));
#11091 = FILL_AREA_STYLE_COLOUR('',#9264);
#11092 = CURVE_STYLE('',#11093,POSITIVE_LENGTH_MEASURE(0.1),#9264);
#11093 = DRAUGHTING_PRE_DEFINED_CURVE_FONT('continuous');
#11094 = STYLED_ITEM('color',(#11095),#5541);
#11095 = PRESENTATION_STYLE_ASSIGNMENT((#11096,#11101));
#11096 = SURFACE_STYLE_USAGE(.BOTH.,#11097);
#11097 = SURFACE_SIDE_STYLE('',(#11098));
#11098 = SURFACE_STYLE_FILL_AREA(#11099);
#11099 = FILL_AREA_STYLE('',(#11100));
#11100 = FILL_AREA_STYLE_COLOUR('',#9097);
#11101 = CURVE_STYLE('',#11102,POSITIVE_LENGTH_MEASURE(0.1),#9097);
#11102 = DRAUGHTING_PRE_DEFINED_CURVE_FONT('continuous');
#11103 = OVER_RIDING_STYLED_ITEM('overriding color',(#11104),#5546,
  #11094);
#11104 = PRESENTATION_STYLE_ASSIGNMENT((#11105,#11110));
#11105 = SURFACE_STYLE_USAGE(.BOTH.,#11106);
#11106 = SURFACE_SIDE_STYLE('',(#11107));
#11107 = SURFACE_STYLE_FILL_AREA(#11108);
#11108 = FILL_AREA_STYLE('',(#11109));
#11109 = FILL_AREA_STYLE_COLOUR('',#9264);
#11110 = CURVE_STYLE('',#11111,POSITIVE_LENGTH_MEASURE(0.1),#9264);
#11111 = DRAUGHTING_PRE_DEFINED_CURVE_FONT('continuous');
#11112 = STYLED_ITEM('color',(#11113),#5558);
#11113 = PRESENTATION_STYLE_ASSIGNMENT((#11114,#11119));
#11114 = SURFACE_STYLE_USAGE(.BOTH.,#11115);
#11115 = SURFACE_SIDE_STYLE('',(#11116));
#11116 = SURFACE_STYLE_FILL_AREA(#11117);
#11117 = FILL_AREA_STYLE('',(#11118));
#11118 = FILL_AREA_STYLE_COLOUR('',#9264);
#11119 = CURVE_STYLE('',#11120,POSITIVE_LENGTH_MEASURE(0.1),#9264);
#11120 = DRAUGHTING_PRE_DEFINED_CURVE_FONT('continuous');
#11121 = STYLED_ITEM('color',(#11122),#5607);
#11122 = PRESENTATION_STYLE_ASSIGNMENT((#11123,#11128));
#11123 = SURFACE_STYLE_USAGE(.BOTH.,#11124);
#11124 = SURFACE_SIDE_STYLE('',(#11125));
#11125 = SURFACE_STYLE_FILL_AREA(#11126);
#11126 = FILL_AREA_STYLE('',(#11127));
#11127 = FILL_AREA_STYLE_COLOUR('',#9264);
#11128 = CURVE_STYLE('',#11129,POSITIVE_LENGTH_MEASURE(0.1),#9264);
#11129 = DRAUGHTING_PRE_DEFINED_CURVE_FONT('continuous');
#11130 = STYLED_ITEM('color',(#11131),#5631);
#11131 = PRESENTATION_STYLE_ASSIGNMENT((#11132,#11137));
#11132 = SURFACE_STYLE_USAGE(.BOTH.,#11133);
#11133 = SURFACE_SIDE_STYLE('',(#11134));
#11134 = SURFACE_STYLE_FILL_AREA(#11135);
#11135 = FILL_AREA_STYLE('',(#11136));
#11136 = FILL_AREA_STYLE_COLOUR('',#9264);
#11137 = CURVE_STYLE('',#11138,POSITIVE_LENGTH_MEASURE(0.1),#9264);
#11138 = DRAUGHTING_PRE_DEFINED_CURVE_FONT('continuous');
#11139 = STYLED_ITEM('color',(#11140),#5673);
#11140 = PRESENTATION_STYLE_ASSIGNMENT((#11141,#11146));
#11141 = SURFACE_STYLE_USAGE(.BOTH.,#11142);
#11142 = SURFACE_SIDE_STYLE('',(#11143));
#11143 = SURFACE_STYLE_FILL_AREA(#11144);
#11144 = FILL_AREA_STYLE('',(#11145));
#11145 = FILL_AREA_STYLE_COLOUR('',#9264);
#11146 = CURVE_STYLE('',#11147,POSITIVE_LENGTH_MEASURE(0.1),#9264);
#11147 = DRAUGHTING_PRE_DEFINED_CURVE_FONT('continuous');
#11148 = STYLED_ITEM('color',(#11149),#5690);
#11149 = PRESENTATION_STYLE_ASSIGNMENT((#11150,#11155));
#11150 = SURFACE_STYLE_USAGE(.BOTH.,#11151);
#11151 = SURFACE_SIDE_STYLE('',(#11152));
#11152 = SURFACE_STYLE_FILL_AREA(#11153);
#11153 = FILL_AREA_STYLE('',(#11154));
#11154 = FILL_AREA_STYLE_COLOUR('',#9097);
#11155 = CURVE_STYLE('',#11156,POSITIVE_LENGTH_MEASURE(0.1),#9097);
#11156 = DRAUGHTING_PRE_DEFINED_CURVE_FONT('continuous');
#11157 = OVER_RIDING_STYLED_ITEM('overriding color',(#11158),#5697,
  #11148);
#11158 = PRESENTATION_STYLE_ASSIGNMENT((#11159,#11164));
#11159 = SURFACE_STYLE_USAGE(.BOTH.,#11160);
#11160 = SURFACE_SIDE_STYLE('',(#11161));
#11161 = SURFACE_STYLE_FILL_AREA(#11162);
#11162 = FILL_AREA_STYLE('',(#11163));
#11163 = FILL_AREA_STYLE_COLOUR('',#9264);
#11164 = CURVE_STYLE('',#11165,POSITIVE_LENGTH_MEASURE(0.1),#9264);
#11165 = DRAUGHTING_PRE_DEFINED_CURVE_FONT('continuous');
#11166 = STYLED_ITEM('color',(#11167),#5707);
#11167 = PRESENTATION_STYLE_ASSIGNMENT((#11168,#11173));
#11168 = SURFACE_STYLE_USAGE(.BOTH.,#11169);
#11169 = SURFACE_SIDE_STYLE('',(#11170));
#11170 = SURFACE_STYLE_FILL_AREA(#11171);
#11171 = FILL_AREA_STYLE('',(#11172));
#11172 = FILL_AREA_STYLE_COLOUR('',#9097);
#11173 = CURVE_STYLE('',#11174,POSITIVE_LENGTH_MEASURE(0.1),#9097);
#11174 = DRAUGHTING_PRE_DEFINED_CURVE_FONT('continuous');
#11175 = OVER_RIDING_STYLED_ITEM('overriding color',(#11176),#5712,
  #11166);
#11176 = PRESENTATION_STYLE_ASSIGNMENT((#11177,#11182));
#11177 = SURFACE_STYLE_USAGE(.BOTH.,#11178);
#11178 = SURFACE_SIDE_STYLE('',(#11179));
#11179 = SURFACE_STYLE_FILL_AREA(#11180);
#11180 = FILL_AREA_STYLE('',(#11181));
#11181 = FILL_AREA_STYLE_COLOUR('',#9264);
#11182 = CURVE_STYLE('',#11183,POSITIVE_LENGTH_MEASURE(0.1),#9264);
#11183 = DRAUGHTING_PRE_DEFINED_CURVE_FONT('continuous');
#11184 = STYLED_ITEM('color',(#11185),#5724);
#11185 = PRESENTATION_STYLE_ASSIGNMENT((#11186,#11191));
#11186 = SURFACE_STYLE_USAGE(.BOTH.,#11187);
#11187 = SURFACE_SIDE_STYLE('',(#11188));
#11188 = SURFACE_STYLE_FILL_AREA(#11189);
#11189 = FILL_AREA_STYLE('',(#11190));
#11190 = FILL_AREA_STYLE_COLOUR('',#9264);
#11191 = CURVE_STYLE('',#11192,POSITIVE_LENGTH_MEASURE(0.1),#9264);
#11192 = DRAUGHTING_PRE_DEFINED_CURVE_FONT('continuous');
#11193 = STYLED_ITEM('color',(#11194),#5773);
#11194 = PRESENTATION_STYLE_ASSIGNMENT((#11195,#11200));
#11195 = SURFACE_STYLE_USAGE(.BOTH.,#11196);
#11196 = SURFACE_SIDE_STYLE('',(#11197));
#11197 = SURFACE_STYLE_FILL_AREA(#11198);
#11198 = FILL_AREA_STYLE('',(#11199));
#11199 = FILL_AREA_STYLE_COLOUR('',#9264);
#11200 = CURVE_STYLE('',#11201,POSITIVE_LENGTH_MEASURE(0.1),#9264);
#11201 = DRAUGHTING_PRE_DEFINED_CURVE_FONT('continuous');
#11202 = STYLED_ITEM('color',(#11203),#5797);
#11203 = PRESENTATION_STYLE_ASSIGNMENT((#11204,#11209));
#11204 = SURFACE_STYLE_USAGE(.BOTH.,#11205);
#11205 = SURFACE_SIDE_STYLE('',(#11206));
#11206 = SURFACE_STYLE_FILL_AREA(#11207);
#11207 = FILL_AREA_STYLE('',(#11208));
#11208 = FILL_AREA_STYLE_COLOUR('',#9264);
#11209 = CURVE_STYLE('',#11210,POSITIVE_LENGTH_MEASURE(0.1),#9264);
#11210 = DRAUGHTING_PRE_DEFINED_CURVE_FONT('continuous');
#11211 = STYLED_ITEM('color',(#11212),#5839);
#11212 = PRESENTATION_STYLE_ASSIGNMENT((#11213,#11218));
#11213 = SURFACE_STYLE_USAGE(.BOTH.,#11214);
#11214 = SURFACE_SIDE_STYLE('',(#11215));
#11215 = SURFACE_STYLE_FILL_AREA(#11216);
#11216 = FILL_AREA_STYLE('',(#11217));
#11217 = FILL_AREA_STYLE_COLOUR('',#9264);
#11218 = CURVE_STYLE('',#11219,POSITIVE_LENGTH_MEASURE(0.1),#9264);
#11219 = DRAUGHTING_PRE_DEFINED_CURVE_FONT('continuous');
#11220 = STYLED_ITEM('color',(#11221),#5856);
#11221 = PRESENTATION_STYLE_ASSIGNMENT((#11222,#11227));
#11222 = SURFACE_STYLE_USAGE(.BOTH.,#11223);
#11223 = SURFACE_SIDE_STYLE('',(#11224));
#11224 = SURFACE_STYLE_FILL_AREA(#11225);
#11225 = FILL_AREA_STYLE('',(#11226));
#11226 = FILL_AREA_STYLE_COLOUR('',#9097);
#11227 = CURVE_STYLE('',#11228,POSITIVE_LENGTH_MEASURE(0.1),#9097);
#11228 = DRAUGHTING_PRE_DEFINED_CURVE_FONT('continuous');
#11229 = OVER_RIDING_STYLED_ITEM('overriding color',(#11230),#5863,
  #11220);
#11230 = PRESENTATION_STYLE_ASSIGNMENT((#11231,#11236));
#11231 = SURFACE_STYLE_USAGE(.BOTH.,#11232);
#11232 = SURFACE_SIDE_STYLE('',(#11233));
#11233 = SURFACE_STYLE_FILL_AREA(#11234);
#11234 = FILL_AREA_STYLE('',(#11235));
#11235 = FILL_AREA_STYLE_COLOUR('',#9264);
#11236 = CURVE_STYLE('',#11237,POSITIVE_LENGTH_MEASURE(0.1),#9264);
#11237 = DRAUGHTING_PRE_DEFINED_CURVE_FONT('continuous');
#11238 = STYLED_ITEM('color',(#11239),#5873);
#11239 = PRESENTATION_STYLE_ASSIGNMENT((#11240,#11245));
#11240 = SURFACE_STYLE_USAGE(.BOTH.,#11241);
#11241 = SURFACE_SIDE_STYLE('',(#11242));
#11242 = SURFACE_STYLE_FILL_AREA(#11243);
#11243 = FILL_AREA_STYLE('',(#11244));
#11244 = FILL_AREA_STYLE_COLOUR('',#9097);
#11245 = CURVE_STYLE('',#11246,POSITIVE_LENGTH_MEASURE(0.1),#9097);
#11246 = DRAUGHTING_PRE_DEFINED_CURVE_FONT('continuous');
#11247 = OVER_RIDING_STYLED_ITEM('overriding color',(#11248),#5878,
  #11238);
#11248 = PRESENTATION_STYLE_ASSIGNMENT((#11249,#11254));
#11249 = SURFACE_STYLE_USAGE(.BOTH.,#11250);
#11250 = SURFACE_SIDE_STYLE('',(#11251));
#11251 = SURFACE_STYLE_FILL_AREA(#11252);
#11252 = FILL_AREA_STYLE('',(#11253));
#11253 = FILL_AREA_STYLE_COLOUR('',#9264);
#11254 = CURVE_STYLE('',#11255,POSITIVE_LENGTH_MEASURE(0.1),#9264);
#11255 = DRAUGHTING_PRE_DEFINED_CURVE_FONT('continuous');
#11256 = STYLED_ITEM('color',(#11257),#5890);
#11257 = PRESENTATION_STYLE_ASSIGNMENT((#11258,#11263));
#11258 = SURFACE_STYLE_USAGE(.BOTH.,#11259);
#11259 = SURFACE_SIDE_STYLE('',(#11260));
#11260 = SURFACE_STYLE_FILL_AREA(#11261);
#11261 = FILL_AREA_STYLE('',(#11262));
#11262 = FILL_AREA_STYLE_COLOUR('',#9264);
#11263 = CURVE_STYLE('',#11264,POSITIVE_LENGTH_MEASURE(0.1),#9264);
#11264 = DRAUGHTING_PRE_DEFINED_CURVE_FONT('continuous');
#11265 = STYLED_ITEM('color',(#11266),#5939);
#11266 = PRESENTATION_STYLE_ASSIGNMENT((#11267,#11272));
#11267 = SURFACE_STYLE_USAGE(.BOTH.,#11268);
#11268 = SURFACE_SIDE_STYLE('',(#11269));
#11269 = SURFACE_STYLE_FILL_AREA(#11270);
#11270 = FILL_AREA_STYLE('',(#11271));
#11271 = FILL_AREA_STYLE_COLOUR('',#9264);
#11272 = CURVE_STYLE('',#11273,POSITIVE_LENGTH_MEASURE(0.1),#9264);
#11273 = DRAUGHTING_PRE_DEFINED_CURVE_FONT('continuous');
#11274 = STYLED_ITEM('color',(#11275),#5963);
#11275 = PRESENTATION_STYLE_ASSIGNMENT((#11276,#11281));
#11276 = SURFACE_STYLE_USAGE(.BOTH.,#11277);
#11277 = SURFACE_SIDE_STYLE('',(#11278));
#11278 = SURFACE_STYLE_FILL_AREA(#11279);
#11279 = FILL_AREA_STYLE('',(#11280));
#11280 = FILL_AREA_STYLE_COLOUR('',#9264);
#11281 = CURVE_STYLE('',#11282,POSITIVE_LENGTH_MEASURE(0.1),#9264);
#11282 = DRAUGHTING_PRE_DEFINED_CURVE_FONT('continuous');
#11283 = STYLED_ITEM('color',(#11284),#6005);
#11284 = PRESENTATION_STYLE_ASSIGNMENT((#11285,#11290));
#11285 = SURFACE_STYLE_USAGE(.BOTH.,#11286);
#11286 = SURFACE_SIDE_STYLE('',(#11287));
#11287 = SURFACE_STYLE_FILL_AREA(#11288);
#11288 = FILL_AREA_STYLE('',(#11289));
#11289 = FILL_AREA_STYLE_COLOUR('',#9264);
#11290 = CURVE_STYLE('',#11291,POSITIVE_LENGTH_MEASURE(0.1),#9264);
#11291 = DRAUGHTING_PRE_DEFINED_CURVE_FONT('continuous');
#11292 = STYLED_ITEM('color',(#11293),#6022);
#11293 = PRESENTATION_STYLE_ASSIGNMENT((#11294,#11299));
#11294 = SURFACE_STYLE_USAGE(.BOTH.,#11295);
#11295 = SURFACE_SIDE_STYLE('',(#11296));
#11296 = SURFACE_STYLE_FILL_AREA(#11297);
#11297 = FILL_AREA_STYLE('',(#11298));
#11298 = FILL_AREA_STYLE_COLOUR('',#9097);
#11299 = CURVE_STYLE('',#11300,POSITIVE_LENGTH_MEASURE(0.1),#9097);
#11300 = DRAUGHTING_PRE_DEFINED_CURVE_FONT('continuous');
#11301 = OVER_RIDING_STYLED_ITEM('overriding color',(#11302),#6029,
  #11292);
#11302 = PRESENTATION_STYLE_ASSIGNMENT((#11303,#11308));
#11303 = SURFACE_STYLE_USAGE(.BOTH.,#11304);
#11304 = SURFACE_SIDE_STYLE('',(#11305));
#11305 = SURFACE_STYLE_FILL_AREA(#11306);
#11306 = FILL_AREA_STYLE('',(#11307));
#11307 = FILL_AREA_STYLE_COLOUR('',#9264);
#11308 = CURVE_STYLE('',#11309,POSITIVE_LENGTH_MEASURE(0.1),#9264);
#11309 = DRAUGHTING_PRE_DEFINED_CURVE_FONT('continuous');
#11310 = STYLED_ITEM('color',(#11311),#6039);
#11311 = PRESENTATION_STYLE_ASSIGNMENT((#11312,#11317));
#11312 = SURFACE_STYLE_USAGE(.BOTH.,#11313);
#11313 = SURFACE_SIDE_STYLE('',(#11314));
#11314 = SURFACE_STYLE_FILL_AREA(#11315);
#11315 = FILL_AREA_STYLE('',(#11316));
#11316 = FILL_AREA_STYLE_COLOUR('',#9097);
#11317 = CURVE_STYLE('',#11318,POSITIVE_LENGTH_MEASURE(0.1),#9097);
#11318 = DRAUGHTING_PRE_DEFINED_CURVE_FONT('continuous');
#11319 = OVER_RIDING_STYLED_ITEM('overriding color',(#11320),#6044,
  #11310);
#11320 = PRESENTATION_STYLE_ASSIGNMENT((#11321,#11326));
#11321 = SURFACE_STYLE_USAGE(.BOTH.,#11322);
#11322 = SURFACE_SIDE_STYLE('',(#11323));
#11323 = SURFACE_STYLE_FILL_AREA(#11324);
#11324 = FILL_AREA_STYLE('',(#11325));
#11325 = FILL_AREA_STYLE_COLOUR('',#9264);
#11326 = CURVE_STYLE('',#11327,POSITIVE_LENGTH_MEASURE(0.1),#9264);
#11327 = DRAUGHTING_PRE_DEFINED_CURVE_FONT('continuous');
#11328 = STYLED_ITEM('color',(#11329),#6056);
#11329 = PRESENTATION_STYLE_ASSIGNMENT((#11330,#11335));
#11330 = SURFACE_STYLE_USAGE(.BOTH.,#11331);
#11331 = SURFACE_SIDE_STYLE('',(#11332));
#11332 = SURFACE_STYLE_FILL_AREA(#11333);
#11333 = FILL_AREA_STYLE('',(#11334));
#11334 = FILL_AREA_STYLE_COLOUR('',#9264);
#11335 = CURVE_STYLE('',#11336,POSITIVE_LENGTH_MEASURE(0.1),#9264);
#11336 = DRAUGHTING_PRE_DEFINED_CURVE_FONT('continuous');
#11337 = STYLED_ITEM('color',(#11338),#6105);
#11338 = PRESENTATION_STYLE_ASSIGNMENT((#11339,#11344));
#11339 = SURFACE_STYLE_USAGE(.BOTH.,#11340);
#11340 = SURFACE_SIDE_STYLE('',(#11341));
#11341 = SURFACE_STYLE_FILL_AREA(#11342);
#11342 = FILL_AREA_STYLE('',(#11343));
#11343 = FILL_AREA_STYLE_COLOUR('',#9264);
#11344 = CURVE_STYLE('',#11345,POSITIVE_LENGTH_MEASURE(0.1),#9264);
#11345 = DRAUGHTING_PRE_DEFINED_CURVE_FONT('continuous');
#11346 = STYLED_ITEM('color',(#11347),#6129);
#11347 = PRESENTATION_STYLE_ASSIGNMENT((#11348,#11353));
#11348 = SURFACE_STYLE_USAGE(.BOTH.,#11349);
#11349 = SURFACE_SIDE_STYLE('',(#11350));
#11350 = SURFACE_STYLE_FILL_AREA(#11351);
#11351 = FILL_AREA_STYLE('',(#11352));
#11352 = FILL_AREA_STYLE_COLOUR('',#9264);
#11353 = CURVE_STYLE('',#11354,POSITIVE_LENGTH_MEASURE(0.1),#9264);
#11354 = DRAUGHTING_PRE_DEFINED_CURVE_FONT('continuous');
#11355 = STYLED_ITEM('color',(#11356),#6171);
#11356 = PRESENTATION_STYLE_ASSIGNMENT((#11357,#11362));
#11357 = SURFACE_STYLE_USAGE(.BOTH.,#11358);
#11358 = SURFACE_SIDE_STYLE('',(#11359));
#11359 = SURFACE_STYLE_FILL_AREA(#11360);
#11360 = FILL_AREA_STYLE('',(#11361));
#11361 = FILL_AREA_STYLE_COLOUR('',#9264);
#11362 = CURVE_STYLE('',#11363,POSITIVE_LENGTH_MEASURE(0.1),#9264);
#11363 = DRAUGHTING_PRE_DEFINED_CURVE_FONT('continuous');
#11364 = STYLED_ITEM('color',(#11365),#6188);
#11365 = PRESENTATION_STYLE_ASSIGNMENT((#11366,#11371));
#11366 = SURFACE_STYLE_USAGE(.BOTH.,#11367);
#11367 = SURFACE_SIDE_STYLE('',(#11368));
#11368 = SURFACE_STYLE_FILL_AREA(#11369);
#11369 = FILL_AREA_STYLE('',(#11370));
#11370 = FILL_AREA_STYLE_COLOUR('',#9097);
#11371 = CURVE_STYLE('',#11372,POSITIVE_LENGTH_MEASURE(0.1),#9097);
#11372 = DRAUGHTING_PRE_DEFINED_CURVE_FONT('continuous');
#11373 = OVER_RIDING_STYLED_ITEM('overriding color',(#11374),#6195,
  #11364);
#11374 = PRESENTATION_STYLE_ASSIGNMENT((#11375,#11380));
#11375 = SURFACE_STYLE_USAGE(.BOTH.,#11376);
#11376 = SURFACE_SIDE_STYLE('',(#11377));
#11377 = SURFACE_STYLE_FILL_AREA(#11378);
#11378 = FILL_AREA_STYLE('',(#11379));
#11379 = FILL_AREA_STYLE_COLOUR('',#9264);
#11380 = CURVE_STYLE('',#11381,POSITIVE_LENGTH_MEASURE(0.1),#9264);
#11381 = DRAUGHTING_PRE_DEFINED_CURVE_FONT('continuous');
#11382 = STYLED_ITEM('color',(#11383),#6205);
#11383 = PRESENTATION_STYLE_ASSIGNMENT((#11384,#11389));
#11384 = SURFACE_STYLE_USAGE(.BOTH.,#11385);
#11385 = SURFACE_SIDE_STYLE('',(#11386));
#11386 = SURFACE_STYLE_FILL_AREA(#11387);
#11387 = FILL_AREA_STYLE('',(#11388));
#11388 = FILL_AREA_STYLE_COLOUR('',#9097);
#11389 = CURVE_STYLE('',#11390,POSITIVE_LENGTH_MEASURE(0.1),#9097);
#11390 = DRAUGHTING_PRE_DEFINED_CURVE_FONT('continuous');
#11391 = OVER_RIDING_STYLED_ITEM('overriding color',(#11392),#6210,
  #11382);
#11392 = PRESENTATION_STYLE_ASSIGNMENT((#11393,#11398));
#11393 = SURFACE_STYLE_USAGE(.BOTH.,#11394);
#11394 = SURFACE_SIDE_STYLE('',(#11395));
#11395 = SURFACE_STYLE_FILL_AREA(#11396);
#11396 = FILL_AREA_STYLE('',(#11397));
#11397 = FILL_AREA_STYLE_COLOUR('',#9264);
#11398 = CURVE_STYLE('',#11399,POSITIVE_LENGTH_MEASURE(0.1),#9264);
#11399 = DRAUGHTING_PRE_DEFINED_CURVE_FONT('continuous');
#11400 = STYLED_ITEM('color',(#11401),#6222);
#11401 = PRESENTATION_STYLE_ASSIGNMENT((#11402,#11407));
#11402 = SURFACE_STYLE_USAGE(.BOTH.,#11403);
#11403 = SURFACE_SIDE_STYLE('',(#11404));
#11404 = SURFACE_STYLE_FILL_AREA(#11405);
#11405 = FILL_AREA_STYLE('',(#11406));
#11406 = FILL_AREA_STYLE_COLOUR('',#9264);
#11407 = CURVE_STYLE('',#11408,POSITIVE_LENGTH_MEASURE(0.1),#9264);
#11408 = DRAUGHTING_PRE_DEFINED_CURVE_FONT('continuous');
#11409 = STYLED_ITEM('color',(#11410),#6271);
#11410 = PRESENTATION_STYLE_ASSIGNMENT((#11411,#11416));
#11411 = SURFACE_STYLE_USAGE(.BOTH.,#11412);
#11412 = SURFACE_SIDE_STYLE('',(#11413));
#11413 = SURFACE_STYLE_FILL_AREA(#11414);
#11414 = FILL_AREA_STYLE('',(#11415));
#11415 = FILL_AREA_STYLE_COLOUR('',#9264);
#11416 = CURVE_STYLE('',#11417,POSITIVE_LENGTH_MEASURE(0.1),#9264);
#11417 = DRAUGHTING_PRE_DEFINED_CURVE_FONT('continuous');
#11418 = STYLED_ITEM('color',(#11419),#6295);
#11419 = PRESENTATION_STYLE_ASSIGNMENT((#11420,#11425));
#11420 = SURFACE_STYLE_USAGE(.BOTH.,#11421);
#11421 = SURFACE_SIDE_STYLE('',(#11422));
#11422 = SURFACE_STYLE_FILL_AREA(#11423);
#11423 = FILL_AREA_STYLE('',(#11424));
#11424 = FILL_AREA_STYLE_COLOUR('',#9264);
#11425 = CURVE_STYLE('',#11426,POSITIVE_LENGTH_MEASURE(0.1),#9264);
#11426 = DRAUGHTING_PRE_DEFINED_CURVE_FONT('continuous');
#11427 = STYLED_ITEM('color',(#11428),#6337);
#11428 = PRESENTATION_STYLE_ASSIGNMENT((#11429,#11434));
#11429 = SURFACE_STYLE_USAGE(.BOTH.,#11430);
#11430 = SURFACE_SIDE_STYLE('',(#11431));
#11431 = SURFACE_STYLE_FILL_AREA(#11432);
#11432 = FILL_AREA_STYLE('',(#11433));
#11433 = FILL_AREA_STYLE_COLOUR('',#9264);
#11434 = CURVE_STYLE('',#11435,POSITIVE_LENGTH_MEASURE(0.1),#9264);
#11435 = DRAUGHTING_PRE_DEFINED_CURVE_FONT('continuous');
#11436 = STYLED_ITEM('color',(#11437),#6354);
#11437 = PRESENTATION_STYLE_ASSIGNMENT((#11438,#11443));
#11438 = SURFACE_STYLE_USAGE(.BOTH.,#11439);
#11439 = SURFACE_SIDE_STYLE('',(#11440));
#11440 = SURFACE_STYLE_FILL_AREA(#11441);
#11441 = FILL_AREA_STYLE('',(#11442));
#11442 = FILL_AREA_STYLE_COLOUR('',#9097);
#11443 = CURVE_STYLE('',#11444,POSITIVE_LENGTH_MEASURE(0.1),#9097);
#11444 = DRAUGHTING_PRE_DEFINED_CURVE_FONT('continuous');
#11445 = OVER_RIDING_STYLED_ITEM('overriding color',(#11446),#6361,
  #11436);
#11446 = PRESENTATION_STYLE_ASSIGNMENT((#11447,#11452));
#11447 = SURFACE_STYLE_USAGE(.BOTH.,#11448);
#11448 = SURFACE_SIDE_STYLE('',(#11449));
#11449 = SURFACE_STYLE_FILL_AREA(#11450);
#11450 = FILL_AREA_STYLE('',(#11451));
#11451 = FILL_AREA_STYLE_COLOUR('',#9264);
#11452 = CURVE_STYLE('',#11453,POSITIVE_LENGTH_MEASURE(0.1),#9264);
#11453 = DRAUGHTING_PRE_DEFINED_CURVE_FONT('continuous');
#11454 = STYLED_ITEM('color',(#11455),#6371);
#11455 = PRESENTATION_STYLE_ASSIGNMENT((#11456,#11461));
#11456 = SURFACE_STYLE_USAGE(.BOTH.,#11457);
#11457 = SURFACE_SIDE_STYLE('',(#11458));
#11458 = SURFACE_STYLE_FILL_AREA(#11459);
#11459 = FILL_AREA_STYLE('',(#11460));
#11460 = FILL_AREA_STYLE_COLOUR('',#9097);
#11461 = CURVE_STYLE('',#11462,POSITIVE_LENGTH_MEASURE(0.1),#9097);
#11462 = DRAUGHTING_PRE_DEFINED_CURVE_FONT('continuous');
#11463 = OVER_RIDING_STYLED_ITEM('overriding color',(#11464),#6376,
  #11454);
#11464 = PRESENTATION_STYLE_ASSIGNMENT((#11465,#11470));
#11465 = SURFACE_STYLE_USAGE(.BOTH.,#11466);
#11466 = SURFACE_SIDE_STYLE('',(#11467));
#11467 = SURFACE_STYLE_FILL_AREA(#11468);
#11468 = FILL_AREA_STYLE('',(#11469));
#11469 = FILL_AREA_STYLE_COLOUR('',#9264);
#11470 = CURVE_STYLE('',#11471,POSITIVE_LENGTH_MEASURE(0.1),#9264);
#11471 = DRAUGHTING_PRE_DEFINED_CURVE_FONT('continuous');
#11472 = STYLED_ITEM('color',(#11473),#6388);
#11473 = PRESENTATION_STYLE_ASSIGNMENT((#11474,#11479));
#11474 = SURFACE_STYLE_USAGE(.BOTH.,#11475);
#11475 = SURFACE_SIDE_STYLE('',(#11476));
#11476 = SURFACE_STYLE_FILL_AREA(#11477);
#11477 = FILL_AREA_STYLE('',(#11478));
#11478 = FILL_AREA_STYLE_COLOUR('',#9264);
#11479 = CURVE_STYLE('',#11480,POSITIVE_LENGTH_MEASURE(0.1),#9264);
#11480 = DRAUGHTING_PRE_DEFINED_CURVE_FONT('continuous');
#11481 = STYLED_ITEM('color',(#11482),#6437);
#11482 = PRESENTATION_STYLE_ASSIGNMENT((#11483,#11488));
#11483 = SURFACE_STYLE_USAGE(.BOTH.,#11484);
#11484 = SURFACE_SIDE_STYLE('',(#11485));
#11485 = SURFACE_STYLE_FILL_AREA(#11486);
#11486 = FILL_AREA_STYLE('',(#11487));
#11487 = FILL_AREA_STYLE_COLOUR('',#9264);
#11488 = CURVE_STYLE('',#11489,POSITIVE_LENGTH_MEASURE(0.1),#9264);
#11489 = DRAUGHTING_PRE_DEFINED_CURVE_FONT('continuous');
#11490 = STYLED_ITEM('color',(#11491),#6461);
#11491 = PRESENTATION_STYLE_ASSIGNMENT((#11492,#11497));
#11492 = SURFACE_STYLE_USAGE(.BOTH.,#11493);
#11493 = SURFACE_SIDE_STYLE('',(#11494));
#11494 = SURFACE_STYLE_FILL_AREA(#11495);
#11495 = FILL_AREA_STYLE('',(#11496));
#11496 = FILL_AREA_STYLE_COLOUR('',#9264);
#11497 = CURVE_STYLE('',#11498,POSITIVE_LENGTH_MEASURE(0.1),#9264);
#11498 = DRAUGHTING_PRE_DEFINED_CURVE_FONT('continuous');
#11499 = STYLED_ITEM('color',(#11500),#6503);
#11500 = PRESENTATION_STYLE_ASSIGNMENT((#11501,#11506));
#11501 = SURFACE_STYLE_USAGE(.BOTH.,#11502);
#11502 = SURFACE_SIDE_STYLE('',(#11503));
#11503 = SURFACE_STYLE_FILL_AREA(#11504);
#11504 = FILL_AREA_STYLE('',(#11505));
#11505 = FILL_AREA_STYLE_COLOUR('',#9264);
#11506 = CURVE_STYLE('',#11507,POSITIVE_LENGTH_MEASURE(0.1),#9264);
#11507 = DRAUGHTING_PRE_DEFINED_CURVE_FONT('continuous');
#11508 = STYLED_ITEM('color',(#11509),#6520);
#11509 = PRESENTATION_STYLE_ASSIGNMENT((#11510,#11515));
#11510 = SURFACE_STYLE_USAGE(.BOTH.,#11511);
#11511 = SURFACE_SIDE_STYLE('',(#11512));
#11512 = SURFACE_STYLE_FILL_AREA(#11513);
#11513 = FILL_AREA_STYLE('',(#11514));
#11514 = FILL_AREA_STYLE_COLOUR('',#9264);
#11515 = CURVE_STYLE('',#11516,POSITIVE_LENGTH_MEASURE(0.1),#9264);
#11516 = DRAUGHTING_PRE_DEFINED_CURVE_FONT('continuous');
#11517 = STYLED_ITEM('color',(#11518),#6537);
#11518 = PRESENTATION_STYLE_ASSIGNMENT((#11519,#11524));
#11519 = SURFACE_STYLE_USAGE(.BOTH.,#11520);
#11520 = SURFACE_SIDE_STYLE('',(#11521));
#11521 = SURFACE_STYLE_FILL_AREA(#11522);
#11522 = FILL_AREA_STYLE('',(#11523));
#11523 = FILL_AREA_STYLE_COLOUR('',#9264);
#11524 = CURVE_STYLE('',#11525,POSITIVE_LENGTH_MEASURE(0.1),#9264);
#11525 = DRAUGHTING_PRE_DEFINED_CURVE_FONT('continuous');
#11526 = STYLED_ITEM('color',(#11527),#6554);
#11527 = PRESENTATION_STYLE_ASSIGNMENT((#11528,#11533));
#11528 = SURFACE_STYLE_USAGE(.BOTH.,#11529);
#11529 = SURFACE_SIDE_STYLE('',(#11530));
#11530 = SURFACE_STYLE_FILL_AREA(#11531);
#11531 = FILL_AREA_STYLE('',(#11532));
#11532 = FILL_AREA_STYLE_COLOUR('',#9264);
#11533 = CURVE_STYLE('',#11534,POSITIVE_LENGTH_MEASURE(0.1),#9264);
#11534 = DRAUGHTING_PRE_DEFINED_CURVE_FONT('continuous');
#11535 = STYLED_ITEM('color',(#11536),#6566);
#11536 = PRESENTATION_STYLE_ASSIGNMENT((#11537,#11542));
#11537 = SURFACE_STYLE_USAGE(.BOTH.,#11538);
#11538 = SURFACE_SIDE_STYLE('',(#11539));
#11539 = SURFACE_STYLE_FILL_AREA(#11540);
#11540 = FILL_AREA_STYLE('',(#11541));
#11541 = FILL_AREA_STYLE_COLOUR('',#9264);
#11542 = CURVE_STYLE('',#11543,POSITIVE_LENGTH_MEASURE(0.1),#9264);
#11543 = DRAUGHTING_PRE_DEFINED_CURVE_FONT('continuous');
#11544 = STYLED_ITEM('color',(#11545),#6583);
#11545 = PRESENTATION_STYLE_ASSIGNMENT((#11546,#11551));
#11546 = SURFACE_STYLE_USAGE(.BOTH.,#11547);
#11547 = SURFACE_SIDE_STYLE('',(#11548));
#11548 = SURFACE_STYLE_FILL_AREA(#11549);
#11549 = FILL_AREA_STYLE('',(#11550));
#11550 = FILL_AREA_STYLE_COLOUR('',#9264);
#11551 = CURVE_STYLE('',#11552,POSITIVE_LENGTH_MEASURE(0.1),#9264);
#11552 = DRAUGHTING_PRE_DEFINED_CURVE_FONT('continuous');
#11553 = STYLED_ITEM('color',(#11554),#6600);
#11554 = PRESENTATION_STYLE_ASSIGNMENT((#11555,#11560));
#11555 = SURFACE_STYLE_USAGE(.BOTH.,#11556);
#11556 = SURFACE_SIDE_STYLE('',(#11557));
#11557 = SURFACE_STYLE_FILL_AREA(#11558);
#11558 = FILL_AREA_STYLE('',(#11559));
#11559 = FILL_AREA_STYLE_COLOUR('',#9264);
#11560 = CURVE_STYLE('',#11561,POSITIVE_LENGTH_MEASURE(0.1),#9264);
#11561 = DRAUGHTING_PRE_DEFINED_CURVE_FONT('continuous');
#11562 = STYLED_ITEM('color',(#11563),#6612);
#11563 = PRESENTATION_STYLE_ASSIGNMENT((#11564,#11569));
#11564 = SURFACE_STYLE_USAGE(.BOTH.,#11565);
#11565 = SURFACE_SIDE_STYLE('',(#11566));
#11566 = SURFACE_STYLE_FILL_AREA(#11567);
#11567 = FILL_AREA_STYLE('',(#11568));
#11568 = FILL_AREA_STYLE_COLOUR('',#9264);
#11569 = CURVE_STYLE('',#11570,POSITIVE_LENGTH_MEASURE(0.1),#9264);
#11570 = DRAUGHTING_PRE_DEFINED_CURVE_FONT('continuous');
#11571 = STYLED_ITEM('color',(#11572),#6629);
#11572 = PRESENTATION_STYLE_ASSIGNMENT((#11573,#11578));
#11573 = SURFACE_STYLE_USAGE(.BOTH.,#11574);
#11574 = SURFACE_SIDE_STYLE('',(#11575));
#11575 = SURFACE_STYLE_FILL_AREA(#11576);
#11576 = FILL_AREA_STYLE('',(#11577));
#11577 = FILL_AREA_STYLE_COLOUR('',#9264);
#11578 = CURVE_STYLE('',#11579,POSITIVE_LENGTH_MEASURE(0.1),#9264);
#11579 = DRAUGHTING_PRE_DEFINED_CURVE_FONT('continuous');
#11580 = STYLED_ITEM('color',(#11581),#6646);
#11581 = PRESENTATION_STYLE_ASSIGNMENT((#11582,#11587));
#11582 = SURFACE_STYLE_USAGE(.BOTH.,#11583);
#11583 = SURFACE_SIDE_STYLE('',(#11584));
#11584 = SURFACE_STYLE_FILL_AREA(#11585);
#11585 = FILL_AREA_STYLE('',(#11586));
#11586 = FILL_AREA_STYLE_COLOUR('',#9264);
#11587 = CURVE_STYLE('',#11588,POSITIVE_LENGTH_MEASURE(0.1),#9264);
#11588 = DRAUGHTING_PRE_DEFINED_CURVE_FONT('continuous');
#11589 = STYLED_ITEM('color',(#11590),#6658);
#11590 = PRESENTATION_STYLE_ASSIGNMENT((#11591,#11596));
#11591 = SURFACE_STYLE_USAGE(.BOTH.,#11592);
#11592 = SURFACE_SIDE_STYLE('',(#11593));
#11593 = SURFACE_STYLE_FILL_AREA(#11594);
#11594 = FILL_AREA_STYLE('',(#11595));
#11595 = FILL_AREA_STYLE_COLOUR('',#9264);
#11596 = CURVE_STYLE('',#11597,POSITIVE_LENGTH_MEASURE(0.1),#9264);
#11597 = DRAUGHTING_PRE_DEFINED_CURVE_FONT('continuous');
#11598 = STYLED_ITEM('color',(#11599),#6675);
#11599 = PRESENTATION_STYLE_ASSIGNMENT((#11600,#11605));
#11600 = SURFACE_STYLE_USAGE(.BOTH.,#11601);
#11601 = SURFACE_SIDE_STYLE('',(#11602));
#11602 = SURFACE_STYLE_FILL_AREA(#11603);
#11603 = FILL_AREA_STYLE('',(#11604));
#11604 = FILL_AREA_STYLE_COLOUR('',#9264);
#11605 = CURVE_STYLE('',#11606,POSITIVE_LENGTH_MEASURE(0.1),#9264);
#11606 = DRAUGHTING_PRE_DEFINED_CURVE_FONT('continuous');
#11607 = STYLED_ITEM('color',(#11608),#6692);
#11608 = PRESENTATION_STYLE_ASSIGNMENT((#11609,#11614));
#11609 = SURFACE_STYLE_USAGE(.BOTH.,#11610);
#11610 = SURFACE_SIDE_STYLE('',(#11611));
#11611 = SURFACE_STYLE_FILL_AREA(#11612);
#11612 = FILL_AREA_STYLE('',(#11613));
#11613 = FILL_AREA_STYLE_COLOUR('',#9264);
#11614 = CURVE_STYLE('',#11615,POSITIVE_LENGTH_MEASURE(0.1),#9264);
#11615 = DRAUGHTING_PRE_DEFINED_CURVE_FONT('continuous');
#11616 = STYLED_ITEM('color',(#11617),#6704);
#11617 = PRESENTATION_STYLE_ASSIGNMENT((#11618,#11623));
#11618 = SURFACE_STYLE_USAGE(.BOTH.,#11619);
#11619 = SURFACE_SIDE_STYLE('',(#11620));
#11620 = SURFACE_STYLE_FILL_AREA(#11621);
#11621 = FILL_AREA_STYLE('',(#11622));
#11622 = FILL_AREA_STYLE_COLOUR('',#9264);
#11623 = CURVE_STYLE('',#11624,POSITIVE_LENGTH_MEASURE(0.1),#9264);
#11624 = DRAUGHTING_PRE_DEFINED_CURVE_FONT('continuous');
#11625 = STYLED_ITEM('color',(#11626),#6721);
#11626 = PRESENTATION_STYLE_ASSIGNMENT((#11627,#11632));
#11627 = SURFACE_STYLE_USAGE(.BOTH.,#11628);
#11628 = SURFACE_SIDE_STYLE('',(#11629));
#11629 = SURFACE_STYLE_FILL_AREA(#11630);
#11630 = FILL_AREA_STYLE('',(#11631));
#11631 = FILL_AREA_STYLE_COLOUR('',#9264);
#11632 = CURVE_STYLE('',#11633,POSITIVE_LENGTH_MEASURE(0.1),#9264);
#11633 = DRAUGHTING_PRE_DEFINED_CURVE_FONT('continuous');
#11634 = STYLED_ITEM('color',(#11635),#6738);
#11635 = PRESENTATION_STYLE_ASSIGNMENT((#11636,#11641));
#11636 = SURFACE_STYLE_USAGE(.BOTH.,#11637);
#11637 = SURFACE_SIDE_STYLE('',(#11638));
#11638 = SURFACE_STYLE_FILL_AREA(#11639);
#11639 = FILL_AREA_STYLE('',(#11640));
#11640 = FILL_AREA_STYLE_COLOUR('',#9264);
#11641 = CURVE_STYLE('',#11642,POSITIVE_LENGTH_MEASURE(0.1),#9264);
#11642 = DRAUGHTING_PRE_DEFINED_CURVE_FONT('continuous');
#11643 = STYLED_ITEM('color',(#11644),#6750);
#11644 = PRESENTATION_STYLE_ASSIGNMENT((#11645,#11650));
#11645 = SURFACE_STYLE_USAGE(.BOTH.,#11646);
#11646 = SURFACE_SIDE_STYLE('',(#11647));
#11647 = SURFACE_STYLE_FILL_AREA(#11648);
#11648 = FILL_AREA_STYLE('',(#11649));
#11649 = FILL_AREA_STYLE_COLOUR('',#9264);
#11650 = CURVE_STYLE('',#11651,POSITIVE_LENGTH_MEASURE(0.1),#9264);
#11651 = DRAUGHTING_PRE_DEFINED_CURVE_FONT('continuous');
#11652 = STYLED_ITEM('color',(#11653),#6767);
#11653 = PRESENTATION_STYLE_ASSIGNMENT((#11654,#11659));
#11654 = SURFACE_STYLE_USAGE(.BOTH.,#11655);
#11655 = SURFACE_SIDE_STYLE('',(#11656));
#11656 = SURFACE_STYLE_FILL_AREA(#11657);
#11657 = FILL_AREA_STYLE('',(#11658));
#11658 = FILL_AREA_STYLE_COLOUR('',#9264);
#11659 = CURVE_STYLE('',#11660,POSITIVE_LENGTH_MEASURE(0.1),#9264);
#11660 = DRAUGHTING_PRE_DEFINED_CURVE_FONT('continuous');
#11661 = STYLED_ITEM('color',(#11662),#6784);
#11662 = PRESENTATION_STYLE_ASSIGNMENT((#11663,#11668));
#11663 = SURFACE_STYLE_USAGE(.BOTH.,#11664);
#11664 = SURFACE_SIDE_STYLE('',(#11665));
#11665 = SURFACE_STYLE_FILL_AREA(#11666);
#11666 = FILL_AREA_STYLE('',(#11667));
#11667 = FILL_AREA_STYLE_COLOUR('',#9264);
#11668 = CURVE_STYLE('',#11669,POSITIVE_LENGTH_MEASURE(0.1),#9264);
#11669 = DRAUGHTING_PRE_DEFINED_CURVE_FONT('continuous');
#11670 = STYLED_ITEM('color',(#11671),#6796);
#11671 = PRESENTATION_STYLE_ASSIGNMENT((#11672,#11677));
#11672 = SURFACE_STYLE_USAGE(.BOTH.,#11673);
#11673 = SURFACE_SIDE_STYLE('',(#11674));
#11674 = SURFACE_STYLE_FILL_AREA(#11675);
#11675 = FILL_AREA_STYLE('',(#11676));
#11676 = FILL_AREA_STYLE_COLOUR('',#9264);
#11677 = CURVE_STYLE('',#11678,POSITIVE_LENGTH_MEASURE(0.1),#9264);
#11678 = DRAUGHTING_PRE_DEFINED_CURVE_FONT('continuous');
#11679 = STYLED_ITEM('color',(#11680),#6813);
#11680 = PRESENTATION_STYLE_ASSIGNMENT((#11681,#11686));
#11681 = SURFACE_STYLE_USAGE(.BOTH.,#11682);
#11682 = SURFACE_SIDE_STYLE('',(#11683));
#11683 = SURFACE_STYLE_FILL_AREA(#11684);
#11684 = FILL_AREA_STYLE('',(#11685));
#11685 = FILL_AREA_STYLE_COLOUR('',#9264);
#11686 = CURVE_STYLE('',#11687,POSITIVE_LENGTH_MEASURE(0.1),#9264);
#11687 = DRAUGHTING_PRE_DEFINED_CURVE_FONT('continuous');
#11688 = STYLED_ITEM('color',(#11689),#6830);
#11689 = PRESENTATION_STYLE_ASSIGNMENT((#11690,#11695));
#11690 = SURFACE_STYLE_USAGE(.BOTH.,#11691);
#11691 = SURFACE_SIDE_STYLE('',(#11692));
#11692 = SURFACE_STYLE_FILL_AREA(#11693);
#11693 = FILL_AREA_STYLE('',(#11694));
#11694 = FILL_AREA_STYLE_COLOUR('',#9264);
#11695 = CURVE_STYLE('',#11696,POSITIVE_LENGTH_MEASURE(0.1),#9264);
#11696 = DRAUGHTING_PRE_DEFINED_CURVE_FONT('continuous');
#11697 = STYLED_ITEM('color',(#11698),#6842);
#11698 = PRESENTATION_STYLE_ASSIGNMENT((#11699,#11704));
#11699 = SURFACE_STYLE_USAGE(.BOTH.,#11700);
#11700 = SURFACE_SIDE_STYLE('',(#11701));
#11701 = SURFACE_STYLE_FILL_AREA(#11702);
#11702 = FILL_AREA_STYLE('',(#11703));
#11703 = FILL_AREA_STYLE_COLOUR('',#9264);
#11704 = CURVE_STYLE('',#11705,POSITIVE_LENGTH_MEASURE(0.1),#9264);
#11705 = DRAUGHTING_PRE_DEFINED_CURVE_FONT('continuous');
#11706 = STYLED_ITEM('color',(#11707),#6859);
#11707 = PRESENTATION_STYLE_ASSIGNMENT((#11708,#11713));
#11708 = SURFACE_STYLE_USAGE(.BOTH.,#11709);
#11709 = SURFACE_SIDE_STYLE('',(#11710));
#11710 = SURFACE_STYLE_FILL_AREA(#11711);
#11711 = FILL_AREA_STYLE('',(#11712));
#11712 = FILL_AREA_STYLE_COLOUR('',#9264);
#11713 = CURVE_STYLE('',#11714,POSITIVE_LENGTH_MEASURE(0.1),#9264);
#11714 = DRAUGHTING_PRE_DEFINED_CURVE_FONT('continuous');
#11715 = STYLED_ITEM('color',(#11716),#6876);
#11716 = PRESENTATION_STYLE_ASSIGNMENT((#11717,#11722));
#11717 = SURFACE_STYLE_USAGE(.BOTH.,#11718);
#11718 = SURFACE_SIDE_STYLE('',(#11719));
#11719 = SURFACE_STYLE_FILL_AREA(#11720);
#11720 = FILL_AREA_STYLE('',(#11721));
#11721 = FILL_AREA_STYLE_COLOUR('',#9264);
#11722 = CURVE_STYLE('',#11723,POSITIVE_LENGTH_MEASURE(0.1),#9264);
#11723 = DRAUGHTING_PRE_DEFINED_CURVE_FONT('continuous');
ENDSEC;
END-ISO-10303-21;
