ISO-10303-21;
HEADER;
/* Generated by software containing ST-Developer
 * from STEP Tools, Inc. (www.steptools.com) 
 */
/* OPTION: using custom renumber hook */

FILE_DESCRIPTION(
/* description */ ('STEP AP242 Edition 2',
'CAx-IF Rec.Pracs.---Representation and Presentation of Product Manufa
cturing Information (PMI)---4.0---2014-10-13',
'CAx-IF Rec.Pracs.---3D Tessellated Geometry---0.4---2014-09-14','2;1',
'CAx-IF Rec.Pracs.---User Defined Attributes---1.5---2016-08-15'),
/* implementation_level */ '2;1');

FILE_NAME(
/* name */ '6ac0beb0db4687ee592ca18d',
/* time_stamp */ '2026-10-03T08:37:05Z',
/* author */ (''),
/* organization */ (''),
/* preprocessor_version */ 'ST-DEVELOPER v20',
/* originating_system */ 'ONSHAPE BY PTC INC, 1.221',
/* authorisation */ '  ');

FILE_SCHEMA (('AP242_MANAGED_MODEL_BASED_3D_ENGINEERING_MIM_LF { 1 0 10303 442 3 1 4 }'));
ENDSEC;

DATA;
#10=CONTEXT_DEPENDENT_SHAPE_REPRESENTATION(#26,#8031);
#11=CONTEXT_DEPENDENT_SHAPE_REPRESENTATION(#27,#8033);
#12=CONTEXT_DEPENDENT_SHAPE_REPRESENTATION(#28,#8035);
#13=CONTEXT_DEPENDENT_SHAPE_REPRESENTATION(#29,#8037);
#14=CONTEXT_DEPENDENT_SHAPE_REPRESENTATION(#30,#8039);
#15=CONTEXT_DEPENDENT_SHAPE_REPRESENTATION(#31,#8041);
#16=CONTEXT_DEPENDENT_SHAPE_REPRESENTATION(#32,#8043);
#17=CONTEXT_DEPENDENT_SHAPE_REPRESENTATION(#33,#8045);
#18=NEXT_ASSEMBLY_USAGE_OCCURRENCE('NAUO1',
'Open CASCADE STEP translator 7.9 2.1',
'Open CASCADE STEP translator 7.9 2.1',#8046,#8047,'');
#19=NEXT_ASSEMBLY_USAGE_OCCURRENCE('NAUO2','Part 1','Part 1',#8046,#8048,
'');
#20=NEXT_ASSEMBLY_USAGE_OCCURRENCE('NAUO3',
'Open CASCADE STEP translator 7.9 2.6',
'Open CASCADE STEP translator 7.9 2.6',#8046,#8049,'');
#21=NEXT_ASSEMBLY_USAGE_OCCURRENCE('NAUO4',
'Open CASCADE STEP translator 7.9 2.5',
'Open CASCADE STEP translator 7.9 2.5',#8046,#8050,'');
#22=NEXT_ASSEMBLY_USAGE_OCCURRENCE('NAUO5','Part 1','Part 1',#8046,#8051,
'');
#23=NEXT_ASSEMBLY_USAGE_OCCURRENCE('NAUO6',
'Open CASCADE STEP translator 7.9 2.2',
'Open CASCADE STEP translator 7.9 2.2',#8046,#8052,'');
#24=NEXT_ASSEMBLY_USAGE_OCCURRENCE('NAUO7',
'Open CASCADE STEP translator 7.9 2.4',
'Open CASCADE STEP translator 7.9 2.4',#8046,#8053,'');
#25=NEXT_ASSEMBLY_USAGE_OCCURRENCE('NAUO8',
'Open CASCADE STEP translator 7.9 2.3',
'Open CASCADE STEP translator 7.9 2.3',#8046,#8054,'');
#26=(
REPRESENTATION_RELATIONSHIP(' ',' ',#4711,#4710)
REPRESENTATION_RELATIONSHIP_WITH_TRANSFORMATION(#34)
SHAPE_REPRESENTATION_RELATIONSHIP()
);
#27=(
REPRESENTATION_RELATIONSHIP(' ',' ',#4712,#4710)
REPRESENTATION_RELATIONSHIP_WITH_TRANSFORMATION(#35)
SHAPE_REPRESENTATION_RELATIONSHIP()
);
#28=(
REPRESENTATION_RELATIONSHIP(' ',' ',#4713,#4710)
REPRESENTATION_RELATIONSHIP_WITH_TRANSFORMATION(#36)
SHAPE_REPRESENTATION_RELATIONSHIP()
);
#29=(
REPRESENTATION_RELATIONSHIP(' ',' ',#4714,#4710)
REPRESENTATION_RELATIONSHIP_WITH_TRANSFORMATION(#37)
SHAPE_REPRESENTATION_RELATIONSHIP()
);
#30=(
REPRESENTATION_RELATIONSHIP(' ',' ',#4715,#4710)
REPRESENTATION_RELATIONSHIP_WITH_TRANSFORMATION(#38)
SHAPE_REPRESENTATION_RELATIONSHIP()
);
#31=(
REPRESENTATION_RELATIONSHIP(' ',' ',#4716,#4710)
REPRESENTATION_RELATIONSHIP_WITH_TRANSFORMATION(#39)
SHAPE_REPRESENTATION_RELATIONSHIP()
);
#32=(
REPRESENTATION_RELATIONSHIP(' ',' ',#4717,#4710)
REPRESENTATION_RELATIONSHIP_WITH_TRANSFORMATION(#40)
SHAPE_REPRESENTATION_RELATIONSHIP()
);
#33=(
REPRESENTATION_RELATIONSHIP(' ',' ',#4718,#4710)
REPRESENTATION_RELATIONSHIP_WITH_TRANSFORMATION(#41)
SHAPE_REPRESENTATION_RELATIONSHIP()
);
#34=ITEM_DEFINED_TRANSFORMATION(' ',' ',#4719,#4960);
#35=ITEM_DEFINED_TRANSFORMATION(' ',' ',#4719,#5052);
#36=ITEM_DEFINED_TRANSFORMATION(' ',' ',#4719,#5071);
#37=ITEM_DEFINED_TRANSFORMATION(' ',' ',#4719,#5090);
#38=ITEM_DEFINED_TRANSFORMATION(' ',' ',#4719,#5121);
#39=ITEM_DEFINED_TRANSFORMATION(' ',' ',#4719,#5184);
#40=ITEM_DEFINED_TRANSFORMATION(' ',' ',#4719,#5203);
#41=ITEM_DEFINED_TRANSFORMATION(' ',' ',#4719,#5222);
#42=SHAPE_REPRESENTATION_RELATIONSHIP('','',#4711,#50);
#43=SHAPE_REPRESENTATION_RELATIONSHIP('','',#4712,#51);
#44=SHAPE_REPRESENTATION_RELATIONSHIP('','',#4713,#52);
#45=SHAPE_REPRESENTATION_RELATIONSHIP('','',#4714,#53);
#46=SHAPE_REPRESENTATION_RELATIONSHIP('','',#4715,#54);
#47=SHAPE_REPRESENTATION_RELATIONSHIP('','',#4716,#55);
#48=SHAPE_REPRESENTATION_RELATIONSHIP('','',#4717,#56);
#49=SHAPE_REPRESENTATION_RELATIONSHIP('','',#4718,#57);
#50=ADVANCED_BREP_SHAPE_REPRESENTATION('',(#4693),#8009);
#51=ADVANCED_BREP_SHAPE_REPRESENTATION('',(#4694),#8010);
#52=ADVANCED_BREP_SHAPE_REPRESENTATION('',(#4695),#8011);
#53=ADVANCED_BREP_SHAPE_REPRESENTATION('',(#4696),#8012);
#54=ADVANCED_BREP_SHAPE_REPRESENTATION('',(#4697),#8013);
#55=ADVANCED_BREP_SHAPE_REPRESENTATION('',(#4698),#8014);
#56=ADVANCED_BREP_SHAPE_REPRESENTATION('',(#4699),#8015);
#57=ADVANCED_BREP_SHAPE_REPRESENTATION('',(#4700),#8016);
#58=CYLINDRICAL_SURFACE('',#4752,0.004);
#59=CYLINDRICAL_SURFACE('',#4754,0.004);
#60=CYLINDRICAL_SURFACE('',#4765,0.004);
#61=CYLINDRICAL_SURFACE('',#4766,0.004);
#62=CYLINDRICAL_SURFACE('',#4768,0.0031);
#63=CYLINDRICAL_SURFACE('',#4772,0.00135);
#64=CYLINDRICAL_SURFACE('',#4776,0.00135);
#65=CYLINDRICAL_SURFACE('',#4778,0.00135);
#66=CYLINDRICAL_SURFACE('',#4782,0.00135);
#67=CYLINDRICAL_SURFACE('',#4784,0.00135);
#68=CYLINDRICAL_SURFACE('',#4788,0.00135);
#69=CYLINDRICAL_SURFACE('',#4790,0.00135);
#70=CYLINDRICAL_SURFACE('',#4794,0.00135);
#71=CYLINDRICAL_SURFACE('',#4796,0.0031);
#72=CYLINDRICAL_SURFACE('',#4800,0.00135);
#73=CYLINDRICAL_SURFACE('',#4804,0.00135);
#74=CYLINDRICAL_SURFACE('',#4806,0.00135);
#75=CYLINDRICAL_SURFACE('',#4810,0.00135);
#76=CYLINDRICAL_SURFACE('',#4812,0.00135);
#77=CYLINDRICAL_SURFACE('',#4816,0.00135);
#78=CYLINDRICAL_SURFACE('',#4818,0.00135);
#79=CYLINDRICAL_SURFACE('',#4822,0.00135);
#80=CYLINDRICAL_SURFACE('',#4824,0.0019);
#81=CYLINDRICAL_SURFACE('',#4826,0.0031);
#82=CYLINDRICAL_SURFACE('',#4830,0.00105);
#83=CYLINDRICAL_SURFACE('',#4834,0.00105);
#84=CYLINDRICAL_SURFACE('',#4836,0.00105);
#85=CYLINDRICAL_SURFACE('',#4840,0.00105);
#86=CYLINDRICAL_SURFACE('',#4842,0.0019);
#87=CYLINDRICAL_SURFACE('',#4844,0.0031);
#88=CYLINDRICAL_SURFACE('',#4848,0.0018);
#89=CYLINDRICAL_SURFACE('',#4851,0.0018);
#90=CYLINDRICAL_SURFACE('',#4854,0.0018);
#91=CYLINDRICAL_SURFACE('',#4857,0.0018);
#92=CYLINDRICAL_SURFACE('',#4914,0.0038);
#93=CYLINDRICAL_SURFACE('',#4917,0.0038);
#94=CYLINDRICAL_SURFACE('',#4920,0.00115);
#95=CYLINDRICAL_SURFACE('',#4923,0.00115);
#96=CYLINDRICAL_SURFACE('',#4924,0.00115);
#97=CYLINDRICAL_SURFACE('',#4927,0.00115);
#98=CYLINDRICAL_SURFACE('',#4928,0.00115);
#99=CYLINDRICAL_SURFACE('',#4931,0.00115);
#100=CYLINDRICAL_SURFACE('',#4932,0.00115);
#101=CYLINDRICAL_SURFACE('',#4935,0.00115);
#102=CYLINDRICAL_SURFACE('',#4936,0.00115);
#103=CYLINDRICAL_SURFACE('',#4939,0.00115);
#104=CYLINDRICAL_SURFACE('',#4940,0.00115);
#105=CYLINDRICAL_SURFACE('',#4943,0.00115);
#106=CYLINDRICAL_SURFACE('',#4944,0.00115);
#107=CYLINDRICAL_SURFACE('',#4947,0.00115);
#108=CYLINDRICAL_SURFACE('',#4948,0.00115);
#109=CYLINDRICAL_SURFACE('',#4951,0.00115);
#110=CYLINDRICAL_SURFACE('',#4952,0.0008);
#111=CYLINDRICAL_SURFACE('',#4955,0.0008);
#112=CYLINDRICAL_SURFACE('',#4956,0.0008);
#113=CYLINDRICAL_SURFACE('',#4959,0.0008);
#114=CYLINDRICAL_SURFACE('',#4979,0.004);
#115=CYLINDRICAL_SURFACE('',#4985,0.004);
#116=CYLINDRICAL_SURFACE('',#4986,0.00045);
#117=CYLINDRICAL_SURFACE('',#4989,0.00045);
#118=CYLINDRICAL_SURFACE('',#4992,0.00045);
#119=CYLINDRICAL_SURFACE('',#4995,0.00045);
#120=CYLINDRICAL_SURFACE('',#4999,0.004);
#121=CYLINDRICAL_SURFACE('',#5000,0.0038);
#122=CYLINDRICAL_SURFACE('',#5004,0.004);
#123=CYLINDRICAL_SURFACE('',#5005,0.0038);
#124=CYLINDRICAL_SURFACE('',#5009,0.0038);
#125=CYLINDRICAL_SURFACE('',#5012,0.0038);
#126=CYLINDRICAL_SURFACE('',#5014,0.0019);
#127=CYLINDRICAL_SURFACE('',#5016,0.0019);
#128=CYLINDRICAL_SURFACE('',#5018,0.0019);
#129=CYLINDRICAL_SURFACE('',#5020,0.0019);
#130=CYLINDRICAL_SURFACE('',#5025,0.001);
#131=CYLINDRICAL_SURFACE('',#5030,0.001);
#132=CYLINDRICAL_SURFACE('',#5037,0.0038);
#133=CYLINDRICAL_SURFACE('',#5039,0.0038);
#134=CYLINDRICAL_SURFACE('',#5046,0.0019);
#135=CYLINDRICAL_SURFACE('',#5048,0.0019);
#136=CYLINDRICAL_SURFACE('',#5060,0.0008);
#137=CYLINDRICAL_SURFACE('',#5062,0.0008);
#138=CYLINDRICAL_SURFACE('',#5066,0.0008);
#139=CYLINDRICAL_SURFACE('',#5068,0.0008);
#140=CYLINDRICAL_SURFACE('',#5079,0.0008);
#141=CYLINDRICAL_SURFACE('',#5081,0.0008);
#142=CYLINDRICAL_SURFACE('',#5085,0.0008);
#143=CYLINDRICAL_SURFACE('',#5087,0.0008);
#144=CYLINDRICAL_SURFACE('',#5100,0.001);
#145=CYLINDRICAL_SURFACE('',#5103,0.001);
#146=CYLINDRICAL_SURFACE('',#5105,0.001725);
#147=CYLINDRICAL_SURFACE('',#5107,0.001);
#148=CYLINDRICAL_SURFACE('',#5110,0.001);
#149=CYLINDRICAL_SURFACE('',#5112,0.001725);
#150=CYLINDRICAL_SURFACE('',#5114,0.0013);
#151=CYLINDRICAL_SURFACE('',#5116,0.0013);
#152=CYLINDRICAL_SURFACE('',#5140,0.00035);
#153=CYLINDRICAL_SURFACE('',#5143,0.00035);
#154=CYLINDRICAL_SURFACE('',#5146,0.00035);
#155=CYLINDRICAL_SURFACE('',#5149,0.00035);
#156=CYLINDRICAL_SURFACE('',#5152,0.00035);
#157=CYLINDRICAL_SURFACE('',#5155,0.00035);
#158=CYLINDRICAL_SURFACE('',#5157,0.00035);
#159=CYLINDRICAL_SURFACE('',#5160,0.00035);
#160=CYLINDRICAL_SURFACE('',#5163,0.00035);
#161=CYLINDRICAL_SURFACE('',#5166,0.00035);
#162=CYLINDRICAL_SURFACE('',#5168,0.00035);
#163=CYLINDRICAL_SURFACE('',#5171,0.00035);
#164=CYLINDRICAL_SURFACE('',#5173,0.00035);
#165=CYLINDRICAL_SURFACE('',#5176,0.00035);
#166=CYLINDRICAL_SURFACE('',#5179,0.00035);
#167=CYLINDRICAL_SURFACE('',#5181,0.00035);
#168=CYLINDRICAL_SURFACE('',#5192,0.0008);
#169=CYLINDRICAL_SURFACE('',#5194,0.0008);
#170=CYLINDRICAL_SURFACE('',#5198,0.0008);
#171=CYLINDRICAL_SURFACE('',#5200,0.0008);
#172=CYLINDRICAL_SURFACE('',#5211,0.0008);
#173=CYLINDRICAL_SURFACE('',#5213,0.0008);
#174=CYLINDRICAL_SURFACE('',#5217,0.0008);
#175=CYLINDRICAL_SURFACE('',#5219,0.0008);
#176=CIRCLE('',#4722,0.004);
#177=CIRCLE('',#4723,0.004);
#178=CIRCLE('',#4724,0.004);
#179=CIRCLE('',#4725,0.004);
#180=CIRCLE('',#4726,0.0031);
#181=CIRCLE('',#4727,0.00135);
#182=CIRCLE('',#4728,0.00135);
#183=CIRCLE('',#4729,0.00135);
#184=CIRCLE('',#4730,0.00135);
#185=CIRCLE('',#4731,0.00135);
#186=CIRCLE('',#4732,0.00135);
#187=CIRCLE('',#4733,0.00135);
#188=CIRCLE('',#4734,0.00135);
#189=CIRCLE('',#4735,0.0031);
#190=CIRCLE('',#4736,0.00135);
#191=CIRCLE('',#4737,0.00135);
#192=CIRCLE('',#4738,0.00135);
#193=CIRCLE('',#4739,0.00135);
#194=CIRCLE('',#4740,0.00135);
#195=CIRCLE('',#4741,0.00135);
#196=CIRCLE('',#4742,0.00135);
#197=CIRCLE('',#4743,0.00135);
#198=CIRCLE('',#4744,0.0019);
#199=CIRCLE('',#4745,0.0031);
#200=CIRCLE('',#4746,0.00105);
#201=CIRCLE('',#4747,0.00105);
#202=CIRCLE('',#4748,0.00105);
#203=CIRCLE('',#4749,0.00105);
#204=CIRCLE('',#4750,0.0019);
#205=CIRCLE('',#4751,0.0031);
#206=CIRCLE('',#4753,0.004);
#207=CIRCLE('',#4755,0.004);
#208=CIRCLE('',#4757,0.004);
#209=CIRCLE('',#4758,0.004);
#210=CIRCLE('',#4759,0.0018);
#211=CIRCLE('',#4760,0.0018);
#212=CIRCLE('',#4761,0.0018);
#213=CIRCLE('',#4762,0.0018);
#214=CIRCLE('',#4769,0.0031);
#215=CIRCLE('',#4770,0.0031);
#216=CIRCLE('',#4771,0.0031);
#217=CIRCLE('',#4773,0.00135);
#218=CIRCLE('',#4777,0.00135);
#219=CIRCLE('',#4779,0.00135);
#220=CIRCLE('',#4783,0.00135);
#221=CIRCLE('',#4785,0.00135);
#222=CIRCLE('',#4789,0.00135);
#223=CIRCLE('',#4791,0.00135);
#224=CIRCLE('',#4795,0.00135);
#225=CIRCLE('',#4797,0.0031);
#226=CIRCLE('',#4798,0.0031);
#227=CIRCLE('',#4799,0.0031);
#228=CIRCLE('',#4801,0.00135);
#229=CIRCLE('',#4805,0.00135);
#230=CIRCLE('',#4807,0.00135);
#231=CIRCLE('',#4811,0.00135);
#232=CIRCLE('',#4813,0.00135);
#233=CIRCLE('',#4817,0.00135);
#234=CIRCLE('',#4819,0.00135);
#235=CIRCLE('',#4823,0.00135);
#236=CIRCLE('',#4825,0.0019);
#237=CIRCLE('',#4827,0.0031);
#238=CIRCLE('',#4828,0.0031);
#239=CIRCLE('',#4829,0.0031);
#240=CIRCLE('',#4831,0.00105);
#241=CIRCLE('',#4835,0.00105);
#242=CIRCLE('',#4837,0.00105);
#243=CIRCLE('',#4841,0.00105);
#244=CIRCLE('',#4843,0.0019);
#245=CIRCLE('',#4845,0.0031);
#246=CIRCLE('',#4846,0.0031);
#247=CIRCLE('',#4847,0.0031);
#248=CIRCLE('',#4849,0.0018);
#249=CIRCLE('',#4852,0.0018);
#250=CIRCLE('',#4855,0.0018);
#251=CIRCLE('',#4858,0.0018);
#252=CIRCLE('',#4861,0.0038);
#253=CIRCLE('',#4862,0.0038);
#254=CIRCLE('',#4863,0.00115);
#255=CIRCLE('',#4864,0.00115);
#256=CIRCLE('',#4865,0.00115);
#257=CIRCLE('',#4866,0.00115);
#258=CIRCLE('',#4867,0.00115);
#259=CIRCLE('',#4868,0.00115);
#260=CIRCLE('',#4869,0.00115);
#261=CIRCLE('',#4870,0.00115);
#262=CIRCLE('',#4871,0.00115);
#263=CIRCLE('',#4872,0.00115);
#264=CIRCLE('',#4873,0.00115);
#265=CIRCLE('',#4874,0.00115);
#266=CIRCLE('',#4875,0.00115);
#267=CIRCLE('',#4876,0.00115);
#268=CIRCLE('',#4877,0.00115);
#269=CIRCLE('',#4878,0.00115);
#270=CIRCLE('',#4879,0.0008);
#271=CIRCLE('',#4880,0.0008);
#272=CIRCLE('',#4881,0.0008);
#273=CIRCLE('',#4882,0.0008);
#274=CIRCLE('',#4885,0.00115);
#275=CIRCLE('',#4886,0.00115);
#276=CIRCLE('',#4887,0.00115);
#277=CIRCLE('',#4888,0.00115);
#278=CIRCLE('',#4890,0.00115);
#279=CIRCLE('',#4891,0.00115);
#280=CIRCLE('',#4892,0.00115);
#281=CIRCLE('',#4893,0.00115);
#282=CIRCLE('',#4896,0.00115);
#283=CIRCLE('',#4897,0.00115);
#284=CIRCLE('',#4898,0.00115);
#285=CIRCLE('',#4899,0.00115);
#286=CIRCLE('',#4901,0.00115);
#287=CIRCLE('',#4902,0.00115);
#288=CIRCLE('',#4903,0.00115);
#289=CIRCLE('',#4904,0.00115);
#290=CIRCLE('',#4908,0.0008);
#291=CIRCLE('',#4909,0.0008);
#292=CIRCLE('',#4910,0.0008);
#293=CIRCLE('',#4911,0.0008);
#294=CIRCLE('',#4915,0.0038);
#295=CIRCLE('',#4918,0.0038);
#296=CIRCLE('',#4962,0.00045);
#297=CIRCLE('',#4963,0.00045);
#298=CIRCLE('',#4964,0.00045);
#299=CIRCLE('',#4965,0.00045);
#300=CIRCLE('',#4967,0.004);
#301=CIRCLE('',#4968,0.004);
#302=CIRCLE('',#4969,0.004);
#303=CIRCLE('',#4970,0.004);
#304=CIRCLE('',#4971,0.0038);
#305=CIRCLE('',#4972,0.0038);
#306=CIRCLE('',#4973,0.0038);
#307=CIRCLE('',#4974,0.0038);
#308=CIRCLE('',#4975,0.0019);
#309=CIRCLE('',#4976,0.0019);
#310=CIRCLE('',#4977,0.0019);
#311=CIRCLE('',#4978,0.0019);
#312=CIRCLE('',#4980,0.004);
#313=CIRCLE('',#4982,0.004);
#314=CIRCLE('',#4983,0.004);
#315=CIRCLE('',#4984,0.004);
#316=CIRCLE('',#4987,0.00045);
#317=CIRCLE('',#4990,0.00045);
#318=CIRCLE('',#4993,0.00045);
#319=CIRCLE('',#4996,0.00045);
#320=CIRCLE('',#5001,0.0038);
#321=CIRCLE('',#5006,0.0038);
#322=CIRCLE('',#5010,0.0038);
#323=CIRCLE('',#5013,0.0038);
#324=CIRCLE('',#5015,0.0019);
#325=CIRCLE('',#5017,0.0019);
#326=CIRCLE('',#5019,0.0019);
#327=CIRCLE('',#5021,0.0019);
#328=CIRCLE('',#5023,0.0038);
#329=CIRCLE('',#5024,0.0038);
#330=CIRCLE('',#5026,0.001);
#331=CIRCLE('',#5027,0.001);
#332=CIRCLE('',#5029,0.001);
#333=CIRCLE('',#5031,0.001);
#334=CIRCLE('',#5038,0.0038);
#335=CIRCLE('',#5040,0.0038);
#336=CIRCLE('',#5043,0.0019);
#337=CIRCLE('',#5045,0.0019);
#338=CIRCLE('',#5047,0.0019);
#339=CIRCLE('',#5049,0.0019);
#340=CIRCLE('',#5055,0.0008);
#341=CIRCLE('',#5056,0.0008);
#342=CIRCLE('',#5057,0.0008);
#343=CIRCLE('',#5058,0.0008);
#344=CIRCLE('',#5061,0.0008);
#345=CIRCLE('',#5063,0.0008);
#346=CIRCLE('',#5067,0.0008);
#347=CIRCLE('',#5069,0.0008);
#348=CIRCLE('',#5074,0.0008);
#349=CIRCLE('',#5075,0.0008);
#350=CIRCLE('',#5076,0.0008);
#351=CIRCLE('',#5077,0.0008);
#352=CIRCLE('',#5080,0.0008);
#353=CIRCLE('',#5082,0.0008);
#354=CIRCLE('',#5086,0.0008);
#355=CIRCLE('',#5088,0.0008);
#356=CIRCLE('',#5092,0.001);
#357=CIRCLE('',#5093,0.001725);
#358=CIRCLE('',#5094,0.001);
#359=CIRCLE('',#5095,0.001);
#360=CIRCLE('',#5096,0.001725);
#361=CIRCLE('',#5097,0.001);
#362=CIRCLE('',#5098,0.0013);
#363=CIRCLE('',#5099,0.0013);
#364=CIRCLE('',#5101,0.001);
#365=CIRCLE('',#5104,0.001);
#366=CIRCLE('',#5106,0.001725);
#367=CIRCLE('',#5108,0.001);
#368=CIRCLE('',#5111,0.001);
#369=CIRCLE('',#5113,0.001725);
#370=CIRCLE('',#5115,0.0013);
#371=CIRCLE('',#5117,0.0013);
#372=CIRCLE('',#5124,0.00035);
#373=CIRCLE('',#5125,0.00035);
#374=CIRCLE('',#5126,0.00035);
#375=CIRCLE('',#5127,0.00035);
#376=CIRCLE('',#5128,0.00035);
#377=CIRCLE('',#5129,0.00035);
#378=CIRCLE('',#5130,0.00035);
#379=CIRCLE('',#5131,0.00035);
#380=CIRCLE('',#5132,0.00035);
#381=CIRCLE('',#5133,0.00035);
#382=CIRCLE('',#5134,0.00035);
#383=CIRCLE('',#5135,0.00035);
#384=CIRCLE('',#5136,0.00035);
#385=CIRCLE('',#5137,0.00035);
#386=CIRCLE('',#5138,0.00035);
#387=CIRCLE('',#5139,0.00035);
#388=CIRCLE('',#5141,0.00035);
#389=CIRCLE('',#5144,0.00035);
#390=CIRCLE('',#5147,0.00035);
#391=CIRCLE('',#5150,0.00035);
#392=CIRCLE('',#5153,0.00035);
#393=CIRCLE('',#5156,0.00035);
#394=CIRCLE('',#5158,0.00035);
#395=CIRCLE('',#5161,0.00035);
#396=CIRCLE('',#5164,0.00035);
#397=CIRCLE('',#5167,0.00035);
#398=CIRCLE('',#5169,0.00035);
#399=CIRCLE('',#5172,0.00035);
#400=CIRCLE('',#5174,0.00035);
#401=CIRCLE('',#5177,0.00035);
#402=CIRCLE('',#5180,0.00035);
#403=CIRCLE('',#5182,0.00035);
#404=CIRCLE('',#5187,0.0008);
#405=CIRCLE('',#5188,0.0008);
#406=CIRCLE('',#5189,0.0008);
#407=CIRCLE('',#5190,0.0008);
#408=CIRCLE('',#5193,0.0008);
#409=CIRCLE('',#5195,0.0008);
#410=CIRCLE('',#5199,0.0008);
#411=CIRCLE('',#5201,0.0008);
#412=CIRCLE('',#5206,0.0008);
#413=CIRCLE('',#5207,0.0008);
#414=CIRCLE('',#5208,0.0008);
#415=CIRCLE('',#5209,0.0008);
#416=CIRCLE('',#5212,0.0008);
#417=CIRCLE('',#5214,0.0008);
#418=CIRCLE('',#5218,0.0008);
#419=CIRCLE('',#5220,0.0008);
#420=ORIENTED_EDGE('',*,*,#1740,.F.);
#421=ORIENTED_EDGE('',*,*,#1741,.F.);
#422=ORIENTED_EDGE('',*,*,#1742,.T.);
#423=ORIENTED_EDGE('',*,*,#1743,.T.);
#424=ORIENTED_EDGE('',*,*,#1743,.F.);
#425=ORIENTED_EDGE('',*,*,#1744,.T.);
#426=ORIENTED_EDGE('',*,*,#1745,.T.);
#427=ORIENTED_EDGE('',*,*,#1746,.F.);
#428=ORIENTED_EDGE('',*,*,#1747,.T.);
#429=ORIENTED_EDGE('',*,*,#1748,.T.);
#430=ORIENTED_EDGE('',*,*,#1749,.F.);
#431=ORIENTED_EDGE('',*,*,#1750,.F.);
#432=ORIENTED_EDGE('',*,*,#1751,.T.);
#433=ORIENTED_EDGE('',*,*,#1752,.F.);
#434=ORIENTED_EDGE('',*,*,#1753,.T.);
#435=ORIENTED_EDGE('',*,*,#1754,.F.);
#436=ORIENTED_EDGE('',*,*,#1755,.F.);
#437=ORIENTED_EDGE('',*,*,#1756,.F.);
#438=ORIENTED_EDGE('',*,*,#1757,.F.);
#439=ORIENTED_EDGE('',*,*,#1758,.F.);
#440=ORIENTED_EDGE('',*,*,#1759,.T.);
#441=ORIENTED_EDGE('',*,*,#1760,.F.);
#442=ORIENTED_EDGE('',*,*,#1761,.T.);
#443=ORIENTED_EDGE('',*,*,#1762,.F.);
#444=ORIENTED_EDGE('',*,*,#1763,.F.);
#445=ORIENTED_EDGE('',*,*,#1764,.F.);
#446=ORIENTED_EDGE('',*,*,#1765,.F.);
#447=ORIENTED_EDGE('',*,*,#1766,.F.);
#448=ORIENTED_EDGE('',*,*,#1767,.T.);
#449=ORIENTED_EDGE('',*,*,#1768,.T.);
#450=ORIENTED_EDGE('',*,*,#1769,.F.);
#451=ORIENTED_EDGE('',*,*,#1770,.T.);
#452=ORIENTED_EDGE('',*,*,#1771,.F.);
#453=ORIENTED_EDGE('',*,*,#1772,.F.);
#454=ORIENTED_EDGE('',*,*,#1773,.F.);
#455=ORIENTED_EDGE('',*,*,#1774,.F.);
#456=ORIENTED_EDGE('',*,*,#1775,.F.);
#457=ORIENTED_EDGE('',*,*,#1776,.T.);
#458=ORIENTED_EDGE('',*,*,#1777,.F.);
#459=ORIENTED_EDGE('',*,*,#1778,.T.);
#460=ORIENTED_EDGE('',*,*,#1779,.F.);
#461=ORIENTED_EDGE('',*,*,#1780,.F.);
#462=ORIENTED_EDGE('',*,*,#1781,.F.);
#463=ORIENTED_EDGE('',*,*,#1782,.F.);
#464=ORIENTED_EDGE('',*,*,#1783,.F.);
#465=ORIENTED_EDGE('',*,*,#1784,.T.);
#466=ORIENTED_EDGE('',*,*,#1785,.T.);
#467=ORIENTED_EDGE('',*,*,#1786,.T.);
#468=ORIENTED_EDGE('',*,*,#1787,.F.);
#469=ORIENTED_EDGE('',*,*,#1788,.T.);
#470=ORIENTED_EDGE('',*,*,#1789,.F.);
#471=ORIENTED_EDGE('',*,*,#1790,.F.);
#472=ORIENTED_EDGE('',*,*,#1791,.F.);
#473=ORIENTED_EDGE('',*,*,#1792,.F.);
#474=ORIENTED_EDGE('',*,*,#1793,.F.);
#475=ORIENTED_EDGE('',*,*,#1794,.T.);
#476=ORIENTED_EDGE('',*,*,#1795,.T.);
#477=ORIENTED_EDGE('',*,*,#1796,.T.);
#478=ORIENTED_EDGE('',*,*,#1797,.T.);
#479=ORIENTED_EDGE('',*,*,#1798,.T.);
#480=ORIENTED_EDGE('',*,*,#1744,.F.);
#481=ORIENTED_EDGE('',*,*,#1742,.F.);
#482=ORIENTED_EDGE('',*,*,#1740,.T.);
#483=ORIENTED_EDGE('',*,*,#1750,.T.);
#484=ORIENTED_EDGE('',*,*,#1799,.F.);
#485=ORIENTED_EDGE('',*,*,#1800,.F.);
#486=ORIENTED_EDGE('',*,*,#1800,.T.);
#487=ORIENTED_EDGE('',*,*,#1801,.T.);
#488=ORIENTED_EDGE('',*,*,#1802,.F.);
#489=ORIENTED_EDGE('',*,*,#1803,.F.);
#490=ORIENTED_EDGE('',*,*,#1804,.T.);
#491=ORIENTED_EDGE('',*,*,#1805,.F.);
#492=ORIENTED_EDGE('',*,*,#1797,.F.);
#493=ORIENTED_EDGE('',*,*,#1741,.T.);
#494=ORIENTED_EDGE('',*,*,#1806,.T.);
#495=ORIENTED_EDGE('',*,*,#1807,.F.);
#496=ORIENTED_EDGE('',*,*,#1808,.T.);
#497=ORIENTED_EDGE('',*,*,#1809,.T.);
#498=ORIENTED_EDGE('',*,*,#1810,.F.);
#499=ORIENTED_EDGE('',*,*,#1811,.F.);
#500=ORIENTED_EDGE('',*,*,#1812,.F.);
#501=ORIENTED_EDGE('',*,*,#1813,.T.);
#502=ORIENTED_EDGE('',*,*,#1814,.T.);
#503=ORIENTED_EDGE('',*,*,#1745,.F.);
#504=ORIENTED_EDGE('',*,*,#1798,.F.);
#505=ORIENTED_EDGE('',*,*,#1805,.T.);
#506=ORIENTED_EDGE('',*,*,#1801,.F.);
#507=ORIENTED_EDGE('',*,*,#1799,.T.);
#508=ORIENTED_EDGE('',*,*,#1749,.T.);
#509=ORIENTED_EDGE('',*,*,#1815,.F.);
#510=ORIENTED_EDGE('',*,*,#1816,.T.);
#511=ORIENTED_EDGE('',*,*,#1746,.T.);
#512=ORIENTED_EDGE('',*,*,#1814,.F.);
#513=ORIENTED_EDGE('',*,*,#1804,.F.);
#514=ORIENTED_EDGE('',*,*,#1802,.T.);
#515=ORIENTED_EDGE('',*,*,#1815,.T.);
#516=ORIENTED_EDGE('',*,*,#1748,.F.);
#517=ORIENTED_EDGE('',*,*,#1817,.F.);
#518=ORIENTED_EDGE('',*,*,#1747,.F.);
#519=ORIENTED_EDGE('',*,*,#1816,.F.);
#520=ORIENTED_EDGE('',*,*,#1803,.T.);
#521=ORIENTED_EDGE('',*,*,#1817,.T.);
#522=ORIENTED_EDGE('',*,*,#1818,.T.);
#523=ORIENTED_EDGE('',*,*,#1819,.T.);
#524=ORIENTED_EDGE('',*,*,#1751,.F.);
#525=ORIENTED_EDGE('',*,*,#1819,.F.);
#526=ORIENTED_EDGE('',*,*,#1820,.T.);
#527=ORIENTED_EDGE('',*,*,#1821,.T.);
#528=ORIENTED_EDGE('',*,*,#1822,.F.);
#529=ORIENTED_EDGE('',*,*,#1823,.F.);
#530=ORIENTED_EDGE('',*,*,#1752,.T.);
#531=ORIENTED_EDGE('',*,*,#1824,.F.);
#532=ORIENTED_EDGE('',*,*,#1825,.F.);
#533=ORIENTED_EDGE('',*,*,#1826,.T.);
#534=ORIENTED_EDGE('',*,*,#1753,.F.);
#535=ORIENTED_EDGE('',*,*,#1826,.F.);
#536=ORIENTED_EDGE('',*,*,#1827,.T.);
#537=ORIENTED_EDGE('',*,*,#1828,.T.);
#538=ORIENTED_EDGE('',*,*,#1829,.F.);
#539=ORIENTED_EDGE('',*,*,#1824,.T.);
#540=ORIENTED_EDGE('',*,*,#1759,.F.);
#541=ORIENTED_EDGE('',*,*,#1830,.F.);
#542=ORIENTED_EDGE('',*,*,#1828,.F.);
#543=ORIENTED_EDGE('',*,*,#1831,.T.);
#544=ORIENTED_EDGE('',*,*,#1832,.T.);
#545=ORIENTED_EDGE('',*,*,#1754,.T.);
#546=ORIENTED_EDGE('',*,*,#1833,.F.);
#547=ORIENTED_EDGE('',*,*,#1834,.T.);
#548=ORIENTED_EDGE('',*,*,#1830,.T.);
#549=ORIENTED_EDGE('',*,*,#1758,.T.);
#550=ORIENTED_EDGE('',*,*,#1835,.T.);
#551=ORIENTED_EDGE('',*,*,#1755,.T.);
#552=ORIENTED_EDGE('',*,*,#1832,.F.);
#553=ORIENTED_EDGE('',*,*,#1836,.T.);
#554=ORIENTED_EDGE('',*,*,#1837,.F.);
#555=ORIENTED_EDGE('',*,*,#1838,.F.);
#556=ORIENTED_EDGE('',*,*,#1833,.T.);
#557=ORIENTED_EDGE('',*,*,#1757,.T.);
#558=ORIENTED_EDGE('',*,*,#1756,.T.);
#559=ORIENTED_EDGE('',*,*,#1835,.F.);
#560=ORIENTED_EDGE('',*,*,#1839,.F.);
#561=ORIENTED_EDGE('',*,*,#1837,.T.);
#562=ORIENTED_EDGE('',*,*,#1760,.T.);
#563=ORIENTED_EDGE('',*,*,#1840,.F.);
#564=ORIENTED_EDGE('',*,*,#1841,.F.);
#565=ORIENTED_EDGE('',*,*,#1842,.T.);
#566=ORIENTED_EDGE('',*,*,#1761,.F.);
#567=ORIENTED_EDGE('',*,*,#1842,.F.);
#568=ORIENTED_EDGE('',*,*,#1843,.T.);
#569=ORIENTED_EDGE('',*,*,#1844,.T.);
#570=ORIENTED_EDGE('',*,*,#1845,.F.);
#571=ORIENTED_EDGE('',*,*,#1840,.T.);
#572=ORIENTED_EDGE('',*,*,#1767,.F.);
#573=ORIENTED_EDGE('',*,*,#1846,.F.);
#574=ORIENTED_EDGE('',*,*,#1844,.F.);
#575=ORIENTED_EDGE('',*,*,#1847,.T.);
#576=ORIENTED_EDGE('',*,*,#1848,.T.);
#577=ORIENTED_EDGE('',*,*,#1762,.T.);
#578=ORIENTED_EDGE('',*,*,#1849,.F.);
#579=ORIENTED_EDGE('',*,*,#1850,.T.);
#580=ORIENTED_EDGE('',*,*,#1846,.T.);
#581=ORIENTED_EDGE('',*,*,#1766,.T.);
#582=ORIENTED_EDGE('',*,*,#1851,.T.);
#583=ORIENTED_EDGE('',*,*,#1763,.T.);
#584=ORIENTED_EDGE('',*,*,#1848,.F.);
#585=ORIENTED_EDGE('',*,*,#1852,.T.);
#586=ORIENTED_EDGE('',*,*,#1853,.F.);
#587=ORIENTED_EDGE('',*,*,#1854,.F.);
#588=ORIENTED_EDGE('',*,*,#1849,.T.);
#589=ORIENTED_EDGE('',*,*,#1765,.T.);
#590=ORIENTED_EDGE('',*,*,#1764,.T.);
#591=ORIENTED_EDGE('',*,*,#1851,.F.);
#592=ORIENTED_EDGE('',*,*,#1855,.F.);
#593=ORIENTED_EDGE('',*,*,#1853,.T.);
#594=ORIENTED_EDGE('',*,*,#1856,.F.);
#595=ORIENTED_EDGE('',*,*,#1857,.T.);
#596=ORIENTED_EDGE('',*,*,#1768,.F.);
#597=ORIENTED_EDGE('',*,*,#1857,.F.);
#598=ORIENTED_EDGE('',*,*,#1858,.F.);
#599=ORIENTED_EDGE('',*,*,#1859,.F.);
#600=ORIENTED_EDGE('',*,*,#1860,.T.);
#601=ORIENTED_EDGE('',*,*,#1861,.T.);
#602=ORIENTED_EDGE('',*,*,#1769,.T.);
#603=ORIENTED_EDGE('',*,*,#1862,.F.);
#604=ORIENTED_EDGE('',*,*,#1863,.F.);
#605=ORIENTED_EDGE('',*,*,#1864,.T.);
#606=ORIENTED_EDGE('',*,*,#1770,.F.);
#607=ORIENTED_EDGE('',*,*,#1864,.F.);
#608=ORIENTED_EDGE('',*,*,#1865,.T.);
#609=ORIENTED_EDGE('',*,*,#1866,.T.);
#610=ORIENTED_EDGE('',*,*,#1867,.F.);
#611=ORIENTED_EDGE('',*,*,#1862,.T.);
#612=ORIENTED_EDGE('',*,*,#1776,.F.);
#613=ORIENTED_EDGE('',*,*,#1868,.F.);
#614=ORIENTED_EDGE('',*,*,#1866,.F.);
#615=ORIENTED_EDGE('',*,*,#1869,.T.);
#616=ORIENTED_EDGE('',*,*,#1870,.T.);
#617=ORIENTED_EDGE('',*,*,#1771,.T.);
#618=ORIENTED_EDGE('',*,*,#1871,.F.);
#619=ORIENTED_EDGE('',*,*,#1872,.T.);
#620=ORIENTED_EDGE('',*,*,#1868,.T.);
#621=ORIENTED_EDGE('',*,*,#1775,.T.);
#622=ORIENTED_EDGE('',*,*,#1873,.T.);
#623=ORIENTED_EDGE('',*,*,#1772,.T.);
#624=ORIENTED_EDGE('',*,*,#1870,.F.);
#625=ORIENTED_EDGE('',*,*,#1874,.T.);
#626=ORIENTED_EDGE('',*,*,#1875,.F.);
#627=ORIENTED_EDGE('',*,*,#1876,.F.);
#628=ORIENTED_EDGE('',*,*,#1871,.T.);
#629=ORIENTED_EDGE('',*,*,#1774,.T.);
#630=ORIENTED_EDGE('',*,*,#1773,.T.);
#631=ORIENTED_EDGE('',*,*,#1873,.F.);
#632=ORIENTED_EDGE('',*,*,#1877,.F.);
#633=ORIENTED_EDGE('',*,*,#1875,.T.);
#634=ORIENTED_EDGE('',*,*,#1777,.T.);
#635=ORIENTED_EDGE('',*,*,#1878,.F.);
#636=ORIENTED_EDGE('',*,*,#1879,.F.);
#637=ORIENTED_EDGE('',*,*,#1880,.T.);
#638=ORIENTED_EDGE('',*,*,#1778,.F.);
#639=ORIENTED_EDGE('',*,*,#1880,.F.);
#640=ORIENTED_EDGE('',*,*,#1881,.T.);
#641=ORIENTED_EDGE('',*,*,#1882,.T.);
#642=ORIENTED_EDGE('',*,*,#1883,.F.);
#643=ORIENTED_EDGE('',*,*,#1878,.T.);
#644=ORIENTED_EDGE('',*,*,#1784,.F.);
#645=ORIENTED_EDGE('',*,*,#1884,.F.);
#646=ORIENTED_EDGE('',*,*,#1882,.F.);
#647=ORIENTED_EDGE('',*,*,#1885,.T.);
#648=ORIENTED_EDGE('',*,*,#1886,.T.);
#649=ORIENTED_EDGE('',*,*,#1779,.T.);
#650=ORIENTED_EDGE('',*,*,#1887,.F.);
#651=ORIENTED_EDGE('',*,*,#1888,.T.);
#652=ORIENTED_EDGE('',*,*,#1884,.T.);
#653=ORIENTED_EDGE('',*,*,#1783,.T.);
#654=ORIENTED_EDGE('',*,*,#1889,.T.);
#655=ORIENTED_EDGE('',*,*,#1780,.T.);
#656=ORIENTED_EDGE('',*,*,#1886,.F.);
#657=ORIENTED_EDGE('',*,*,#1890,.T.);
#658=ORIENTED_EDGE('',*,*,#1891,.F.);
#659=ORIENTED_EDGE('',*,*,#1892,.F.);
#660=ORIENTED_EDGE('',*,*,#1887,.T.);
#661=ORIENTED_EDGE('',*,*,#1782,.T.);
#662=ORIENTED_EDGE('',*,*,#1781,.T.);
#663=ORIENTED_EDGE('',*,*,#1889,.F.);
#664=ORIENTED_EDGE('',*,*,#1893,.F.);
#665=ORIENTED_EDGE('',*,*,#1891,.T.);
#666=ORIENTED_EDGE('',*,*,#1894,.F.);
#667=ORIENTED_EDGE('',*,*,#1895,.T.);
#668=ORIENTED_EDGE('',*,*,#1785,.F.);
#669=ORIENTED_EDGE('',*,*,#1895,.F.);
#670=ORIENTED_EDGE('',*,*,#1896,.T.);
#671=ORIENTED_EDGE('',*,*,#1897,.T.);
#672=ORIENTED_EDGE('',*,*,#1786,.F.);
#673=ORIENTED_EDGE('',*,*,#1897,.F.);
#674=ORIENTED_EDGE('',*,*,#1898,.T.);
#675=ORIENTED_EDGE('',*,*,#1899,.T.);
#676=ORIENTED_EDGE('',*,*,#1900,.F.);
#677=ORIENTED_EDGE('',*,*,#1901,.F.);
#678=ORIENTED_EDGE('',*,*,#1787,.T.);
#679=ORIENTED_EDGE('',*,*,#1902,.F.);
#680=ORIENTED_EDGE('',*,*,#1903,.F.);
#681=ORIENTED_EDGE('',*,*,#1904,.T.);
#682=ORIENTED_EDGE('',*,*,#1788,.F.);
#683=ORIENTED_EDGE('',*,*,#1904,.F.);
#684=ORIENTED_EDGE('',*,*,#1905,.T.);
#685=ORIENTED_EDGE('',*,*,#1906,.T.);
#686=ORIENTED_EDGE('',*,*,#1907,.F.);
#687=ORIENTED_EDGE('',*,*,#1902,.T.);
#688=ORIENTED_EDGE('',*,*,#1794,.F.);
#689=ORIENTED_EDGE('',*,*,#1908,.F.);
#690=ORIENTED_EDGE('',*,*,#1906,.F.);
#691=ORIENTED_EDGE('',*,*,#1909,.T.);
#692=ORIENTED_EDGE('',*,*,#1910,.T.);
#693=ORIENTED_EDGE('',*,*,#1789,.T.);
#694=ORIENTED_EDGE('',*,*,#1911,.F.);
#695=ORIENTED_EDGE('',*,*,#1912,.T.);
#696=ORIENTED_EDGE('',*,*,#1908,.T.);
#697=ORIENTED_EDGE('',*,*,#1793,.T.);
#698=ORIENTED_EDGE('',*,*,#1913,.T.);
#699=ORIENTED_EDGE('',*,*,#1790,.T.);
#700=ORIENTED_EDGE('',*,*,#1910,.F.);
#701=ORIENTED_EDGE('',*,*,#1914,.T.);
#702=ORIENTED_EDGE('',*,*,#1915,.F.);
#703=ORIENTED_EDGE('',*,*,#1916,.F.);
#704=ORIENTED_EDGE('',*,*,#1911,.T.);
#705=ORIENTED_EDGE('',*,*,#1792,.T.);
#706=ORIENTED_EDGE('',*,*,#1791,.T.);
#707=ORIENTED_EDGE('',*,*,#1913,.F.);
#708=ORIENTED_EDGE('',*,*,#1917,.F.);
#709=ORIENTED_EDGE('',*,*,#1915,.T.);
#710=ORIENTED_EDGE('',*,*,#1918,.F.);
#711=ORIENTED_EDGE('',*,*,#1919,.T.);
#712=ORIENTED_EDGE('',*,*,#1795,.F.);
#713=ORIENTED_EDGE('',*,*,#1919,.F.);
#714=ORIENTED_EDGE('',*,*,#1920,.F.);
#715=ORIENTED_EDGE('',*,*,#1921,.T.);
#716=ORIENTED_EDGE('',*,*,#1796,.F.);
#717=ORIENTED_EDGE('',*,*,#1921,.F.);
#718=ORIENTED_EDGE('',*,*,#1922,.F.);
#719=ORIENTED_EDGE('',*,*,#1923,.F.);
#720=ORIENTED_EDGE('',*,*,#1924,.T.);
#721=ORIENTED_EDGE('',*,*,#1925,.T.);
#722=ORIENTED_EDGE('',*,*,#1926,.T.);
#723=ORIENTED_EDGE('',*,*,#1927,.F.);
#724=ORIENTED_EDGE('',*,*,#1813,.F.);
#725=ORIENTED_EDGE('',*,*,#1928,.T.);
#726=ORIENTED_EDGE('',*,*,#1806,.F.);
#727=ORIENTED_EDGE('',*,*,#1927,.T.);
#728=ORIENTED_EDGE('',*,*,#1929,.T.);
#729=ORIENTED_EDGE('',*,*,#1821,.F.);
#730=ORIENTED_EDGE('',*,*,#1930,.T.);
#731=ORIENTED_EDGE('',*,*,#1859,.T.);
#732=ORIENTED_EDGE('',*,*,#1931,.T.);
#733=ORIENTED_EDGE('',*,*,#1932,.F.);
#734=ORIENTED_EDGE('',*,*,#1933,.F.);
#735=ORIENTED_EDGE('',*,*,#1807,.T.);
#736=ORIENTED_EDGE('',*,*,#1932,.T.);
#737=ORIENTED_EDGE('',*,*,#1934,.T.);
#738=ORIENTED_EDGE('',*,*,#1935,.T.);
#739=ORIENTED_EDGE('',*,*,#1936,.F.);
#740=ORIENTED_EDGE('',*,*,#1937,.F.);
#741=ORIENTED_EDGE('',*,*,#1938,.T.);
#742=ORIENTED_EDGE('',*,*,#1923,.T.);
#743=ORIENTED_EDGE('',*,*,#1939,.F.);
#744=ORIENTED_EDGE('',*,*,#1940,.F.);
#745=ORIENTED_EDGE('',*,*,#1808,.F.);
#746=ORIENTED_EDGE('',*,*,#1933,.T.);
#747=ORIENTED_EDGE('',*,*,#1941,.F.);
#748=ORIENTED_EDGE('',*,*,#1861,.F.);
#749=ORIENTED_EDGE('',*,*,#1942,.T.);
#750=ORIENTED_EDGE('',*,*,#1943,.T.);
#751=ORIENTED_EDGE('',*,*,#1944,.F.);
#752=ORIENTED_EDGE('',*,*,#1809,.F.);
#753=ORIENTED_EDGE('',*,*,#1940,.T.);
#754=ORIENTED_EDGE('',*,*,#1944,.T.);
#755=ORIENTED_EDGE('',*,*,#1945,.F.);
#756=ORIENTED_EDGE('',*,*,#1925,.F.);
#757=ORIENTED_EDGE('',*,*,#1946,.F.);
#758=ORIENTED_EDGE('',*,*,#1901,.T.);
#759=ORIENTED_EDGE('',*,*,#1947,.F.);
#760=ORIENTED_EDGE('',*,*,#1948,.F.);
#761=ORIENTED_EDGE('',*,*,#1810,.T.);
#762=ORIENTED_EDGE('',*,*,#1949,.F.);
#763=ORIENTED_EDGE('',*,*,#1811,.T.);
#764=ORIENTED_EDGE('',*,*,#1948,.T.);
#765=ORIENTED_EDGE('',*,*,#1950,.T.);
#766=ORIENTED_EDGE('',*,*,#1951,.F.);
#767=ORIENTED_EDGE('',*,*,#1823,.T.);
#768=ORIENTED_EDGE('',*,*,#1952,.T.);
#769=ORIENTED_EDGE('',*,*,#1928,.F.);
#770=ORIENTED_EDGE('',*,*,#1812,.T.);
#771=ORIENTED_EDGE('',*,*,#1949,.T.);
#772=ORIENTED_EDGE('',*,*,#1953,.T.);
#773=ORIENTED_EDGE('',*,*,#1899,.F.);
#774=ORIENTED_EDGE('',*,*,#1954,.F.);
#775=ORIENTED_EDGE('',*,*,#1955,.T.);
#776=ORIENTED_EDGE('',*,*,#1956,.T.);
#777=ORIENTED_EDGE('',*,*,#1957,.F.);
#778=ORIENTED_EDGE('',*,*,#1958,.T.);
#779=ORIENTED_EDGE('',*,*,#1954,.T.);
#780=ORIENTED_EDGE('',*,*,#1898,.F.);
#781=ORIENTED_EDGE('',*,*,#1896,.F.);
#782=ORIENTED_EDGE('',*,*,#1946,.T.);
#783=ORIENTED_EDGE('',*,*,#1924,.F.);
#784=ORIENTED_EDGE('',*,*,#1938,.F.);
#785=ORIENTED_EDGE('',*,*,#1959,.F.);
#786=ORIENTED_EDGE('',*,*,#1942,.F.);
#787=ORIENTED_EDGE('',*,*,#1860,.F.);
#788=ORIENTED_EDGE('',*,*,#1930,.F.);
#789=ORIENTED_EDGE('',*,*,#1820,.F.);
#790=ORIENTED_EDGE('',*,*,#1818,.F.);
#791=ORIENTED_EDGE('',*,*,#1951,.T.);
#792=ORIENTED_EDGE('',*,*,#1960,.F.);
#793=ORIENTED_EDGE('',*,*,#1961,.T.);
#794=ORIENTED_EDGE('',*,*,#1962,.T.);
#795=ORIENTED_EDGE('',*,*,#1963,.T.);
#796=ORIENTED_EDGE('',*,*,#1964,.T.);
#797=ORIENTED_EDGE('',*,*,#1965,.T.);
#798=ORIENTED_EDGE('',*,*,#1966,.F.);
#799=ORIENTED_EDGE('',*,*,#1967,.T.);
#800=ORIENTED_EDGE('',*,*,#1968,.F.);
#801=ORIENTED_EDGE('',*,*,#1969,.T.);
#802=ORIENTED_EDGE('',*,*,#1970,.T.);
#803=ORIENTED_EDGE('',*,*,#1971,.T.);
#804=ORIENTED_EDGE('',*,*,#1972,.T.);
#805=ORIENTED_EDGE('',*,*,#1973,.T.);
#806=ORIENTED_EDGE('',*,*,#1974,.F.);
#807=ORIENTED_EDGE('',*,*,#1975,.T.);
#808=ORIENTED_EDGE('',*,*,#1976,.F.);
#809=ORIENTED_EDGE('',*,*,#1977,.T.);
#810=ORIENTED_EDGE('',*,*,#1978,.T.);
#811=ORIENTED_EDGE('',*,*,#1979,.T.);
#812=ORIENTED_EDGE('',*,*,#1980,.T.);
#813=ORIENTED_EDGE('',*,*,#1981,.T.);
#814=ORIENTED_EDGE('',*,*,#1982,.F.);
#815=ORIENTED_EDGE('',*,*,#1983,.T.);
#816=ORIENTED_EDGE('',*,*,#1984,.F.);
#817=ORIENTED_EDGE('',*,*,#1985,.T.);
#818=ORIENTED_EDGE('',*,*,#1986,.T.);
#819=ORIENTED_EDGE('',*,*,#1987,.T.);
#820=ORIENTED_EDGE('',*,*,#1988,.T.);
#821=ORIENTED_EDGE('',*,*,#1989,.T.);
#822=ORIENTED_EDGE('',*,*,#1990,.F.);
#823=ORIENTED_EDGE('',*,*,#1991,.T.);
#824=ORIENTED_EDGE('',*,*,#1992,.F.);
#825=ORIENTED_EDGE('',*,*,#1993,.T.);
#826=ORIENTED_EDGE('',*,*,#1994,.T.);
#827=ORIENTED_EDGE('',*,*,#1995,.T.);
#828=ORIENTED_EDGE('',*,*,#1996,.T.);
#829=ORIENTED_EDGE('',*,*,#1997,.T.);
#830=ORIENTED_EDGE('',*,*,#1998,.F.);
#831=ORIENTED_EDGE('',*,*,#1999,.T.);
#832=ORIENTED_EDGE('',*,*,#1952,.F.);
#833=ORIENTED_EDGE('',*,*,#1822,.T.);
#834=ORIENTED_EDGE('',*,*,#1929,.F.);
#835=ORIENTED_EDGE('',*,*,#1926,.F.);
#836=ORIENTED_EDGE('',*,*,#1827,.F.);
#837=ORIENTED_EDGE('',*,*,#1825,.T.);
#838=ORIENTED_EDGE('',*,*,#1829,.T.);
#839=ORIENTED_EDGE('',*,*,#1834,.F.);
#840=ORIENTED_EDGE('',*,*,#1838,.T.);
#841=ORIENTED_EDGE('',*,*,#1839,.T.);
#842=ORIENTED_EDGE('',*,*,#1836,.F.);
#843=ORIENTED_EDGE('',*,*,#1831,.F.);
#844=ORIENTED_EDGE('',*,*,#2000,.F.);
#845=ORIENTED_EDGE('',*,*,#2001,.F.);
#846=ORIENTED_EDGE('',*,*,#2002,.F.);
#847=ORIENTED_EDGE('',*,*,#2003,.T.);
#848=ORIENTED_EDGE('',*,*,#2004,.F.);
#849=ORIENTED_EDGE('',*,*,#2005,.T.);
#850=ORIENTED_EDGE('',*,*,#2006,.F.);
#851=ORIENTED_EDGE('',*,*,#2007,.F.);
#852=ORIENTED_EDGE('',*,*,#1843,.F.);
#853=ORIENTED_EDGE('',*,*,#1841,.T.);
#854=ORIENTED_EDGE('',*,*,#1845,.T.);
#855=ORIENTED_EDGE('',*,*,#1850,.F.);
#856=ORIENTED_EDGE('',*,*,#1854,.T.);
#857=ORIENTED_EDGE('',*,*,#1855,.T.);
#858=ORIENTED_EDGE('',*,*,#1852,.F.);
#859=ORIENTED_EDGE('',*,*,#1847,.F.);
#860=ORIENTED_EDGE('',*,*,#2008,.F.);
#861=ORIENTED_EDGE('',*,*,#2009,.F.);
#862=ORIENTED_EDGE('',*,*,#2010,.F.);
#863=ORIENTED_EDGE('',*,*,#2011,.T.);
#864=ORIENTED_EDGE('',*,*,#2012,.F.);
#865=ORIENTED_EDGE('',*,*,#2013,.T.);
#866=ORIENTED_EDGE('',*,*,#2014,.F.);
#867=ORIENTED_EDGE('',*,*,#2015,.F.);
#868=ORIENTED_EDGE('',*,*,#1858,.T.);
#869=ORIENTED_EDGE('',*,*,#1856,.T.);
#870=ORIENTED_EDGE('',*,*,#1941,.T.);
#871=ORIENTED_EDGE('',*,*,#1934,.F.);
#872=ORIENTED_EDGE('',*,*,#1931,.F.);
#873=ORIENTED_EDGE('',*,*,#1865,.F.);
#874=ORIENTED_EDGE('',*,*,#1863,.T.);
#875=ORIENTED_EDGE('',*,*,#1867,.T.);
#876=ORIENTED_EDGE('',*,*,#1872,.F.);
#877=ORIENTED_EDGE('',*,*,#1876,.T.);
#878=ORIENTED_EDGE('',*,*,#1877,.T.);
#879=ORIENTED_EDGE('',*,*,#1874,.F.);
#880=ORIENTED_EDGE('',*,*,#1869,.F.);
#881=ORIENTED_EDGE('',*,*,#2016,.F.);
#882=ORIENTED_EDGE('',*,*,#2017,.F.);
#883=ORIENTED_EDGE('',*,*,#2018,.F.);
#884=ORIENTED_EDGE('',*,*,#2019,.T.);
#885=ORIENTED_EDGE('',*,*,#2020,.F.);
#886=ORIENTED_EDGE('',*,*,#2021,.T.);
#887=ORIENTED_EDGE('',*,*,#2022,.F.);
#888=ORIENTED_EDGE('',*,*,#2023,.F.);
#889=ORIENTED_EDGE('',*,*,#1881,.F.);
#890=ORIENTED_EDGE('',*,*,#1879,.T.);
#891=ORIENTED_EDGE('',*,*,#1883,.T.);
#892=ORIENTED_EDGE('',*,*,#1888,.F.);
#893=ORIENTED_EDGE('',*,*,#1892,.T.);
#894=ORIENTED_EDGE('',*,*,#1893,.T.);
#895=ORIENTED_EDGE('',*,*,#1890,.F.);
#896=ORIENTED_EDGE('',*,*,#1885,.F.);
#897=ORIENTED_EDGE('',*,*,#2024,.F.);
#898=ORIENTED_EDGE('',*,*,#2025,.F.);
#899=ORIENTED_EDGE('',*,*,#2026,.F.);
#900=ORIENTED_EDGE('',*,*,#2027,.T.);
#901=ORIENTED_EDGE('',*,*,#2028,.F.);
#902=ORIENTED_EDGE('',*,*,#2029,.T.);
#903=ORIENTED_EDGE('',*,*,#2030,.F.);
#904=ORIENTED_EDGE('',*,*,#2031,.F.);
#905=ORIENTED_EDGE('',*,*,#1894,.T.);
#906=ORIENTED_EDGE('',*,*,#1947,.T.);
#907=ORIENTED_EDGE('',*,*,#1900,.T.);
#908=ORIENTED_EDGE('',*,*,#1953,.F.);
#909=ORIENTED_EDGE('',*,*,#1950,.F.);
#910=ORIENTED_EDGE('',*,*,#1905,.F.);
#911=ORIENTED_EDGE('',*,*,#1903,.T.);
#912=ORIENTED_EDGE('',*,*,#1907,.T.);
#913=ORIENTED_EDGE('',*,*,#1912,.F.);
#914=ORIENTED_EDGE('',*,*,#1916,.T.);
#915=ORIENTED_EDGE('',*,*,#1917,.T.);
#916=ORIENTED_EDGE('',*,*,#1914,.F.);
#917=ORIENTED_EDGE('',*,*,#1909,.F.);
#918=ORIENTED_EDGE('',*,*,#2032,.F.);
#919=ORIENTED_EDGE('',*,*,#2033,.F.);
#920=ORIENTED_EDGE('',*,*,#2034,.F.);
#921=ORIENTED_EDGE('',*,*,#2035,.T.);
#922=ORIENTED_EDGE('',*,*,#2036,.F.);
#923=ORIENTED_EDGE('',*,*,#2037,.T.);
#924=ORIENTED_EDGE('',*,*,#2038,.F.);
#925=ORIENTED_EDGE('',*,*,#2039,.F.);
#926=ORIENTED_EDGE('',*,*,#1918,.T.);
#927=ORIENTED_EDGE('',*,*,#1922,.T.);
#928=ORIENTED_EDGE('',*,*,#1920,.T.);
#929=ORIENTED_EDGE('',*,*,#1945,.T.);
#930=ORIENTED_EDGE('',*,*,#1943,.F.);
#931=ORIENTED_EDGE('',*,*,#1939,.T.);
#932=ORIENTED_EDGE('',*,*,#1935,.F.);
#933=ORIENTED_EDGE('',*,*,#1959,.T.);
#934=ORIENTED_EDGE('',*,*,#1937,.T.);
#935=ORIENTED_EDGE('',*,*,#2040,.T.);
#936=ORIENTED_EDGE('',*,*,#2040,.F.);
#937=ORIENTED_EDGE('',*,*,#1936,.T.);
#938=ORIENTED_EDGE('',*,*,#1957,.T.);
#939=ORIENTED_EDGE('',*,*,#2041,.T.);
#940=ORIENTED_EDGE('',*,*,#1955,.F.);
#941=ORIENTED_EDGE('',*,*,#1958,.F.);
#942=ORIENTED_EDGE('',*,*,#1956,.F.);
#943=ORIENTED_EDGE('',*,*,#2041,.F.);
#944=ORIENTED_EDGE('',*,*,#2000,.T.);
#945=ORIENTED_EDGE('',*,*,#2042,.F.);
#946=ORIENTED_EDGE('',*,*,#1967,.F.);
#947=ORIENTED_EDGE('',*,*,#2043,.T.);
#948=ORIENTED_EDGE('',*,*,#2001,.T.);
#949=ORIENTED_EDGE('',*,*,#2043,.F.);
#950=ORIENTED_EDGE('',*,*,#1966,.T.);
#951=ORIENTED_EDGE('',*,*,#2044,.T.);
#952=ORIENTED_EDGE('',*,*,#2045,.F.);
#953=ORIENTED_EDGE('',*,*,#1960,.T.);
#954=ORIENTED_EDGE('',*,*,#2042,.T.);
#955=ORIENTED_EDGE('',*,*,#2007,.T.);
#956=ORIENTED_EDGE('',*,*,#2044,.F.);
#957=ORIENTED_EDGE('',*,*,#1965,.F.);
#958=ORIENTED_EDGE('',*,*,#2046,.T.);
#959=ORIENTED_EDGE('',*,*,#2002,.T.);
#960=ORIENTED_EDGE('',*,*,#2047,.F.);
#961=ORIENTED_EDGE('',*,*,#1961,.F.);
#962=ORIENTED_EDGE('',*,*,#2045,.T.);
#963=ORIENTED_EDGE('',*,*,#2006,.T.);
#964=ORIENTED_EDGE('',*,*,#2003,.F.);
#965=ORIENTED_EDGE('',*,*,#2046,.F.);
#966=ORIENTED_EDGE('',*,*,#1964,.F.);
#967=ORIENTED_EDGE('',*,*,#2048,.T.);
#968=ORIENTED_EDGE('',*,*,#2049,.F.);
#969=ORIENTED_EDGE('',*,*,#1962,.F.);
#970=ORIENTED_EDGE('',*,*,#2047,.T.);
#971=ORIENTED_EDGE('',*,*,#2005,.F.);
#972=ORIENTED_EDGE('',*,*,#2004,.T.);
#973=ORIENTED_EDGE('',*,*,#2048,.F.);
#974=ORIENTED_EDGE('',*,*,#1963,.F.);
#975=ORIENTED_EDGE('',*,*,#2049,.T.);
#976=ORIENTED_EDGE('',*,*,#2008,.T.);
#977=ORIENTED_EDGE('',*,*,#2050,.F.);
#978=ORIENTED_EDGE('',*,*,#1975,.F.);
#979=ORIENTED_EDGE('',*,*,#2051,.T.);
#980=ORIENTED_EDGE('',*,*,#2009,.T.);
#981=ORIENTED_EDGE('',*,*,#2051,.F.);
#982=ORIENTED_EDGE('',*,*,#1974,.T.);
#983=ORIENTED_EDGE('',*,*,#2052,.T.);
#984=ORIENTED_EDGE('',*,*,#2053,.F.);
#985=ORIENTED_EDGE('',*,*,#1968,.T.);
#986=ORIENTED_EDGE('',*,*,#2050,.T.);
#987=ORIENTED_EDGE('',*,*,#2015,.T.);
#988=ORIENTED_EDGE('',*,*,#2052,.F.);
#989=ORIENTED_EDGE('',*,*,#1973,.F.);
#990=ORIENTED_EDGE('',*,*,#2054,.T.);
#991=ORIENTED_EDGE('',*,*,#2010,.T.);
#992=ORIENTED_EDGE('',*,*,#2055,.F.);
#993=ORIENTED_EDGE('',*,*,#1969,.F.);
#994=ORIENTED_EDGE('',*,*,#2053,.T.);
#995=ORIENTED_EDGE('',*,*,#2014,.T.);
#996=ORIENTED_EDGE('',*,*,#2011,.F.);
#997=ORIENTED_EDGE('',*,*,#2054,.F.);
#998=ORIENTED_EDGE('',*,*,#1972,.F.);
#999=ORIENTED_EDGE('',*,*,#2056,.T.);
#1000=ORIENTED_EDGE('',*,*,#2057,.F.);
#1001=ORIENTED_EDGE('',*,*,#1970,.F.);
#1002=ORIENTED_EDGE('',*,*,#2055,.T.);
#1003=ORIENTED_EDGE('',*,*,#2013,.F.);
#1004=ORIENTED_EDGE('',*,*,#2012,.T.);
#1005=ORIENTED_EDGE('',*,*,#2056,.F.);
#1006=ORIENTED_EDGE('',*,*,#1971,.F.);
#1007=ORIENTED_EDGE('',*,*,#2057,.T.);
#1008=ORIENTED_EDGE('',*,*,#2016,.T.);
#1009=ORIENTED_EDGE('',*,*,#2058,.F.);
#1010=ORIENTED_EDGE('',*,*,#1983,.F.);
#1011=ORIENTED_EDGE('',*,*,#2059,.T.);
#1012=ORIENTED_EDGE('',*,*,#2017,.T.);
#1013=ORIENTED_EDGE('',*,*,#2059,.F.);
#1014=ORIENTED_EDGE('',*,*,#1982,.T.);
#1015=ORIENTED_EDGE('',*,*,#2060,.T.);
#1016=ORIENTED_EDGE('',*,*,#2061,.F.);
#1017=ORIENTED_EDGE('',*,*,#1976,.T.);
#1018=ORIENTED_EDGE('',*,*,#2058,.T.);
#1019=ORIENTED_EDGE('',*,*,#2023,.T.);
#1020=ORIENTED_EDGE('',*,*,#2060,.F.);
#1021=ORIENTED_EDGE('',*,*,#1981,.F.);
#1022=ORIENTED_EDGE('',*,*,#2062,.T.);
#1023=ORIENTED_EDGE('',*,*,#2018,.T.);
#1024=ORIENTED_EDGE('',*,*,#2063,.F.);
#1025=ORIENTED_EDGE('',*,*,#1977,.F.);
#1026=ORIENTED_EDGE('',*,*,#2061,.T.);
#1027=ORIENTED_EDGE('',*,*,#2022,.T.);
#1028=ORIENTED_EDGE('',*,*,#2019,.F.);
#1029=ORIENTED_EDGE('',*,*,#2062,.F.);
#1030=ORIENTED_EDGE('',*,*,#1980,.F.);
#1031=ORIENTED_EDGE('',*,*,#2064,.T.);
#1032=ORIENTED_EDGE('',*,*,#2065,.F.);
#1033=ORIENTED_EDGE('',*,*,#1978,.F.);
#1034=ORIENTED_EDGE('',*,*,#2063,.T.);
#1035=ORIENTED_EDGE('',*,*,#2021,.F.);
#1036=ORIENTED_EDGE('',*,*,#2020,.T.);
#1037=ORIENTED_EDGE('',*,*,#2064,.F.);
#1038=ORIENTED_EDGE('',*,*,#1979,.F.);
#1039=ORIENTED_EDGE('',*,*,#2065,.T.);
#1040=ORIENTED_EDGE('',*,*,#2024,.T.);
#1041=ORIENTED_EDGE('',*,*,#2066,.F.);
#1042=ORIENTED_EDGE('',*,*,#1991,.F.);
#1043=ORIENTED_EDGE('',*,*,#2067,.T.);
#1044=ORIENTED_EDGE('',*,*,#2025,.T.);
#1045=ORIENTED_EDGE('',*,*,#2067,.F.);
#1046=ORIENTED_EDGE('',*,*,#1990,.T.);
#1047=ORIENTED_EDGE('',*,*,#2068,.T.);
#1048=ORIENTED_EDGE('',*,*,#2069,.F.);
#1049=ORIENTED_EDGE('',*,*,#1984,.T.);
#1050=ORIENTED_EDGE('',*,*,#2066,.T.);
#1051=ORIENTED_EDGE('',*,*,#2031,.T.);
#1052=ORIENTED_EDGE('',*,*,#2068,.F.);
#1053=ORIENTED_EDGE('',*,*,#1989,.F.);
#1054=ORIENTED_EDGE('',*,*,#2070,.T.);
#1055=ORIENTED_EDGE('',*,*,#2026,.T.);
#1056=ORIENTED_EDGE('',*,*,#2071,.F.);
#1057=ORIENTED_EDGE('',*,*,#1985,.F.);
#1058=ORIENTED_EDGE('',*,*,#2069,.T.);
#1059=ORIENTED_EDGE('',*,*,#2030,.T.);
#1060=ORIENTED_EDGE('',*,*,#2027,.F.);
#1061=ORIENTED_EDGE('',*,*,#2070,.F.);
#1062=ORIENTED_EDGE('',*,*,#1988,.F.);
#1063=ORIENTED_EDGE('',*,*,#2072,.T.);
#1064=ORIENTED_EDGE('',*,*,#2073,.F.);
#1065=ORIENTED_EDGE('',*,*,#1986,.F.);
#1066=ORIENTED_EDGE('',*,*,#2071,.T.);
#1067=ORIENTED_EDGE('',*,*,#2029,.F.);
#1068=ORIENTED_EDGE('',*,*,#2028,.T.);
#1069=ORIENTED_EDGE('',*,*,#2072,.F.);
#1070=ORIENTED_EDGE('',*,*,#1987,.F.);
#1071=ORIENTED_EDGE('',*,*,#2073,.T.);
#1072=ORIENTED_EDGE('',*,*,#2032,.T.);
#1073=ORIENTED_EDGE('',*,*,#2074,.F.);
#1074=ORIENTED_EDGE('',*,*,#1999,.F.);
#1075=ORIENTED_EDGE('',*,*,#2075,.T.);
#1076=ORIENTED_EDGE('',*,*,#2033,.T.);
#1077=ORIENTED_EDGE('',*,*,#2075,.F.);
#1078=ORIENTED_EDGE('',*,*,#1998,.T.);
#1079=ORIENTED_EDGE('',*,*,#2076,.T.);
#1080=ORIENTED_EDGE('',*,*,#2077,.F.);
#1081=ORIENTED_EDGE('',*,*,#1992,.T.);
#1082=ORIENTED_EDGE('',*,*,#2074,.T.);
#1083=ORIENTED_EDGE('',*,*,#2039,.T.);
#1084=ORIENTED_EDGE('',*,*,#2076,.F.);
#1085=ORIENTED_EDGE('',*,*,#1997,.F.);
#1086=ORIENTED_EDGE('',*,*,#2078,.T.);
#1087=ORIENTED_EDGE('',*,*,#2034,.T.);
#1088=ORIENTED_EDGE('',*,*,#2079,.F.);
#1089=ORIENTED_EDGE('',*,*,#1993,.F.);
#1090=ORIENTED_EDGE('',*,*,#2077,.T.);
#1091=ORIENTED_EDGE('',*,*,#2038,.T.);
#1092=ORIENTED_EDGE('',*,*,#2035,.F.);
#1093=ORIENTED_EDGE('',*,*,#2078,.F.);
#1094=ORIENTED_EDGE('',*,*,#1996,.F.);
#1095=ORIENTED_EDGE('',*,*,#2080,.T.);
#1096=ORIENTED_EDGE('',*,*,#2081,.F.);
#1097=ORIENTED_EDGE('',*,*,#1994,.F.);
#1098=ORIENTED_EDGE('',*,*,#2079,.T.);
#1099=ORIENTED_EDGE('',*,*,#2037,.F.);
#1100=ORIENTED_EDGE('',*,*,#2036,.T.);
#1101=ORIENTED_EDGE('',*,*,#2080,.F.);
#1102=ORIENTED_EDGE('',*,*,#1995,.F.);
#1103=ORIENTED_EDGE('',*,*,#2081,.T.);
#1104=ORIENTED_EDGE('',*,*,#2082,.T.);
#1105=ORIENTED_EDGE('',*,*,#2083,.T.);
#1106=ORIENTED_EDGE('',*,*,#2084,.T.);
#1107=ORIENTED_EDGE('',*,*,#2085,.F.);
#1108=ORIENTED_EDGE('',*,*,#2086,.T.);
#1109=ORIENTED_EDGE('',*,*,#2087,.T.);
#1110=ORIENTED_EDGE('',*,*,#2088,.T.);
#1111=ORIENTED_EDGE('',*,*,#2089,.T.);
#1112=ORIENTED_EDGE('',*,*,#2090,.F.);
#1113=ORIENTED_EDGE('',*,*,#2091,.F.);
#1114=ORIENTED_EDGE('',*,*,#2092,.T.);
#1115=ORIENTED_EDGE('',*,*,#2093,.T.);
#1116=ORIENTED_EDGE('',*,*,#2093,.F.);
#1117=ORIENTED_EDGE('',*,*,#2094,.T.);
#1118=ORIENTED_EDGE('',*,*,#2095,.T.);
#1119=ORIENTED_EDGE('',*,*,#2096,.F.);
#1120=ORIENTED_EDGE('',*,*,#2097,.T.);
#1121=ORIENTED_EDGE('',*,*,#2098,.T.);
#1122=ORIENTED_EDGE('',*,*,#2099,.F.);
#1123=ORIENTED_EDGE('',*,*,#2100,.F.);
#1124=ORIENTED_EDGE('',*,*,#2089,.F.);
#1125=ORIENTED_EDGE('',*,*,#2101,.T.);
#1126=ORIENTED_EDGE('',*,*,#2102,.T.);
#1127=ORIENTED_EDGE('',*,*,#2103,.T.);
#1128=ORIENTED_EDGE('',*,*,#2104,.F.);
#1129=ORIENTED_EDGE('',*,*,#2105,.T.);
#1130=ORIENTED_EDGE('',*,*,#2106,.F.);
#1131=ORIENTED_EDGE('',*,*,#2107,.T.);
#1132=ORIENTED_EDGE('',*,*,#2108,.T.);
#1133=ORIENTED_EDGE('',*,*,#2109,.T.);
#1134=ORIENTED_EDGE('',*,*,#2110,.T.);
#1135=ORIENTED_EDGE('',*,*,#2111,.F.);
#1136=ORIENTED_EDGE('',*,*,#2112,.T.);
#1137=ORIENTED_EDGE('',*,*,#2113,.T.);
#1138=ORIENTED_EDGE('',*,*,#2114,.T.);
#1139=ORIENTED_EDGE('',*,*,#2115,.T.);
#1140=ORIENTED_EDGE('',*,*,#2116,.T.);
#1141=ORIENTED_EDGE('',*,*,#2117,.T.);
#1142=ORIENTED_EDGE('',*,*,#2094,.F.);
#1143=ORIENTED_EDGE('',*,*,#2092,.F.);
#1144=ORIENTED_EDGE('',*,*,#2118,.T.);
#1145=ORIENTED_EDGE('',*,*,#2119,.T.);
#1146=ORIENTED_EDGE('',*,*,#2120,.F.);
#1147=ORIENTED_EDGE('',*,*,#2121,.F.);
#1148=ORIENTED_EDGE('',*,*,#2122,.T.);
#1149=ORIENTED_EDGE('',*,*,#2123,.F.);
#1150=ORIENTED_EDGE('',*,*,#2116,.F.);
#1151=ORIENTED_EDGE('',*,*,#2091,.T.);
#1152=ORIENTED_EDGE('',*,*,#2090,.T.);
#1153=ORIENTED_EDGE('',*,*,#2100,.T.);
#1154=ORIENTED_EDGE('',*,*,#2124,.F.);
#1155=ORIENTED_EDGE('',*,*,#2118,.F.);
#1156=ORIENTED_EDGE('',*,*,#2125,.T.);
#1157=ORIENTED_EDGE('',*,*,#2101,.F.);
#1158=ORIENTED_EDGE('',*,*,#2088,.F.);
#1159=ORIENTED_EDGE('',*,*,#2126,.T.);
#1160=ORIENTED_EDGE('',*,*,#2127,.T.);
#1161=ORIENTED_EDGE('',*,*,#2126,.F.);
#1162=ORIENTED_EDGE('',*,*,#2087,.F.);
#1163=ORIENTED_EDGE('',*,*,#2128,.T.);
#1164=ORIENTED_EDGE('',*,*,#2086,.F.);
#1165=ORIENTED_EDGE('',*,*,#2129,.T.);
#1166=ORIENTED_EDGE('',*,*,#2130,.T.);
#1167=ORIENTED_EDGE('',*,*,#2128,.F.);
#1168=ORIENTED_EDGE('',*,*,#2085,.T.);
#1169=ORIENTED_EDGE('',*,*,#2131,.T.);
#1170=ORIENTED_EDGE('',*,*,#2132,.F.);
#1171=ORIENTED_EDGE('',*,*,#2129,.F.);
#1172=ORIENTED_EDGE('',*,*,#2133,.T.);
#1173=ORIENTED_EDGE('',*,*,#2134,.T.);
#1174=ORIENTED_EDGE('',*,*,#2131,.F.);
#1175=ORIENTED_EDGE('',*,*,#2084,.F.);
#1176=ORIENTED_EDGE('',*,*,#2083,.F.);
#1177=ORIENTED_EDGE('',*,*,#2135,.T.);
#1178=ORIENTED_EDGE('',*,*,#2136,.T.);
#1179=ORIENTED_EDGE('',*,*,#2133,.F.);
#1180=ORIENTED_EDGE('',*,*,#2135,.F.);
#1181=ORIENTED_EDGE('',*,*,#2082,.F.);
#1182=ORIENTED_EDGE('',*,*,#2111,.T.);
#1183=ORIENTED_EDGE('',*,*,#2137,.T.);
#1184=ORIENTED_EDGE('',*,*,#2138,.T.);
#1185=ORIENTED_EDGE('',*,*,#2095,.F.);
#1186=ORIENTED_EDGE('',*,*,#2117,.F.);
#1187=ORIENTED_EDGE('',*,*,#2123,.T.);
#1188=ORIENTED_EDGE('',*,*,#2110,.F.);
#1189=ORIENTED_EDGE('',*,*,#2139,.T.);
#1190=ORIENTED_EDGE('',*,*,#2140,.T.);
#1191=ORIENTED_EDGE('',*,*,#2141,.F.);
#1192=ORIENTED_EDGE('',*,*,#2102,.F.);
#1193=ORIENTED_EDGE('',*,*,#2125,.F.);
#1194=ORIENTED_EDGE('',*,*,#2127,.F.);
#1195=ORIENTED_EDGE('',*,*,#2130,.F.);
#1196=ORIENTED_EDGE('',*,*,#2132,.T.);
#1197=ORIENTED_EDGE('',*,*,#2134,.F.);
#1198=ORIENTED_EDGE('',*,*,#2136,.F.);
#1199=ORIENTED_EDGE('',*,*,#2137,.F.);
#1200=ORIENTED_EDGE('',*,*,#2142,.T.);
#1201=ORIENTED_EDGE('',*,*,#2096,.T.);
#1202=ORIENTED_EDGE('',*,*,#2138,.F.);
#1203=ORIENTED_EDGE('',*,*,#2122,.F.);
#1204=ORIENTED_EDGE('',*,*,#2139,.F.);
#1205=ORIENTED_EDGE('',*,*,#2109,.F.);
#1206=ORIENTED_EDGE('',*,*,#2143,.T.);
#1207=ORIENTED_EDGE('',*,*,#2144,.F.);
#1208=ORIENTED_EDGE('',*,*,#2097,.F.);
#1209=ORIENTED_EDGE('',*,*,#2142,.F.);
#1210=ORIENTED_EDGE('',*,*,#2121,.T.);
#1211=ORIENTED_EDGE('',*,*,#2145,.T.);
#1212=ORIENTED_EDGE('',*,*,#2146,.F.);
#1213=ORIENTED_EDGE('',*,*,#2143,.F.);
#1214=ORIENTED_EDGE('',*,*,#2108,.F.);
#1215=ORIENTED_EDGE('',*,*,#2147,.T.);
#1216=ORIENTED_EDGE('',*,*,#2120,.T.);
#1217=ORIENTED_EDGE('',*,*,#2148,.T.);
#1218=ORIENTED_EDGE('',*,*,#2098,.F.);
#1219=ORIENTED_EDGE('',*,*,#2145,.F.);
#1220=ORIENTED_EDGE('',*,*,#2149,.F.);
#1221=ORIENTED_EDGE('',*,*,#2147,.F.);
#1222=ORIENTED_EDGE('',*,*,#2107,.F.);
#1223=ORIENTED_EDGE('',*,*,#2150,.T.);
#1224=ORIENTED_EDGE('',*,*,#2119,.F.);
#1225=ORIENTED_EDGE('',*,*,#2124,.T.);
#1226=ORIENTED_EDGE('',*,*,#2099,.T.);
#1227=ORIENTED_EDGE('',*,*,#2148,.F.);
#1228=ORIENTED_EDGE('',*,*,#2151,.F.);
#1229=ORIENTED_EDGE('',*,*,#2152,.T.);
#1230=ORIENTED_EDGE('',*,*,#2153,.T.);
#1231=ORIENTED_EDGE('',*,*,#2154,.F.);
#1232=ORIENTED_EDGE('',*,*,#2155,.T.);
#1233=ORIENTED_EDGE('',*,*,#2156,.F.);
#1234=ORIENTED_EDGE('',*,*,#2150,.F.);
#1235=ORIENTED_EDGE('',*,*,#2106,.T.);
#1236=ORIENTED_EDGE('',*,*,#2157,.F.);
#1237=ORIENTED_EDGE('',*,*,#2155,.F.);
#1238=ORIENTED_EDGE('',*,*,#2105,.F.);
#1239=ORIENTED_EDGE('',*,*,#2158,.T.);
#1240=ORIENTED_EDGE('',*,*,#2158,.F.);
#1241=ORIENTED_EDGE('',*,*,#2104,.T.);
#1242=ORIENTED_EDGE('',*,*,#2159,.T.);
#1243=ORIENTED_EDGE('',*,*,#2160,.T.);
#1244=ORIENTED_EDGE('',*,*,#2141,.T.);
#1245=ORIENTED_EDGE('',*,*,#2161,.T.);
#1246=ORIENTED_EDGE('',*,*,#2159,.F.);
#1247=ORIENTED_EDGE('',*,*,#2103,.F.);
#1248=ORIENTED_EDGE('',*,*,#2162,.F.);
#1249=ORIENTED_EDGE('',*,*,#2163,.T.);
#1250=ORIENTED_EDGE('',*,*,#2112,.F.);
#1251=ORIENTED_EDGE('',*,*,#2163,.F.);
#1252=ORIENTED_EDGE('',*,*,#2164,.F.);
#1253=ORIENTED_EDGE('',*,*,#2165,.T.);
#1254=ORIENTED_EDGE('',*,*,#2113,.F.);
#1255=ORIENTED_EDGE('',*,*,#2165,.F.);
#1256=ORIENTED_EDGE('',*,*,#2166,.F.);
#1257=ORIENTED_EDGE('',*,*,#2167,.T.);
#1258=ORIENTED_EDGE('',*,*,#2114,.F.);
#1259=ORIENTED_EDGE('',*,*,#2167,.F.);
#1260=ORIENTED_EDGE('',*,*,#2168,.F.);
#1261=ORIENTED_EDGE('',*,*,#2169,.T.);
#1262=ORIENTED_EDGE('',*,*,#2115,.F.);
#1263=ORIENTED_EDGE('',*,*,#2169,.F.);
#1264=ORIENTED_EDGE('',*,*,#2140,.F.);
#1265=ORIENTED_EDGE('',*,*,#2144,.T.);
#1266=ORIENTED_EDGE('',*,*,#2146,.T.);
#1267=ORIENTED_EDGE('',*,*,#2149,.T.);
#1268=ORIENTED_EDGE('',*,*,#2156,.T.);
#1269=ORIENTED_EDGE('',*,*,#2157,.T.);
#1270=ORIENTED_EDGE('',*,*,#2160,.F.);
#1271=ORIENTED_EDGE('',*,*,#2161,.F.);
#1272=ORIENTED_EDGE('',*,*,#2170,.T.);
#1273=ORIENTED_EDGE('',*,*,#2171,.T.);
#1274=ORIENTED_EDGE('',*,*,#2151,.T.);
#1275=ORIENTED_EDGE('',*,*,#2172,.T.);
#1276=ORIENTED_EDGE('',*,*,#2173,.F.);
#1277=ORIENTED_EDGE('',*,*,#2174,.F.);
#1278=ORIENTED_EDGE('',*,*,#2175,.T.);
#1279=ORIENTED_EDGE('',*,*,#2176,.F.);
#1280=ORIENTED_EDGE('',*,*,#2172,.F.);
#1281=ORIENTED_EDGE('',*,*,#2154,.T.);
#1282=ORIENTED_EDGE('',*,*,#2177,.T.);
#1283=ORIENTED_EDGE('',*,*,#2178,.T.);
#1284=ORIENTED_EDGE('',*,*,#2175,.F.);
#1285=ORIENTED_EDGE('',*,*,#2153,.F.);
#1286=ORIENTED_EDGE('',*,*,#2152,.F.);
#1287=ORIENTED_EDGE('',*,*,#2174,.T.);
#1288=ORIENTED_EDGE('',*,*,#2179,.T.);
#1289=ORIENTED_EDGE('',*,*,#2177,.F.);
#1290=ORIENTED_EDGE('',*,*,#2162,.T.);
#1291=ORIENTED_EDGE('',*,*,#2164,.T.);
#1292=ORIENTED_EDGE('',*,*,#2166,.T.);
#1293=ORIENTED_EDGE('',*,*,#2168,.T.);
#1294=ORIENTED_EDGE('',*,*,#2180,.T.);
#1295=ORIENTED_EDGE('',*,*,#2181,.F.);
#1296=ORIENTED_EDGE('',*,*,#2180,.F.);
#1297=ORIENTED_EDGE('',*,*,#2170,.F.);
#1298=ORIENTED_EDGE('',*,*,#2182,.T.);
#1299=ORIENTED_EDGE('',*,*,#2183,.F.);
#1300=ORIENTED_EDGE('',*,*,#2182,.F.);
#1301=ORIENTED_EDGE('',*,*,#2171,.F.);
#1302=ORIENTED_EDGE('',*,*,#2179,.F.);
#1303=ORIENTED_EDGE('',*,*,#2173,.T.);
#1304=ORIENTED_EDGE('',*,*,#2176,.T.);
#1305=ORIENTED_EDGE('',*,*,#2178,.F.);
#1306=ORIENTED_EDGE('',*,*,#2181,.T.);
#1307=ORIENTED_EDGE('',*,*,#2184,.T.);
#1308=ORIENTED_EDGE('',*,*,#2183,.T.);
#1309=ORIENTED_EDGE('',*,*,#2185,.T.);
#1310=ORIENTED_EDGE('',*,*,#2186,.F.);
#1311=ORIENTED_EDGE('',*,*,#2187,.T.);
#1312=ORIENTED_EDGE('',*,*,#2184,.F.);
#1313=ORIENTED_EDGE('',*,*,#2187,.F.);
#1314=ORIENTED_EDGE('',*,*,#2188,.F.);
#1315=ORIENTED_EDGE('',*,*,#2189,.T.);
#1316=ORIENTED_EDGE('',*,*,#2185,.F.);
#1317=ORIENTED_EDGE('',*,*,#2189,.F.);
#1318=ORIENTED_EDGE('',*,*,#2186,.T.);
#1319=ORIENTED_EDGE('',*,*,#2188,.T.);
#1320=ORIENTED_EDGE('',*,*,#2190,.F.);
#1321=ORIENTED_EDGE('',*,*,#2191,.F.);
#1322=ORIENTED_EDGE('',*,*,#2192,.T.);
#1323=ORIENTED_EDGE('',*,*,#2193,.T.);
#1324=ORIENTED_EDGE('',*,*,#2194,.T.);
#1325=ORIENTED_EDGE('',*,*,#2195,.T.);
#1326=ORIENTED_EDGE('',*,*,#2196,.F.);
#1327=ORIENTED_EDGE('',*,*,#2197,.F.);
#1328=ORIENTED_EDGE('',*,*,#2198,.T.);
#1329=ORIENTED_EDGE('',*,*,#2199,.F.);
#1330=ORIENTED_EDGE('',*,*,#2200,.F.);
#1331=ORIENTED_EDGE('',*,*,#2191,.T.);
#1332=ORIENTED_EDGE('',*,*,#2201,.F.);
#1333=ORIENTED_EDGE('',*,*,#2202,.F.);
#1334=ORIENTED_EDGE('',*,*,#2197,.T.);
#1335=ORIENTED_EDGE('',*,*,#2203,.T.);
#1336=ORIENTED_EDGE('',*,*,#2196,.T.);
#1337=ORIENTED_EDGE('',*,*,#2204,.T.);
#1338=ORIENTED_EDGE('',*,*,#2205,.F.);
#1339=ORIENTED_EDGE('',*,*,#2203,.F.);
#1340=ORIENTED_EDGE('',*,*,#2202,.T.);
#1341=ORIENTED_EDGE('',*,*,#2206,.T.);
#1342=ORIENTED_EDGE('',*,*,#2207,.F.);
#1343=ORIENTED_EDGE('',*,*,#2198,.F.);
#1344=ORIENTED_EDGE('',*,*,#2195,.F.);
#1345=ORIENTED_EDGE('',*,*,#2208,.T.);
#1346=ORIENTED_EDGE('',*,*,#2209,.T.);
#1347=ORIENTED_EDGE('',*,*,#2204,.F.);
#1348=ORIENTED_EDGE('',*,*,#2207,.T.);
#1349=ORIENTED_EDGE('',*,*,#2210,.F.);
#1350=ORIENTED_EDGE('',*,*,#2211,.F.);
#1351=ORIENTED_EDGE('',*,*,#2199,.T.);
#1352=ORIENTED_EDGE('',*,*,#2190,.T.);
#1353=ORIENTED_EDGE('',*,*,#2212,.T.);
#1354=ORIENTED_EDGE('',*,*,#2208,.F.);
#1355=ORIENTED_EDGE('',*,*,#2194,.F.);
#1356=ORIENTED_EDGE('',*,*,#2200,.T.);
#1357=ORIENTED_EDGE('',*,*,#2211,.T.);
#1358=ORIENTED_EDGE('',*,*,#2213,.F.);
#1359=ORIENTED_EDGE('',*,*,#2192,.F.);
#1360=ORIENTED_EDGE('',*,*,#2193,.F.);
#1361=ORIENTED_EDGE('',*,*,#2213,.T.);
#1362=ORIENTED_EDGE('',*,*,#2210,.T.);
#1363=ORIENTED_EDGE('',*,*,#2206,.F.);
#1364=ORIENTED_EDGE('',*,*,#2201,.T.);
#1365=ORIENTED_EDGE('',*,*,#2205,.T.);
#1366=ORIENTED_EDGE('',*,*,#2209,.F.);
#1367=ORIENTED_EDGE('',*,*,#2212,.F.);
#1368=ORIENTED_EDGE('',*,*,#2214,.F.);
#1369=ORIENTED_EDGE('',*,*,#2215,.F.);
#1370=ORIENTED_EDGE('',*,*,#2216,.T.);
#1371=ORIENTED_EDGE('',*,*,#2217,.T.);
#1372=ORIENTED_EDGE('',*,*,#2218,.T.);
#1373=ORIENTED_EDGE('',*,*,#2219,.T.);
#1374=ORIENTED_EDGE('',*,*,#2220,.F.);
#1375=ORIENTED_EDGE('',*,*,#2221,.F.);
#1376=ORIENTED_EDGE('',*,*,#2222,.T.);
#1377=ORIENTED_EDGE('',*,*,#2223,.F.);
#1378=ORIENTED_EDGE('',*,*,#2224,.F.);
#1379=ORIENTED_EDGE('',*,*,#2215,.T.);
#1380=ORIENTED_EDGE('',*,*,#2225,.F.);
#1381=ORIENTED_EDGE('',*,*,#2226,.F.);
#1382=ORIENTED_EDGE('',*,*,#2221,.T.);
#1383=ORIENTED_EDGE('',*,*,#2227,.T.);
#1384=ORIENTED_EDGE('',*,*,#2220,.T.);
#1385=ORIENTED_EDGE('',*,*,#2228,.T.);
#1386=ORIENTED_EDGE('',*,*,#2229,.F.);
#1387=ORIENTED_EDGE('',*,*,#2227,.F.);
#1388=ORIENTED_EDGE('',*,*,#2226,.T.);
#1389=ORIENTED_EDGE('',*,*,#2230,.T.);
#1390=ORIENTED_EDGE('',*,*,#2231,.F.);
#1391=ORIENTED_EDGE('',*,*,#2222,.F.);
#1392=ORIENTED_EDGE('',*,*,#2219,.F.);
#1393=ORIENTED_EDGE('',*,*,#2232,.T.);
#1394=ORIENTED_EDGE('',*,*,#2233,.T.);
#1395=ORIENTED_EDGE('',*,*,#2228,.F.);
#1396=ORIENTED_EDGE('',*,*,#2231,.T.);
#1397=ORIENTED_EDGE('',*,*,#2234,.F.);
#1398=ORIENTED_EDGE('',*,*,#2235,.F.);
#1399=ORIENTED_EDGE('',*,*,#2223,.T.);
#1400=ORIENTED_EDGE('',*,*,#2214,.T.);
#1401=ORIENTED_EDGE('',*,*,#2236,.T.);
#1402=ORIENTED_EDGE('',*,*,#2232,.F.);
#1403=ORIENTED_EDGE('',*,*,#2218,.F.);
#1404=ORIENTED_EDGE('',*,*,#2224,.T.);
#1405=ORIENTED_EDGE('',*,*,#2235,.T.);
#1406=ORIENTED_EDGE('',*,*,#2237,.F.);
#1407=ORIENTED_EDGE('',*,*,#2216,.F.);
#1408=ORIENTED_EDGE('',*,*,#2217,.F.);
#1409=ORIENTED_EDGE('',*,*,#2237,.T.);
#1410=ORIENTED_EDGE('',*,*,#2234,.T.);
#1411=ORIENTED_EDGE('',*,*,#2230,.F.);
#1412=ORIENTED_EDGE('',*,*,#2225,.T.);
#1413=ORIENTED_EDGE('',*,*,#2229,.T.);
#1414=ORIENTED_EDGE('',*,*,#2233,.F.);
#1415=ORIENTED_EDGE('',*,*,#2236,.F.);
#1416=ORIENTED_EDGE('',*,*,#2238,.F.);
#1417=ORIENTED_EDGE('',*,*,#2239,.T.);
#1418=ORIENTED_EDGE('',*,*,#2240,.T.);
#1419=ORIENTED_EDGE('',*,*,#2241,.T.);
#1420=ORIENTED_EDGE('',*,*,#2242,.F.);
#1421=ORIENTED_EDGE('',*,*,#2243,.T.);
#1422=ORIENTED_EDGE('',*,*,#2244,.T.);
#1423=ORIENTED_EDGE('',*,*,#2245,.F.);
#1424=ORIENTED_EDGE('',*,*,#2246,.F.);
#1425=ORIENTED_EDGE('',*,*,#2247,.F.);
#1426=ORIENTED_EDGE('',*,*,#2238,.T.);
#1427=ORIENTED_EDGE('',*,*,#2248,.F.);
#1428=ORIENTED_EDGE('',*,*,#2249,.F.);
#1429=ORIENTED_EDGE('',*,*,#2250,.T.);
#1430=ORIENTED_EDGE('',*,*,#2251,.F.);
#1431=ORIENTED_EDGE('',*,*,#2248,.T.);
#1432=ORIENTED_EDGE('',*,*,#2245,.T.);
#1433=ORIENTED_EDGE('',*,*,#2252,.F.);
#1434=ORIENTED_EDGE('',*,*,#2253,.F.);
#1435=ORIENTED_EDGE('',*,*,#2254,.T.);
#1436=ORIENTED_EDGE('',*,*,#2252,.T.);
#1437=ORIENTED_EDGE('',*,*,#2244,.F.);
#1438=ORIENTED_EDGE('',*,*,#2243,.F.);
#1439=ORIENTED_EDGE('',*,*,#2255,.F.);
#1440=ORIENTED_EDGE('',*,*,#2256,.T.);
#1441=ORIENTED_EDGE('',*,*,#2253,.T.);
#1442=ORIENTED_EDGE('',*,*,#2242,.T.);
#1443=ORIENTED_EDGE('',*,*,#2257,.F.);
#1444=ORIENTED_EDGE('',*,*,#2258,.F.);
#1445=ORIENTED_EDGE('',*,*,#2255,.T.);
#1446=ORIENTED_EDGE('',*,*,#2257,.T.);
#1447=ORIENTED_EDGE('',*,*,#2241,.F.);
#1448=ORIENTED_EDGE('',*,*,#2259,.F.);
#1449=ORIENTED_EDGE('',*,*,#2260,.T.);
#1450=ORIENTED_EDGE('',*,*,#2261,.F.);
#1451=ORIENTED_EDGE('',*,*,#2262,.T.);
#1452=ORIENTED_EDGE('',*,*,#2259,.T.);
#1453=ORIENTED_EDGE('',*,*,#2240,.F.);
#1454=ORIENTED_EDGE('',*,*,#2239,.F.);
#1455=ORIENTED_EDGE('',*,*,#2250,.F.);
#1456=ORIENTED_EDGE('',*,*,#2263,.T.);
#1457=ORIENTED_EDGE('',*,*,#2261,.T.);
#1458=ORIENTED_EDGE('',*,*,#2246,.T.);
#1459=ORIENTED_EDGE('',*,*,#2264,.T.);
#1460=ORIENTED_EDGE('',*,*,#2265,.F.);
#1461=ORIENTED_EDGE('',*,*,#2264,.F.);
#1462=ORIENTED_EDGE('',*,*,#2247,.T.);
#1463=ORIENTED_EDGE('',*,*,#2266,.T.);
#1464=ORIENTED_EDGE('',*,*,#2267,.F.);
#1465=ORIENTED_EDGE('',*,*,#2266,.F.);
#1466=ORIENTED_EDGE('',*,*,#2251,.T.);
#1467=ORIENTED_EDGE('',*,*,#2254,.F.);
#1468=ORIENTED_EDGE('',*,*,#2256,.F.);
#1469=ORIENTED_EDGE('',*,*,#2258,.T.);
#1470=ORIENTED_EDGE('',*,*,#2260,.F.);
#1471=ORIENTED_EDGE('',*,*,#2262,.F.);
#1472=ORIENTED_EDGE('',*,*,#2263,.F.);
#1473=ORIENTED_EDGE('',*,*,#2249,.T.);
#1474=ORIENTED_EDGE('',*,*,#2265,.T.);
#1475=ORIENTED_EDGE('',*,*,#2267,.T.);
#1476=ORIENTED_EDGE('',*,*,#2268,.F.);
#1477=ORIENTED_EDGE('',*,*,#2269,.F.);
#1478=ORIENTED_EDGE('',*,*,#2270,.T.);
#1479=ORIENTED_EDGE('',*,*,#2271,.T.);
#1480=ORIENTED_EDGE('',*,*,#2272,.T.);
#1481=ORIENTED_EDGE('',*,*,#2273,.F.);
#1482=ORIENTED_EDGE('',*,*,#2274,.T.);
#1483=ORIENTED_EDGE('',*,*,#2275,.T.);
#1484=ORIENTED_EDGE('',*,*,#2276,.F.);
#1485=ORIENTED_EDGE('',*,*,#2277,.T.);
#1486=ORIENTED_EDGE('',*,*,#2278,.T.);
#1487=ORIENTED_EDGE('',*,*,#2279,.T.);
#1488=ORIENTED_EDGE('',*,*,#2280,.F.);
#1489=ORIENTED_EDGE('',*,*,#2281,.F.);
#1490=ORIENTED_EDGE('',*,*,#2282,.T.);
#1491=ORIENTED_EDGE('',*,*,#2283,.F.);
#1492=ORIENTED_EDGE('',*,*,#2284,.F.);
#1493=ORIENTED_EDGE('',*,*,#2285,.T.);
#1494=ORIENTED_EDGE('',*,*,#2286,.F.);
#1495=ORIENTED_EDGE('',*,*,#2287,.F.);
#1496=ORIENTED_EDGE('',*,*,#2288,.T.);
#1497=ORIENTED_EDGE('',*,*,#2289,.F.);
#1498=ORIENTED_EDGE('',*,*,#2290,.F.);
#1499=ORIENTED_EDGE('',*,*,#2269,.T.);
#1500=ORIENTED_EDGE('',*,*,#2291,.F.);
#1501=ORIENTED_EDGE('',*,*,#2292,.T.);
#1502=ORIENTED_EDGE('',*,*,#2293,.T.);
#1503=ORIENTED_EDGE('',*,*,#2294,.F.);
#1504=ORIENTED_EDGE('',*,*,#2295,.F.);
#1505=ORIENTED_EDGE('',*,*,#2296,.F.);
#1506=ORIENTED_EDGE('',*,*,#2297,.T.);
#1507=ORIENTED_EDGE('',*,*,#2298,.T.);
#1508=ORIENTED_EDGE('',*,*,#2291,.T.);
#1509=ORIENTED_EDGE('',*,*,#2299,.T.);
#1510=ORIENTED_EDGE('',*,*,#2300,.F.);
#1511=ORIENTED_EDGE('',*,*,#2301,.F.);
#1512=ORIENTED_EDGE('',*,*,#2302,.F.);
#1513=ORIENTED_EDGE('',*,*,#2292,.F.);
#1514=ORIENTED_EDGE('',*,*,#2301,.T.);
#1515=ORIENTED_EDGE('',*,*,#2303,.T.);
#1516=ORIENTED_EDGE('',*,*,#2302,.T.);
#1517=ORIENTED_EDGE('',*,*,#2304,.T.);
#1518=ORIENTED_EDGE('',*,*,#2305,.F.);
#1519=ORIENTED_EDGE('',*,*,#2293,.F.);
#1520=ORIENTED_EDGE('',*,*,#2305,.T.);
#1521=ORIENTED_EDGE('',*,*,#2306,.F.);
#1522=ORIENTED_EDGE('',*,*,#2307,.F.);
#1523=ORIENTED_EDGE('',*,*,#2294,.T.);
#1524=ORIENTED_EDGE('',*,*,#2295,.T.);
#1525=ORIENTED_EDGE('',*,*,#2307,.T.);
#1526=ORIENTED_EDGE('',*,*,#2308,.F.);
#1527=ORIENTED_EDGE('',*,*,#2309,.F.);
#1528=ORIENTED_EDGE('',*,*,#2310,.F.);
#1529=ORIENTED_EDGE('',*,*,#2311,.F.);
#1530=ORIENTED_EDGE('',*,*,#2296,.T.);
#1531=ORIENTED_EDGE('',*,*,#2309,.T.);
#1532=ORIENTED_EDGE('',*,*,#2311,.T.);
#1533=ORIENTED_EDGE('',*,*,#2312,.T.);
#1534=ORIENTED_EDGE('',*,*,#2313,.F.);
#1535=ORIENTED_EDGE('',*,*,#2297,.F.);
#1536=ORIENTED_EDGE('',*,*,#2298,.F.);
#1537=ORIENTED_EDGE('',*,*,#2313,.T.);
#1538=ORIENTED_EDGE('',*,*,#2314,.T.);
#1539=ORIENTED_EDGE('',*,*,#2299,.F.);
#1540=ORIENTED_EDGE('',*,*,#2273,.T.);
#1541=ORIENTED_EDGE('',*,*,#2315,.T.);
#1542=ORIENTED_EDGE('',*,*,#2316,.F.);
#1543=ORIENTED_EDGE('',*,*,#2317,.F.);
#1544=ORIENTED_EDGE('',*,*,#2318,.F.);
#1545=ORIENTED_EDGE('',*,*,#2274,.F.);
#1546=ORIENTED_EDGE('',*,*,#2317,.T.);
#1547=ORIENTED_EDGE('',*,*,#2319,.T.);
#1548=ORIENTED_EDGE('',*,*,#2318,.T.);
#1549=ORIENTED_EDGE('',*,*,#2320,.T.);
#1550=ORIENTED_EDGE('',*,*,#2321,.F.);
#1551=ORIENTED_EDGE('',*,*,#2275,.F.);
#1552=ORIENTED_EDGE('',*,*,#2276,.T.);
#1553=ORIENTED_EDGE('',*,*,#2321,.T.);
#1554=ORIENTED_EDGE('',*,*,#2322,.F.);
#1555=ORIENTED_EDGE('',*,*,#2323,.F.);
#1556=ORIENTED_EDGE('',*,*,#2324,.F.);
#1557=ORIENTED_EDGE('',*,*,#2277,.F.);
#1558=ORIENTED_EDGE('',*,*,#2323,.T.);
#1559=ORIENTED_EDGE('',*,*,#2325,.T.);
#1560=ORIENTED_EDGE('',*,*,#2324,.T.);
#1561=ORIENTED_EDGE('',*,*,#2326,.T.);
#1562=ORIENTED_EDGE('',*,*,#2327,.F.);
#1563=ORIENTED_EDGE('',*,*,#2278,.F.);
#1564=ORIENTED_EDGE('',*,*,#2279,.F.);
#1565=ORIENTED_EDGE('',*,*,#2327,.T.);
#1566=ORIENTED_EDGE('',*,*,#2328,.T.);
#1567=ORIENTED_EDGE('',*,*,#2329,.F.);
#1568=ORIENTED_EDGE('',*,*,#2280,.T.);
#1569=ORIENTED_EDGE('',*,*,#2329,.T.);
#1570=ORIENTED_EDGE('',*,*,#2330,.F.);
#1571=ORIENTED_EDGE('',*,*,#2331,.F.);
#1572=ORIENTED_EDGE('',*,*,#2332,.F.);
#1573=ORIENTED_EDGE('',*,*,#2333,.F.);
#1574=ORIENTED_EDGE('',*,*,#2281,.T.);
#1575=ORIENTED_EDGE('',*,*,#2331,.T.);
#1576=ORIENTED_EDGE('',*,*,#2333,.T.);
#1577=ORIENTED_EDGE('',*,*,#2334,.T.);
#1578=ORIENTED_EDGE('',*,*,#2335,.F.);
#1579=ORIENTED_EDGE('',*,*,#2282,.F.);
#1580=ORIENTED_EDGE('',*,*,#2283,.T.);
#1581=ORIENTED_EDGE('',*,*,#2335,.T.);
#1582=ORIENTED_EDGE('',*,*,#2336,.F.);
#1583=ORIENTED_EDGE('',*,*,#2337,.F.);
#1584=ORIENTED_EDGE('',*,*,#2338,.F.);
#1585=ORIENTED_EDGE('',*,*,#2339,.F.);
#1586=ORIENTED_EDGE('',*,*,#2284,.T.);
#1587=ORIENTED_EDGE('',*,*,#2337,.T.);
#1588=ORIENTED_EDGE('',*,*,#2339,.T.);
#1589=ORIENTED_EDGE('',*,*,#2340,.T.);
#1590=ORIENTED_EDGE('',*,*,#2341,.F.);
#1591=ORIENTED_EDGE('',*,*,#2285,.F.);
#1592=ORIENTED_EDGE('',*,*,#2286,.T.);
#1593=ORIENTED_EDGE('',*,*,#2341,.T.);
#1594=ORIENTED_EDGE('',*,*,#2342,.F.);
#1595=ORIENTED_EDGE('',*,*,#2343,.F.);
#1596=ORIENTED_EDGE('',*,*,#2344,.F.);
#1597=ORIENTED_EDGE('',*,*,#2345,.F.);
#1598=ORIENTED_EDGE('',*,*,#2287,.T.);
#1599=ORIENTED_EDGE('',*,*,#2343,.T.);
#1600=ORIENTED_EDGE('',*,*,#2345,.T.);
#1601=ORIENTED_EDGE('',*,*,#2346,.T.);
#1602=ORIENTED_EDGE('',*,*,#2347,.F.);
#1603=ORIENTED_EDGE('',*,*,#2288,.F.);
#1604=ORIENTED_EDGE('',*,*,#2347,.T.);
#1605=ORIENTED_EDGE('',*,*,#2348,.F.);
#1606=ORIENTED_EDGE('',*,*,#2349,.F.);
#1607=ORIENTED_EDGE('',*,*,#2289,.T.);
#1608=ORIENTED_EDGE('',*,*,#2268,.T.);
#1609=ORIENTED_EDGE('',*,*,#2350,.T.);
#1610=ORIENTED_EDGE('',*,*,#2315,.F.);
#1611=ORIENTED_EDGE('',*,*,#2272,.F.);
#1612=ORIENTED_EDGE('',*,*,#2290,.T.);
#1613=ORIENTED_EDGE('',*,*,#2349,.T.);
#1614=ORIENTED_EDGE('',*,*,#2351,.F.);
#1615=ORIENTED_EDGE('',*,*,#2270,.F.);
#1616=ORIENTED_EDGE('',*,*,#2271,.F.);
#1617=ORIENTED_EDGE('',*,*,#2351,.T.);
#1618=ORIENTED_EDGE('',*,*,#2348,.T.);
#1619=ORIENTED_EDGE('',*,*,#2346,.F.);
#1620=ORIENTED_EDGE('',*,*,#2344,.T.);
#1621=ORIENTED_EDGE('',*,*,#2342,.T.);
#1622=ORIENTED_EDGE('',*,*,#2340,.F.);
#1623=ORIENTED_EDGE('',*,*,#2338,.T.);
#1624=ORIENTED_EDGE('',*,*,#2336,.T.);
#1625=ORIENTED_EDGE('',*,*,#2334,.F.);
#1626=ORIENTED_EDGE('',*,*,#2332,.T.);
#1627=ORIENTED_EDGE('',*,*,#2330,.T.);
#1628=ORIENTED_EDGE('',*,*,#2328,.F.);
#1629=ORIENTED_EDGE('',*,*,#2326,.F.);
#1630=ORIENTED_EDGE('',*,*,#2325,.F.);
#1631=ORIENTED_EDGE('',*,*,#2322,.T.);
#1632=ORIENTED_EDGE('',*,*,#2320,.F.);
#1633=ORIENTED_EDGE('',*,*,#2319,.F.);
#1634=ORIENTED_EDGE('',*,*,#2316,.T.);
#1635=ORIENTED_EDGE('',*,*,#2350,.F.);
#1636=ORIENTED_EDGE('',*,*,#2314,.F.);
#1637=ORIENTED_EDGE('',*,*,#2312,.F.);
#1638=ORIENTED_EDGE('',*,*,#2310,.T.);
#1639=ORIENTED_EDGE('',*,*,#2308,.T.);
#1640=ORIENTED_EDGE('',*,*,#2306,.T.);
#1641=ORIENTED_EDGE('',*,*,#2304,.F.);
#1642=ORIENTED_EDGE('',*,*,#2303,.F.);
#1643=ORIENTED_EDGE('',*,*,#2300,.T.);
#1644=ORIENTED_EDGE('',*,*,#2352,.F.);
#1645=ORIENTED_EDGE('',*,*,#2353,.F.);
#1646=ORIENTED_EDGE('',*,*,#2354,.T.);
#1647=ORIENTED_EDGE('',*,*,#2355,.T.);
#1648=ORIENTED_EDGE('',*,*,#2356,.T.);
#1649=ORIENTED_EDGE('',*,*,#2357,.T.);
#1650=ORIENTED_EDGE('',*,*,#2358,.F.);
#1651=ORIENTED_EDGE('',*,*,#2359,.F.);
#1652=ORIENTED_EDGE('',*,*,#2360,.T.);
#1653=ORIENTED_EDGE('',*,*,#2361,.F.);
#1654=ORIENTED_EDGE('',*,*,#2362,.F.);
#1655=ORIENTED_EDGE('',*,*,#2353,.T.);
#1656=ORIENTED_EDGE('',*,*,#2363,.F.);
#1657=ORIENTED_EDGE('',*,*,#2364,.F.);
#1658=ORIENTED_EDGE('',*,*,#2359,.T.);
#1659=ORIENTED_EDGE('',*,*,#2365,.T.);
#1660=ORIENTED_EDGE('',*,*,#2358,.T.);
#1661=ORIENTED_EDGE('',*,*,#2366,.T.);
#1662=ORIENTED_EDGE('',*,*,#2367,.F.);
#1663=ORIENTED_EDGE('',*,*,#2365,.F.);
#1664=ORIENTED_EDGE('',*,*,#2364,.T.);
#1665=ORIENTED_EDGE('',*,*,#2368,.T.);
#1666=ORIENTED_EDGE('',*,*,#2369,.F.);
#1667=ORIENTED_EDGE('',*,*,#2360,.F.);
#1668=ORIENTED_EDGE('',*,*,#2357,.F.);
#1669=ORIENTED_EDGE('',*,*,#2370,.T.);
#1670=ORIENTED_EDGE('',*,*,#2371,.T.);
#1671=ORIENTED_EDGE('',*,*,#2366,.F.);
#1672=ORIENTED_EDGE('',*,*,#2369,.T.);
#1673=ORIENTED_EDGE('',*,*,#2372,.F.);
#1674=ORIENTED_EDGE('',*,*,#2373,.F.);
#1675=ORIENTED_EDGE('',*,*,#2361,.T.);
#1676=ORIENTED_EDGE('',*,*,#2352,.T.);
#1677=ORIENTED_EDGE('',*,*,#2374,.T.);
#1678=ORIENTED_EDGE('',*,*,#2370,.F.);
#1679=ORIENTED_EDGE('',*,*,#2356,.F.);
#1680=ORIENTED_EDGE('',*,*,#2362,.T.);
#1681=ORIENTED_EDGE('',*,*,#2373,.T.);
#1682=ORIENTED_EDGE('',*,*,#2375,.F.);
#1683=ORIENTED_EDGE('',*,*,#2354,.F.);
#1684=ORIENTED_EDGE('',*,*,#2355,.F.);
#1685=ORIENTED_EDGE('',*,*,#2375,.T.);
#1686=ORIENTED_EDGE('',*,*,#2372,.T.);
#1687=ORIENTED_EDGE('',*,*,#2368,.F.);
#1688=ORIENTED_EDGE('',*,*,#2363,.T.);
#1689=ORIENTED_EDGE('',*,*,#2367,.T.);
#1690=ORIENTED_EDGE('',*,*,#2371,.F.);
#1691=ORIENTED_EDGE('',*,*,#2374,.F.);
#1692=ORIENTED_EDGE('',*,*,#2376,.F.);
#1693=ORIENTED_EDGE('',*,*,#2377,.F.);
#1694=ORIENTED_EDGE('',*,*,#2378,.T.);
#1695=ORIENTED_EDGE('',*,*,#2379,.T.);
#1696=ORIENTED_EDGE('',*,*,#2380,.T.);
#1697=ORIENTED_EDGE('',*,*,#2381,.T.);
#1698=ORIENTED_EDGE('',*,*,#2382,.F.);
#1699=ORIENTED_EDGE('',*,*,#2383,.F.);
#1700=ORIENTED_EDGE('',*,*,#2384,.T.);
#1701=ORIENTED_EDGE('',*,*,#2385,.F.);
#1702=ORIENTED_EDGE('',*,*,#2386,.F.);
#1703=ORIENTED_EDGE('',*,*,#2377,.T.);
#1704=ORIENTED_EDGE('',*,*,#2387,.F.);
#1705=ORIENTED_EDGE('',*,*,#2388,.F.);
#1706=ORIENTED_EDGE('',*,*,#2383,.T.);
#1707=ORIENTED_EDGE('',*,*,#2389,.T.);
#1708=ORIENTED_EDGE('',*,*,#2382,.T.);
#1709=ORIENTED_EDGE('',*,*,#2390,.T.);
#1710=ORIENTED_EDGE('',*,*,#2391,.F.);
#1711=ORIENTED_EDGE('',*,*,#2389,.F.);
#1712=ORIENTED_EDGE('',*,*,#2388,.T.);
#1713=ORIENTED_EDGE('',*,*,#2392,.T.);
#1714=ORIENTED_EDGE('',*,*,#2393,.F.);
#1715=ORIENTED_EDGE('',*,*,#2384,.F.);
#1716=ORIENTED_EDGE('',*,*,#2381,.F.);
#1717=ORIENTED_EDGE('',*,*,#2394,.T.);
#1718=ORIENTED_EDGE('',*,*,#2395,.T.);
#1719=ORIENTED_EDGE('',*,*,#2390,.F.);
#1720=ORIENTED_EDGE('',*,*,#2393,.T.);
#1721=ORIENTED_EDGE('',*,*,#2396,.F.);
#1722=ORIENTED_EDGE('',*,*,#2397,.F.);
#1723=ORIENTED_EDGE('',*,*,#2385,.T.);
#1724=ORIENTED_EDGE('',*,*,#2376,.T.);
#1725=ORIENTED_EDGE('',*,*,#2398,.T.);
#1726=ORIENTED_EDGE('',*,*,#2394,.F.);
#1727=ORIENTED_EDGE('',*,*,#2380,.F.);
#1728=ORIENTED_EDGE('',*,*,#2386,.T.);
#1729=ORIENTED_EDGE('',*,*,#2397,.T.);
#1730=ORIENTED_EDGE('',*,*,#2399,.F.);
#1731=ORIENTED_EDGE('',*,*,#2378,.F.);
#1732=ORIENTED_EDGE('',*,*,#2379,.F.);
#1733=ORIENTED_EDGE('',*,*,#2399,.T.);
#1734=ORIENTED_EDGE('',*,*,#2396,.T.);
#1735=ORIENTED_EDGE('',*,*,#2392,.F.);
#1736=ORIENTED_EDGE('',*,*,#2387,.T.);
#1737=ORIENTED_EDGE('',*,*,#2391,.T.);
#1738=ORIENTED_EDGE('',*,*,#2395,.F.);
#1739=ORIENTED_EDGE('',*,*,#2398,.F.);
#1740=EDGE_CURVE('',#2400,#2401,#2840,.T.);
#1741=EDGE_CURVE('',#2402,#2400,#2841,.T.);
#1742=EDGE_CURVE('',#2402,#2403,#2842,.T.);
#1743=EDGE_CURVE('',#2403,#2401,#2843,.F.);
#1744=EDGE_CURVE('',#2403,#2404,#176,.T.);
#1745=EDGE_CURVE('',#2404,#2405,#2844,.T.);
#1746=EDGE_CURVE('',#2406,#2405,#177,.F.);
#1747=EDGE_CURVE('',#2406,#2407,#2845,.T.);
#1748=EDGE_CURVE('',#2407,#2408,#178,.T.);
#1749=EDGE_CURVE('',#2409,#2408,#2846,.T.);
#1750=EDGE_CURVE('',#2401,#2409,#179,.F.);
#1751=EDGE_CURVE('',#2410,#2410,#180,.T.);
#1752=EDGE_CURVE('',#2411,#2412,#181,.T.);
#1753=EDGE_CURVE('',#2411,#2413,#2847,.T.);
#1754=EDGE_CURVE('',#2414,#2413,#182,.T.);
#1755=EDGE_CURVE('',#2415,#2414,#2848,.F.);
#1756=EDGE_CURVE('',#2416,#2415,#183,.T.);
#1757=EDGE_CURVE('',#2417,#2416,#2849,.F.);
#1758=EDGE_CURVE('',#2418,#2417,#184,.T.);
#1759=EDGE_CURVE('',#2418,#2412,#2850,.F.);
#1760=EDGE_CURVE('',#2419,#2420,#185,.T.);
#1761=EDGE_CURVE('',#2419,#2421,#2851,.T.);
#1762=EDGE_CURVE('',#2422,#2421,#186,.T.);
#1763=EDGE_CURVE('',#2423,#2422,#2852,.F.);
#1764=EDGE_CURVE('',#2424,#2423,#187,.T.);
#1765=EDGE_CURVE('',#2425,#2424,#2853,.F.);
#1766=EDGE_CURVE('',#2426,#2425,#188,.T.);
#1767=EDGE_CURVE('',#2426,#2420,#2854,.F.);
#1768=EDGE_CURVE('',#2427,#2427,#189,.T.);
#1769=EDGE_CURVE('',#2428,#2429,#190,.T.);
#1770=EDGE_CURVE('',#2428,#2430,#2855,.T.);
#1771=EDGE_CURVE('',#2431,#2430,#191,.T.);
#1772=EDGE_CURVE('',#2432,#2431,#2856,.F.);
#1773=EDGE_CURVE('',#2433,#2432,#192,.T.);
#1774=EDGE_CURVE('',#2434,#2433,#2857,.F.);
#1775=EDGE_CURVE('',#2435,#2434,#193,.T.);
#1776=EDGE_CURVE('',#2435,#2429,#2858,.F.);
#1777=EDGE_CURVE('',#2436,#2437,#194,.T.);
#1778=EDGE_CURVE('',#2436,#2438,#2859,.T.);
#1779=EDGE_CURVE('',#2439,#2438,#195,.T.);
#1780=EDGE_CURVE('',#2440,#2439,#2860,.F.);
#1781=EDGE_CURVE('',#2441,#2440,#196,.T.);
#1782=EDGE_CURVE('',#2442,#2441,#2861,.F.);
#1783=EDGE_CURVE('',#2443,#2442,#197,.T.);
#1784=EDGE_CURVE('',#2443,#2437,#2862,.F.);
#1785=EDGE_CURVE('',#2444,#2444,#198,.T.);
#1786=EDGE_CURVE('',#2445,#2445,#199,.T.);
#1787=EDGE_CURVE('',#2446,#2447,#200,.T.);
#1788=EDGE_CURVE('',#2446,#2448,#2863,.T.);
#1789=EDGE_CURVE('',#2449,#2448,#201,.T.);
#1790=EDGE_CURVE('',#2450,#2449,#2864,.F.);
#1791=EDGE_CURVE('',#2451,#2450,#202,.T.);
#1792=EDGE_CURVE('',#2452,#2451,#2865,.F.);
#1793=EDGE_CURVE('',#2453,#2452,#203,.T.);
#1794=EDGE_CURVE('',#2453,#2447,#2866,.F.);
#1795=EDGE_CURVE('',#2454,#2454,#204,.T.);
#1796=EDGE_CURVE('',#2455,#2455,#205,.T.);
#1797=EDGE_CURVE('',#2402,#2456,#206,.T.);
#1798=EDGE_CURVE('',#2456,#2404,#2867,.T.);
#1799=EDGE_CURVE('',#2457,#2409,#2868,.T.);
#1800=EDGE_CURVE('',#2400,#2457,#207,.F.);
#1801=EDGE_CURVE('',#2457,#2458,#2869,.T.);
#1802=EDGE_CURVE('',#2459,#2458,#208,.T.);
#1803=EDGE_CURVE('',#2460,#2459,#2870,.F.);
#1804=EDGE_CURVE('',#2460,#2461,#209,.F.);
#1805=EDGE_CURVE('',#2456,#2461,#2871,.T.);
#1806=EDGE_CURVE('',#2462,#2463,#2872,.T.);
#1807=EDGE_CURVE('',#2464,#2463,#210,.F.);
#1808=EDGE_CURVE('',#2464,#2465,#2873,.T.);
#1809=EDGE_CURVE('',#2465,#2466,#211,.T.);
#1810=EDGE_CURVE('',#2467,#2466,#2874,.T.);
#1811=EDGE_CURVE('',#2468,#2467,#212,.F.);
#1812=EDGE_CURVE('',#2469,#2468,#2875,.F.);
#1813=EDGE_CURVE('',#2469,#2462,#213,.T.);
#1814=EDGE_CURVE('',#2461,#2405,#2876,.T.);
#1815=EDGE_CURVE('',#2458,#2408,#2877,.T.);
#1816=EDGE_CURVE('',#2460,#2406,#2878,.T.);
#1817=EDGE_CURVE('',#2459,#2407,#2879,.T.);
#1818=EDGE_CURVE('',#2470,#2471,#214,.T.);
#1819=EDGE_CURVE('',#2471,#2410,#2880,.F.);
#1820=EDGE_CURVE('',#2471,#2472,#215,.T.);
#1821=EDGE_CURVE('',#2472,#2473,#2881,.T.);
#1822=EDGE_CURVE('',#2474,#2473,#216,.F.);
#1823=EDGE_CURVE('',#2470,#2474,#2882,.F.);
#1824=EDGE_CURVE('',#2475,#2412,#2883,.T.);
#1825=EDGE_CURVE('',#2476,#2475,#217,.T.);
#1826=EDGE_CURVE('',#2476,#2411,#2884,.T.);
#1827=EDGE_CURVE('',#2476,#2477,#2885,.F.);
#1828=EDGE_CURVE('',#2477,#2413,#2886,.T.);
#1829=EDGE_CURVE('',#2475,#2478,#2887,.T.);
#1830=EDGE_CURVE('',#2478,#2418,#2888,.T.);
#1831=EDGE_CURVE('',#2477,#2479,#218,.F.);
#1832=EDGE_CURVE('',#2479,#2414,#2889,.T.);
#1833=EDGE_CURVE('',#2480,#2417,#2890,.T.);
#1834=EDGE_CURVE('',#2480,#2478,#219,.F.);
#1835=EDGE_CURVE('',#2481,#2415,#2891,.T.);
#1836=EDGE_CURVE('',#2479,#2481,#2892,.T.);
#1837=EDGE_CURVE('',#2482,#2416,#2893,.T.);
#1838=EDGE_CURVE('',#2480,#2482,#2894,.T.);
#1839=EDGE_CURVE('',#2482,#2481,#220,.T.);
#1840=EDGE_CURVE('',#2483,#2420,#2895,.T.);
#1841=EDGE_CURVE('',#2484,#2483,#221,.T.);
#1842=EDGE_CURVE('',#2484,#2419,#2896,.T.);
#1843=EDGE_CURVE('',#2484,#2485,#2897,.F.);
#1844=EDGE_CURVE('',#2485,#2421,#2898,.T.);
#1845=EDGE_CURVE('',#2483,#2486,#2899,.T.);
#1846=EDGE_CURVE('',#2486,#2426,#2900,.T.);
#1847=EDGE_CURVE('',#2485,#2487,#222,.F.);
#1848=EDGE_CURVE('',#2487,#2422,#2901,.T.);
#1849=EDGE_CURVE('',#2488,#2425,#2902,.T.);
#1850=EDGE_CURVE('',#2488,#2486,#223,.F.);
#1851=EDGE_CURVE('',#2489,#2423,#2903,.T.);
#1852=EDGE_CURVE('',#2487,#2489,#2904,.T.);
#1853=EDGE_CURVE('',#2490,#2424,#2905,.T.);
#1854=EDGE_CURVE('',#2488,#2490,#2906,.T.);
#1855=EDGE_CURVE('',#2490,#2489,#224,.T.);
#1856=EDGE_CURVE('',#2491,#2492,#225,.F.);
#1857=EDGE_CURVE('',#2491,#2427,#2907,.F.);
#1858=EDGE_CURVE('',#2493,#2491,#226,.F.);
#1859=EDGE_CURVE('',#2494,#2493,#2908,.F.);
#1860=EDGE_CURVE('',#2494,#2495,#227,.T.);
#1861=EDGE_CURVE('',#2495,#2492,#2909,.T.);
#1862=EDGE_CURVE('',#2496,#2429,#2910,.T.);
#1863=EDGE_CURVE('',#2497,#2496,#228,.T.);
#1864=EDGE_CURVE('',#2497,#2428,#2911,.T.);
#1865=EDGE_CURVE('',#2497,#2498,#2912,.F.);
#1866=EDGE_CURVE('',#2498,#2430,#2913,.T.);
#1867=EDGE_CURVE('',#2496,#2499,#2914,.T.);
#1868=EDGE_CURVE('',#2499,#2435,#2915,.T.);
#1869=EDGE_CURVE('',#2498,#2500,#229,.F.);
#1870=EDGE_CURVE('',#2500,#2431,#2916,.T.);
#1871=EDGE_CURVE('',#2501,#2434,#2917,.T.);
#1872=EDGE_CURVE('',#2501,#2499,#230,.F.);
#1873=EDGE_CURVE('',#2502,#2432,#2918,.T.);
#1874=EDGE_CURVE('',#2500,#2502,#2919,.T.);
#1875=EDGE_CURVE('',#2503,#2433,#2920,.T.);
#1876=EDGE_CURVE('',#2501,#2503,#2921,.T.);
#1877=EDGE_CURVE('',#2503,#2502,#231,.T.);
#1878=EDGE_CURVE('',#2504,#2437,#2922,.T.);
#1879=EDGE_CURVE('',#2505,#2504,#232,.T.);
#1880=EDGE_CURVE('',#2505,#2436,#2923,.T.);
#1881=EDGE_CURVE('',#2505,#2506,#2924,.F.);
#1882=EDGE_CURVE('',#2506,#2438,#2925,.T.);
#1883=EDGE_CURVE('',#2504,#2507,#2926,.T.);
#1884=EDGE_CURVE('',#2507,#2443,#2927,.T.);
#1885=EDGE_CURVE('',#2506,#2508,#233,.F.);
#1886=EDGE_CURVE('',#2508,#2439,#2928,.T.);
#1887=EDGE_CURVE('',#2509,#2442,#2929,.T.);
#1888=EDGE_CURVE('',#2509,#2507,#234,.F.);
#1889=EDGE_CURVE('',#2510,#2440,#2930,.T.);
#1890=EDGE_CURVE('',#2508,#2510,#2931,.T.);
#1891=EDGE_CURVE('',#2511,#2441,#2932,.T.);
#1892=EDGE_CURVE('',#2509,#2511,#2933,.T.);
#1893=EDGE_CURVE('',#2511,#2510,#235,.T.);
#1894=EDGE_CURVE('',#2512,#2512,#236,.F.);
#1895=EDGE_CURVE('',#2512,#2444,#2934,.F.);
#1896=EDGE_CURVE('',#2513,#2514,#237,.T.);
#1897=EDGE_CURVE('',#2514,#2445,#2935,.F.);
#1898=EDGE_CURVE('',#2514,#2515,#238,.T.);
#1899=EDGE_CURVE('',#2515,#2516,#2936,.T.);
#1900=EDGE_CURVE('',#2517,#2516,#239,.F.);
#1901=EDGE_CURVE('',#2513,#2517,#2937,.F.);
#1902=EDGE_CURVE('',#2518,#2447,#2938,.T.);
#1903=EDGE_CURVE('',#2519,#2518,#240,.T.);
#1904=EDGE_CURVE('',#2519,#2446,#2939,.T.);
#1905=EDGE_CURVE('',#2519,#2520,#2940,.F.);
#1906=EDGE_CURVE('',#2520,#2448,#2941,.T.);
#1907=EDGE_CURVE('',#2518,#2521,#2942,.T.);
#1908=EDGE_CURVE('',#2521,#2453,#2943,.T.);
#1909=EDGE_CURVE('',#2520,#2522,#241,.F.);
#1910=EDGE_CURVE('',#2522,#2449,#2944,.T.);
#1911=EDGE_CURVE('',#2523,#2452,#2945,.T.);
#1912=EDGE_CURVE('',#2523,#2521,#242,.F.);
#1913=EDGE_CURVE('',#2524,#2450,#2946,.T.);
#1914=EDGE_CURVE('',#2522,#2524,#2947,.T.);
#1915=EDGE_CURVE('',#2525,#2451,#2948,.T.);
#1916=EDGE_CURVE('',#2523,#2525,#2949,.T.);
#1917=EDGE_CURVE('',#2525,#2524,#243,.T.);
#1918=EDGE_CURVE('',#2526,#2526,#244,.F.);
#1919=EDGE_CURVE('',#2526,#2454,#2950,.F.);
#1920=EDGE_CURVE('',#2527,#2528,#245,.F.);
#1921=EDGE_CURVE('',#2527,#2455,#2951,.F.);
#1922=EDGE_CURVE('',#2529,#2527,#246,.F.);
#1923=EDGE_CURVE('',#2530,#2529,#2952,.F.);
#1924=EDGE_CURVE('',#2530,#2531,#247,.T.);
#1925=EDGE_CURVE('',#2531,#2528,#2953,.T.);
#1926=EDGE_CURVE('',#2532,#2533,#248,.T.);
#1927=EDGE_CURVE('',#2462,#2533,#2954,.T.);
#1928=EDGE_CURVE('',#2469,#2532,#2955,.T.);
#1929=EDGE_CURVE('',#2533,#2473,#2956,.T.);
#1930=EDGE_CURVE('',#2472,#2494,#2957,.T.);
#1931=EDGE_CURVE('',#2493,#2534,#2958,.T.);
#1932=EDGE_CURVE('',#2463,#2534,#2959,.T.);
#1933=EDGE_CURVE('',#2464,#2535,#2960,.T.);
#1934=EDGE_CURVE('',#2534,#2535,#249,.T.);
#1935=EDGE_CURVE('',#2536,#2537,#2961,.F.);
#1936=EDGE_CURVE('',#2538,#2537,#2962,.F.);
#1937=EDGE_CURVE('',#2539,#2538,#2963,.T.);
#1938=EDGE_CURVE('',#2539,#2530,#2964,.F.);
#1939=EDGE_CURVE('',#2540,#2529,#2965,.F.);
#1940=EDGE_CURVE('',#2465,#2540,#2966,.T.);
#1941=EDGE_CURVE('',#2492,#2535,#2967,.F.);
#1942=EDGE_CURVE('',#2495,#2536,#2968,.F.);
#1943=EDGE_CURVE('',#2540,#2541,#250,.T.);
#1944=EDGE_CURVE('',#2466,#2541,#2969,.T.);
#1945=EDGE_CURVE('',#2528,#2541,#2970,.T.);
#1946=EDGE_CURVE('',#2513,#2531,#2971,.T.);
#1947=EDGE_CURVE('',#2542,#2517,#2972,.T.);
#1948=EDGE_CURVE('',#2467,#2542,#2973,.T.);
#1949=EDGE_CURVE('',#2468,#2543,#2974,.T.);
#1950=EDGE_CURVE('',#2542,#2543,#251,.T.);
#1951=EDGE_CURVE('',#2470,#2544,#2975,.T.);
#1952=EDGE_CURVE('',#2474,#2532,#2976,.T.);
#1953=EDGE_CURVE('',#2543,#2516,#2977,.T.);
#1954=EDGE_CURVE('',#2545,#2515,#2978,.T.);
#1955=EDGE_CURVE('',#2545,#2546,#2979,.F.);
#1956=EDGE_CURVE('',#2546,#2547,#2980,.T.);
#1957=EDGE_CURVE('',#2544,#2547,#2981,.T.);
#1958=EDGE_CURVE('',#2544,#2545,#252,.F.);
#1959=EDGE_CURVE('',#2536,#2539,#253,.T.);
#1960=EDGE_CURVE('',#2548,#2549,#2982,.F.);
#1961=EDGE_CURVE('',#2548,#2550,#254,.T.);
#1962=EDGE_CURVE('',#2550,#2551,#2983,.T.);
#1963=EDGE_CURVE('',#2551,#2552,#255,.T.);
#1964=EDGE_CURVE('',#2552,#2553,#2984,.F.);
#1965=EDGE_CURVE('',#2553,#2554,#256,.T.);
#1966=EDGE_CURVE('',#2555,#2554,#2985,.F.);
#1967=EDGE_CURVE('',#2555,#2549,#257,.T.);
#1968=EDGE_CURVE('',#2556,#2557,#2986,.F.);
#1969=EDGE_CURVE('',#2556,#2558,#258,.T.);
#1970=EDGE_CURVE('',#2558,#2559,#2987,.T.);
#1971=EDGE_CURVE('',#2559,#2560,#259,.T.);
#1972=EDGE_CURVE('',#2560,#2561,#2988,.F.);
#1973=EDGE_CURVE('',#2561,#2562,#260,.T.);
#1974=EDGE_CURVE('',#2563,#2562,#2989,.F.);
#1975=EDGE_CURVE('',#2563,#2557,#261,.T.);
#1976=EDGE_CURVE('',#2564,#2565,#2990,.F.);
#1977=EDGE_CURVE('',#2564,#2566,#262,.T.);
#1978=EDGE_CURVE('',#2566,#2567,#2991,.T.);
#1979=EDGE_CURVE('',#2567,#2568,#263,.T.);
#1980=EDGE_CURVE('',#2568,#2569,#2992,.F.);
#1981=EDGE_CURVE('',#2569,#2570,#264,.T.);
#1982=EDGE_CURVE('',#2571,#2570,#2993,.F.);
#1983=EDGE_CURVE('',#2571,#2565,#265,.T.);
#1984=EDGE_CURVE('',#2572,#2573,#2994,.F.);
#1985=EDGE_CURVE('',#2572,#2574,#266,.T.);
#1986=EDGE_CURVE('',#2574,#2575,#2995,.T.);
#1987=EDGE_CURVE('',#2575,#2576,#267,.T.);
#1988=EDGE_CURVE('',#2576,#2577,#2996,.F.);
#1989=EDGE_CURVE('',#2577,#2578,#268,.T.);
#1990=EDGE_CURVE('',#2579,#2578,#2997,.F.);
#1991=EDGE_CURVE('',#2579,#2573,#269,.T.);
#1992=EDGE_CURVE('',#2580,#2581,#2998,.F.);
#1993=EDGE_CURVE('',#2580,#2582,#270,.T.);
#1994=EDGE_CURVE('',#2582,#2583,#2999,.T.);
#1995=EDGE_CURVE('',#2583,#2584,#271,.T.);
#1996=EDGE_CURVE('',#2584,#2585,#3000,.F.);
#1997=EDGE_CURVE('',#2585,#2586,#272,.T.);
#1998=EDGE_CURVE('',#2587,#2586,#3001,.F.);
#1999=EDGE_CURVE('',#2587,#2581,#273,.T.);
#2000=EDGE_CURVE('',#2588,#2589,#274,.T.);
#2001=EDGE_CURVE('',#2590,#2588,#3002,.T.);
#2002=EDGE_CURVE('',#2591,#2590,#275,.T.);
#2003=EDGE_CURVE('',#2591,#2592,#3003,.T.);
#2004=EDGE_CURVE('',#2593,#2592,#276,.T.);
#2005=EDGE_CURVE('',#2593,#2594,#3004,.F.);
#2006=EDGE_CURVE('',#2595,#2594,#277,.T.);
#2007=EDGE_CURVE('',#2589,#2595,#3005,.T.);
#2008=EDGE_CURVE('',#2596,#2597,#278,.T.);
#2009=EDGE_CURVE('',#2598,#2596,#3006,.T.);
#2010=EDGE_CURVE('',#2599,#2598,#279,.T.);
#2011=EDGE_CURVE('',#2599,#2600,#3007,.T.);
#2012=EDGE_CURVE('',#2601,#2600,#280,.T.);
#2013=EDGE_CURVE('',#2601,#2602,#3008,.F.);
#2014=EDGE_CURVE('',#2603,#2602,#281,.T.);
#2015=EDGE_CURVE('',#2597,#2603,#3009,.T.);
#2016=EDGE_CURVE('',#2604,#2605,#282,.T.);
#2017=EDGE_CURVE('',#2606,#2604,#3010,.T.);
#2018=EDGE_CURVE('',#2607,#2606,#283,.T.);
#2019=EDGE_CURVE('',#2607,#2608,#3011,.T.);
#2020=EDGE_CURVE('',#2609,#2608,#284,.T.);
#2021=EDGE_CURVE('',#2609,#2610,#3012,.F.);
#2022=EDGE_CURVE('',#2611,#2610,#285,.T.);
#2023=EDGE_CURVE('',#2605,#2611,#3013,.T.);
#2024=EDGE_CURVE('',#2612,#2613,#286,.T.);
#2025=EDGE_CURVE('',#2614,#2612,#3014,.T.);
#2026=EDGE_CURVE('',#2615,#2614,#287,.T.);
#2027=EDGE_CURVE('',#2615,#2616,#3015,.T.);
#2028=EDGE_CURVE('',#2617,#2616,#288,.T.);
#2029=EDGE_CURVE('',#2617,#2618,#3016,.F.);
#2030=EDGE_CURVE('',#2619,#2618,#289,.T.);
#2031=EDGE_CURVE('',#2613,#2619,#3017,.T.);
#2032=EDGE_CURVE('',#2620,#2621,#290,.T.);
#2033=EDGE_CURVE('',#2622,#2620,#3018,.T.);
#2034=EDGE_CURVE('',#2623,#2622,#291,.T.);
#2035=EDGE_CURVE('',#2623,#2624,#3019,.T.);
#2036=EDGE_CURVE('',#2625,#2624,#292,.T.);
#2037=EDGE_CURVE('',#2625,#2626,#3020,.F.);
#2038=EDGE_CURVE('',#2627,#2626,#293,.T.);
#2039=EDGE_CURVE('',#2621,#2627,#3021,.T.);
#2040=EDGE_CURVE('',#2538,#2537,#294,.F.);
#2041=EDGE_CURVE('',#2547,#2546,#295,.F.);
#2042=EDGE_CURVE('',#2549,#2589,#3022,.T.);
#2043=EDGE_CURVE('',#2555,#2588,#3023,.T.);
#2044=EDGE_CURVE('',#2554,#2590,#3024,.T.);
#2045=EDGE_CURVE('',#2548,#2595,#3025,.T.);
#2046=EDGE_CURVE('',#2553,#2591,#3026,.T.);
#2047=EDGE_CURVE('',#2550,#2594,#3027,.T.);
#2048=EDGE_CURVE('',#2552,#2592,#3028,.T.);
#2049=EDGE_CURVE('',#2551,#2593,#3029,.T.);
#2050=EDGE_CURVE('',#2557,#2597,#3030,.T.);
#2051=EDGE_CURVE('',#2563,#2596,#3031,.T.);
#2052=EDGE_CURVE('',#2562,#2598,#3032,.T.);
#2053=EDGE_CURVE('',#2556,#2603,#3033,.T.);
#2054=EDGE_CURVE('',#2561,#2599,#3034,.T.);
#2055=EDGE_CURVE('',#2558,#2602,#3035,.T.);
#2056=EDGE_CURVE('',#2560,#2600,#3036,.T.);
#2057=EDGE_CURVE('',#2559,#2601,#3037,.T.);
#2058=EDGE_CURVE('',#2565,#2605,#3038,.T.);
#2059=EDGE_CURVE('',#2571,#2604,#3039,.T.);
#2060=EDGE_CURVE('',#2570,#2606,#3040,.T.);
#2061=EDGE_CURVE('',#2564,#2611,#3041,.T.);
#2062=EDGE_CURVE('',#2569,#2607,#3042,.T.);
#2063=EDGE_CURVE('',#2566,#2610,#3043,.T.);
#2064=EDGE_CURVE('',#2568,#2608,#3044,.T.);
#2065=EDGE_CURVE('',#2567,#2609,#3045,.T.);
#2066=EDGE_CURVE('',#2573,#2613,#3046,.T.);
#2067=EDGE_CURVE('',#2579,#2612,#3047,.T.);
#2068=EDGE_CURVE('',#2578,#2614,#3048,.T.);
#2069=EDGE_CURVE('',#2572,#2619,#3049,.T.);
#2070=EDGE_CURVE('',#2577,#2615,#3050,.T.);
#2071=EDGE_CURVE('',#2574,#2618,#3051,.T.);
#2072=EDGE_CURVE('',#2576,#2616,#3052,.T.);
#2073=EDGE_CURVE('',#2575,#2617,#3053,.T.);
#2074=EDGE_CURVE('',#2581,#2621,#3054,.T.);
#2075=EDGE_CURVE('',#2587,#2620,#3055,.T.);
#2076=EDGE_CURVE('',#2586,#2622,#3056,.T.);
#2077=EDGE_CURVE('',#2580,#2627,#3057,.T.);
#2078=EDGE_CURVE('',#2585,#2623,#3058,.T.);
#2079=EDGE_CURVE('',#2582,#2626,#3059,.T.);
#2080=EDGE_CURVE('',#2584,#2624,#3060,.T.);
#2081=EDGE_CURVE('',#2583,#2625,#3061,.T.);
#2082=EDGE_CURVE('',#2628,#2629,#296,.T.);
#2083=EDGE_CURVE('',#2629,#2630,#3062,.F.);
#2084=EDGE_CURVE('',#2630,#2631,#297,.T.);
#2085=EDGE_CURVE('',#2632,#2631,#3063,.F.);
#2086=EDGE_CURVE('',#2632,#2633,#298,.T.);
#2087=EDGE_CURVE('',#2633,#2634,#3064,.T.);
#2088=EDGE_CURVE('',#2634,#2635,#299,.T.);
#2089=EDGE_CURVE('',#2635,#2636,#3065,.F.);
#2090=EDGE_CURVE('',#2637,#2636,#3066,.T.);
#2091=EDGE_CURVE('',#2638,#2637,#3067,.T.);
#2092=EDGE_CURVE('',#2638,#2639,#3068,.T.);
#2093=EDGE_CURVE('',#2639,#2628,#3069,.F.);
#2094=EDGE_CURVE('',#2639,#2640,#300,.T.);
#2095=EDGE_CURVE('',#2640,#2641,#3070,.T.);
#2096=EDGE_CURVE('',#2642,#2641,#301,.F.);
#2097=EDGE_CURVE('',#2642,#2643,#3071,.T.);
#2098=EDGE_CURVE('',#2643,#2644,#302,.T.);
#2099=EDGE_CURVE('',#2645,#2644,#3072,.T.);
#2100=EDGE_CURVE('',#2636,#2645,#303,.F.);
#2101=EDGE_CURVE('',#2635,#2646,#3073,.T.);
#2102=EDGE_CURVE('',#2646,#2647,#3074,.T.);
#2103=EDGE_CURVE('',#2647,#2648,#304,.F.);
#2104=EDGE_CURVE('',#2649,#2648,#3075,.F.);
#2105=EDGE_CURVE('',#2649,#2650,#305,.F.);
#2106=EDGE_CURVE('',#2651,#2650,#3076,.F.);
#2107=EDGE_CURVE('',#2651,#2652,#306,.F.);
#2108=EDGE_CURVE('',#2652,#2653,#3077,.F.);
#2109=EDGE_CURVE('',#2653,#2654,#307,.F.);
#2110=EDGE_CURVE('',#2654,#2655,#3078,.T.);
#2111=EDGE_CURVE('',#2628,#2655,#3079,.T.);
#2112=EDGE_CURVE('',#2656,#2656,#308,.T.);
#2113=EDGE_CURVE('',#2657,#2657,#309,.T.);
#2114=EDGE_CURVE('',#2658,#2658,#310,.T.);
#2115=EDGE_CURVE('',#2659,#2659,#311,.T.);
#2116=EDGE_CURVE('',#2638,#2660,#312,.T.);
#2117=EDGE_CURVE('',#2660,#2640,#3080,.T.);
#2118=EDGE_CURVE('',#2637,#2661,#313,.F.);
#2119=EDGE_CURVE('',#2661,#2662,#3081,.T.);
#2120=EDGE_CURVE('',#2663,#2662,#314,.T.);
#2121=EDGE_CURVE('',#2664,#2663,#3082,.F.);
#2122=EDGE_CURVE('',#2664,#2665,#315,.F.);
#2123=EDGE_CURVE('',#2660,#2665,#3083,.T.);
#2124=EDGE_CURVE('',#2661,#2645,#3084,.T.);
#2125=EDGE_CURVE('',#2666,#2646,#316,.T.);
#2126=EDGE_CURVE('',#2634,#2666,#3085,.T.);
#2127=EDGE_CURVE('',#2667,#2666,#3086,.T.);
#2128=EDGE_CURVE('',#2633,#2667,#3087,.T.);
#2129=EDGE_CURVE('',#2632,#2668,#3088,.T.);
#2130=EDGE_CURVE('',#2668,#2667,#317,.T.);
#2131=EDGE_CURVE('',#2631,#2669,#3089,.T.);
#2132=EDGE_CURVE('',#2668,#2669,#3090,.T.);
#2133=EDGE_CURVE('',#2630,#2670,#3091,.T.);
#2134=EDGE_CURVE('',#2670,#2669,#318,.T.);
#2135=EDGE_CURVE('',#2629,#2671,#3092,.T.);
#2136=EDGE_CURVE('',#2671,#2670,#3093,.F.);
#2137=EDGE_CURVE('',#2655,#2671,#319,.T.);
#2138=EDGE_CURVE('',#2665,#2641,#3094,.T.);
#2139=EDGE_CURVE('',#2654,#2672,#3095,.F.);
#2140=EDGE_CURVE('',#2672,#2673,#3096,.F.);
#2141=EDGE_CURVE('',#2647,#2673,#3097,.T.);
#2142=EDGE_CURVE('',#2664,#2642,#3098,.T.);
#2143=EDGE_CURVE('',#2653,#2674,#3099,.T.);
#2144=EDGE_CURVE('',#2672,#2674,#320,.T.);
#2145=EDGE_CURVE('',#2663,#2643,#3100,.T.);
#2146=EDGE_CURVE('',#2674,#2675,#3101,.T.);
#2147=EDGE_CURVE('',#2652,#2675,#3102,.F.);
#2148=EDGE_CURVE('',#2662,#2644,#3103,.T.);
#2149=EDGE_CURVE('',#2675,#2676,#321,.T.);
#2150=EDGE_CURVE('',#2651,#2676,#3104,.T.);
#2151=EDGE_CURVE('',#2677,#2678,#3105,.T.);
#2152=EDGE_CURVE('',#2677,#2679,#3106,.T.);
#2153=EDGE_CURVE('',#2679,#2680,#3107,.T.);
#2154=EDGE_CURVE('',#2678,#2680,#3108,.T.);
#2155=EDGE_CURVE('',#2650,#2681,#3109,.F.);
#2156=EDGE_CURVE('',#2676,#2681,#3110,.T.);
#2157=EDGE_CURVE('',#2681,#2682,#322,.T.);
#2158=EDGE_CURVE('',#2649,#2682,#3111,.T.);
#2159=EDGE_CURVE('',#2648,#2683,#3112,.F.);
#2160=EDGE_CURVE('',#2683,#2682,#3113,.T.);
#2161=EDGE_CURVE('',#2673,#2683,#323,.F.);
#2162=EDGE_CURVE('',#2684,#2684,#324,.F.);
#2163=EDGE_CURVE('',#2684,#2656,#3114,.F.);
#2164=EDGE_CURVE('',#2685,#2685,#325,.F.);
#2165=EDGE_CURVE('',#2685,#2657,#3115,.F.);
#2166=EDGE_CURVE('',#2686,#2686,#326,.F.);
#2167=EDGE_CURVE('',#2686,#2658,#3116,.F.);
#2168=EDGE_CURVE('',#2687,#2687,#327,.F.);
#2169=EDGE_CURVE('',#2687,#2659,#3117,.F.);
#2170=EDGE_CURVE('',#2688,#2688,#328,.T.);
#2171=EDGE_CURVE('',#2689,#2689,#329,.T.);
#2172=EDGE_CURVE('',#2678,#2690,#330,.T.);
#2173=EDGE_CURVE('',#2691,#2690,#3118,.T.);
#2174=EDGE_CURVE('',#2677,#2691,#331,.T.);
#2175=EDGE_CURVE('',#2680,#2692,#332,.F.);
#2176=EDGE_CURVE('',#2690,#2692,#3119,.T.);
#2177=EDGE_CURVE('',#2679,#2693,#333,.F.);
#2178=EDGE_CURVE('',#2693,#2692,#3120,.T.);
#2179=EDGE_CURVE('',#2691,#2693,#3121,.T.);
#2180=EDGE_CURVE('',#2688,#2694,#3122,.F.);
#2181=EDGE_CURVE('',#2694,#2694,#334,.F.);
#2182=EDGE_CURVE('',#2689,#2695,#3123,.F.);
#2183=EDGE_CURVE('',#2695,#2695,#335,.F.);
#2184=EDGE_CURVE('',#2696,#2696,#336,.T.);
#2185=EDGE_CURVE('',#2697,#2697,#337,.T.);
#2186=EDGE_CURVE('',#2698,#2698,#338,.F.);
#2187=EDGE_CURVE('',#2698,#2696,#3124,.F.);
#2188=EDGE_CURVE('',#2699,#2699,#339,.F.);
#2189=EDGE_CURVE('',#2699,#2697,#3125,.F.);
#2190=EDGE_CURVE('',#2700,#2701,#3126,.T.);
#2191=EDGE_CURVE('',#2702,#2700,#3127,.T.);
#2192=EDGE_CURVE('',#2702,#2703,#3128,.T.);
#2193=EDGE_CURVE('',#2703,#2701,#3129,.F.);
#2194=EDGE_CURVE('',#2700,#2704,#340,.F.);
#2195=EDGE_CURVE('',#2704,#2705,#3130,.T.);
#2196=EDGE_CURVE('',#2706,#2705,#341,.T.);
#2197=EDGE_CURVE('',#2707,#2706,#3131,.F.);
#2198=EDGE_CURVE('',#2707,#2708,#342,.F.);
#2199=EDGE_CURVE('',#2709,#2708,#3132,.T.);
#2200=EDGE_CURVE('',#2702,#2709,#343,.T.);
#2201=EDGE_CURVE('',#2710,#2711,#3133,.T.);
#2202=EDGE_CURVE('',#2707,#2710,#3134,.T.);
#2203=EDGE_CURVE('',#2706,#2711,#3135,.T.);
#2204=EDGE_CURVE('',#2705,#2712,#3136,.T.);
#2205=EDGE_CURVE('',#2711,#2712,#344,.T.);
#2206=EDGE_CURVE('',#2710,#2713,#345,.F.);
#2207=EDGE_CURVE('',#2708,#2713,#3137,.T.);
#2208=EDGE_CURVE('',#2704,#2714,#3138,.T.);
#2209=EDGE_CURVE('',#2714,#2712,#3139,.T.);
#2210=EDGE_CURVE('',#2715,#2713,#3140,.T.);
#2211=EDGE_CURVE('',#2709,#2715,#3141,.T.);
#2212=EDGE_CURVE('',#2701,#2714,#346,.F.);
#2213=EDGE_CURVE('',#2703,#2715,#347,.T.);
#2214=EDGE_CURVE('',#2716,#2717,#3142,.T.);
#2215=EDGE_CURVE('',#2718,#2716,#3143,.T.);
#2216=EDGE_CURVE('',#2718,#2719,#3144,.T.);
#2217=EDGE_CURVE('',#2719,#2717,#3145,.F.);
#2218=EDGE_CURVE('',#2716,#2720,#348,.F.);
#2219=EDGE_CURVE('',#2720,#2721,#3146,.T.);
#2220=EDGE_CURVE('',#2722,#2721,#349,.T.);
#2221=EDGE_CURVE('',#2723,#2722,#3147,.F.);
#2222=EDGE_CURVE('',#2723,#2724,#350,.F.);
#2223=EDGE_CURVE('',#2725,#2724,#3148,.T.);
#2224=EDGE_CURVE('',#2718,#2725,#351,.T.);
#2225=EDGE_CURVE('',#2726,#2727,#3149,.T.);
#2226=EDGE_CURVE('',#2723,#2726,#3150,.T.);
#2227=EDGE_CURVE('',#2722,#2727,#3151,.T.);
#2228=EDGE_CURVE('',#2721,#2728,#3152,.T.);
#2229=EDGE_CURVE('',#2727,#2728,#352,.T.);
#2230=EDGE_CURVE('',#2726,#2729,#353,.F.);
#2231=EDGE_CURVE('',#2724,#2729,#3153,.T.);
#2232=EDGE_CURVE('',#2720,#2730,#3154,.T.);
#2233=EDGE_CURVE('',#2730,#2728,#3155,.T.);
#2234=EDGE_CURVE('',#2731,#2729,#3156,.T.);
#2235=EDGE_CURVE('',#2725,#2731,#3157,.T.);
#2236=EDGE_CURVE('',#2717,#2730,#354,.F.);
#2237=EDGE_CURVE('',#2719,#2731,#355,.T.);
#2238=EDGE_CURVE('',#2732,#2733,#356,.F.);
#2239=EDGE_CURVE('',#2732,#2734,#357,.T.);
#2240=EDGE_CURVE('',#2734,#2735,#358,.T.);
#2241=EDGE_CURVE('',#2735,#2736,#3158,.T.);
#2242=EDGE_CURVE('',#2737,#2736,#359,.F.);
#2243=EDGE_CURVE('',#2737,#2738,#360,.T.);
#2244=EDGE_CURVE('',#2738,#2739,#361,.T.);
#2245=EDGE_CURVE('',#2733,#2739,#3159,.T.);
#2246=EDGE_CURVE('',#2740,#2740,#362,.F.);
#2247=EDGE_CURVE('',#2741,#2741,#363,.F.);
#2248=EDGE_CURVE('',#2742,#2733,#3160,.T.);
#2249=EDGE_CURVE('',#2743,#2742,#364,.F.);
#2250=EDGE_CURVE('',#2743,#2732,#3161,.T.);
#2251=EDGE_CURVE('',#2742,#2744,#3162,.T.);
#2252=EDGE_CURVE('',#2744,#2739,#3163,.T.);
#2253=EDGE_CURVE('',#2745,#2738,#3164,.F.);
#2254=EDGE_CURVE('',#2745,#2744,#365,.T.);
#2255=EDGE_CURVE('',#2746,#2737,#3165,.T.);
#2256=EDGE_CURVE('',#2746,#2745,#366,.T.);
#2257=EDGE_CURVE('',#2747,#2736,#3166,.T.);
#2258=EDGE_CURVE('',#2746,#2747,#367,.F.);
#2259=EDGE_CURVE('',#2748,#2735,#3167,.T.);
#2260=EDGE_CURVE('',#2748,#2747,#3168,.T.);
#2261=EDGE_CURVE('',#2749,#2734,#3169,.F.);
#2262=EDGE_CURVE('',#2749,#2748,#368,.T.);
#2263=EDGE_CURVE('',#2743,#2749,#369,.T.);
#2264=EDGE_CURVE('',#2740,#2750,#3170,.F.);
#2265=EDGE_CURVE('',#2750,#2750,#370,.F.);
#2266=EDGE_CURVE('',#2741,#2751,#3171,.F.);
#2267=EDGE_CURVE('',#2751,#2751,#371,.F.);
#2268=EDGE_CURVE('',#2752,#2753,#3172,.T.);
#2269=EDGE_CURVE('',#2754,#2752,#3173,.T.);
#2270=EDGE_CURVE('',#2754,#2755,#3174,.T.);
#2271=EDGE_CURVE('',#2755,#2753,#3175,.F.);
#2272=EDGE_CURVE('',#2752,#2756,#372,.F.);
#2273=EDGE_CURVE('',#2757,#2756,#373,.T.);
#2274=EDGE_CURVE('',#2757,#2758,#3176,.T.);
#2275=EDGE_CURVE('',#2758,#2759,#374,.F.);
#2276=EDGE_CURVE('',#2760,#2759,#375,.T.);
#2277=EDGE_CURVE('',#2760,#2761,#3177,.T.);
#2278=EDGE_CURVE('',#2761,#2762,#376,.F.);
#2279=EDGE_CURVE('',#2762,#2763,#3178,.T.);
#2280=EDGE_CURVE('',#2764,#2763,#377,.T.);
#2281=EDGE_CURVE('',#2765,#2764,#3179,.F.);
#2282=EDGE_CURVE('',#2765,#2766,#378,.F.);
#2283=EDGE_CURVE('',#2767,#2766,#379,.T.);
#2284=EDGE_CURVE('',#2768,#2767,#3180,.F.);
#2285=EDGE_CURVE('',#2768,#2769,#380,.F.);
#2286=EDGE_CURVE('',#2770,#2769,#381,.T.);
#2287=EDGE_CURVE('',#2771,#2770,#3181,.F.);
#2288=EDGE_CURVE('',#2771,#2772,#382,.F.);
#2289=EDGE_CURVE('',#2773,#2772,#3182,.T.);
#2290=EDGE_CURVE('',#2754,#2773,#383,.T.);
#2291=EDGE_CURVE('',#2774,#2775,#384,.T.);
#2292=EDGE_CURVE('',#2774,#2776,#3183,.T.);
#2293=EDGE_CURVE('',#2776,#2777,#385,.F.);
#2294=EDGE_CURVE('',#2778,#2777,#3184,.T.);
#2295=EDGE_CURVE('',#2779,#2778,#386,.T.);
#2296=EDGE_CURVE('',#2780,#2779,#3185,.F.);
#2297=EDGE_CURVE('',#2780,#2781,#387,.F.);
#2298=EDGE_CURVE('',#2781,#2775,#3186,.T.);
#2299=EDGE_CURVE('',#2775,#2782,#3187,.T.);
#2300=EDGE_CURVE('',#2783,#2782,#388,.T.);
#2301=EDGE_CURVE('',#2774,#2783,#3188,.T.);
#2302=EDGE_CURVE('',#2776,#2784,#3189,.T.);
#2303=EDGE_CURVE('',#2783,#2784,#3190,.F.);
#2304=EDGE_CURVE('',#2784,#2785,#389,.F.);
#2305=EDGE_CURVE('',#2777,#2785,#3191,.T.);
#2306=EDGE_CURVE('',#2786,#2785,#3192,.T.);
#2307=EDGE_CURVE('',#2778,#2786,#3193,.T.);
#2308=EDGE_CURVE('',#2787,#2786,#390,.T.);
#2309=EDGE_CURVE('',#2779,#2787,#3194,.T.);
#2310=EDGE_CURVE('',#2788,#2787,#3195,.T.);
#2311=EDGE_CURVE('',#2780,#2788,#3196,.T.);
#2312=EDGE_CURVE('',#2788,#2789,#391,.F.);
#2313=EDGE_CURVE('',#2781,#2789,#3197,.T.);
#2314=EDGE_CURVE('',#2789,#2782,#3198,.T.);
#2315=EDGE_CURVE('',#2756,#2790,#3199,.T.);
#2316=EDGE_CURVE('',#2791,#2790,#392,.T.);
#2317=EDGE_CURVE('',#2757,#2791,#3200,.T.);
#2318=EDGE_CURVE('',#2758,#2792,#3201,.T.);
#2319=EDGE_CURVE('',#2791,#2792,#3202,.F.);
#2320=EDGE_CURVE('',#2792,#2793,#393,.F.);
#2321=EDGE_CURVE('',#2759,#2793,#3203,.T.);
#2322=EDGE_CURVE('',#2794,#2793,#394,.T.);
#2323=EDGE_CURVE('',#2760,#2794,#3204,.T.);
#2324=EDGE_CURVE('',#2761,#2795,#3205,.T.);
#2325=EDGE_CURVE('',#2794,#2795,#3206,.F.);
#2326=EDGE_CURVE('',#2795,#2796,#395,.F.);
#2327=EDGE_CURVE('',#2762,#2796,#3207,.T.);
#2328=EDGE_CURVE('',#2796,#2797,#3208,.T.);
#2329=EDGE_CURVE('',#2763,#2797,#3209,.T.);
#2330=EDGE_CURVE('',#2798,#2797,#396,.T.);
#2331=EDGE_CURVE('',#2764,#2798,#3210,.T.);
#2332=EDGE_CURVE('',#2799,#2798,#3211,.T.);
#2333=EDGE_CURVE('',#2765,#2799,#3212,.T.);
#2334=EDGE_CURVE('',#2799,#2800,#397,.F.);
#2335=EDGE_CURVE('',#2766,#2800,#3213,.T.);
#2336=EDGE_CURVE('',#2801,#2800,#398,.T.);
#2337=EDGE_CURVE('',#2767,#2801,#3214,.T.);
#2338=EDGE_CURVE('',#2802,#2801,#3215,.T.);
#2339=EDGE_CURVE('',#2768,#2802,#3216,.T.);
#2340=EDGE_CURVE('',#2802,#2803,#399,.F.);
#2341=EDGE_CURVE('',#2769,#2803,#3217,.T.);
#2342=EDGE_CURVE('',#2804,#2803,#400,.T.);
#2343=EDGE_CURVE('',#2770,#2804,#3218,.T.);
#2344=EDGE_CURVE('',#2805,#2804,#3219,.T.);
#2345=EDGE_CURVE('',#2771,#2805,#3220,.T.);
#2346=EDGE_CURVE('',#2805,#2806,#401,.F.);
#2347=EDGE_CURVE('',#2772,#2806,#3221,.T.);
#2348=EDGE_CURVE('',#2807,#2806,#3222,.T.);
#2349=EDGE_CURVE('',#2773,#2807,#3223,.T.);
#2350=EDGE_CURVE('',#2753,#2790,#402,.F.);
#2351=EDGE_CURVE('',#2755,#2807,#403,.T.);
#2352=EDGE_CURVE('',#2808,#2809,#3224,.T.);
#2353=EDGE_CURVE('',#2810,#2808,#3225,.T.);
#2354=EDGE_CURVE('',#2810,#2811,#3226,.T.);
#2355=EDGE_CURVE('',#2811,#2809,#3227,.F.);
#2356=EDGE_CURVE('',#2808,#2812,#404,.F.);
#2357=EDGE_CURVE('',#2812,#2813,#3228,.T.);
#2358=EDGE_CURVE('',#2814,#2813,#405,.T.);
#2359=EDGE_CURVE('',#2815,#2814,#3229,.F.);
#2360=EDGE_CURVE('',#2815,#2816,#406,.F.);
#2361=EDGE_CURVE('',#2817,#2816,#3230,.T.);
#2362=EDGE_CURVE('',#2810,#2817,#407,.T.);
#2363=EDGE_CURVE('',#2818,#2819,#3231,.T.);
#2364=EDGE_CURVE('',#2815,#2818,#3232,.T.);
#2365=EDGE_CURVE('',#2814,#2819,#3233,.T.);
#2366=EDGE_CURVE('',#2813,#2820,#3234,.T.);
#2367=EDGE_CURVE('',#2819,#2820,#408,.T.);
#2368=EDGE_CURVE('',#2818,#2821,#409,.F.);
#2369=EDGE_CURVE('',#2816,#2821,#3235,.T.);
#2370=EDGE_CURVE('',#2812,#2822,#3236,.T.);
#2371=EDGE_CURVE('',#2822,#2820,#3237,.T.);
#2372=EDGE_CURVE('',#2823,#2821,#3238,.T.);
#2373=EDGE_CURVE('',#2817,#2823,#3239,.T.);
#2374=EDGE_CURVE('',#2809,#2822,#410,.F.);
#2375=EDGE_CURVE('',#2811,#2823,#411,.T.);
#2376=EDGE_CURVE('',#2824,#2825,#3240,.T.);
#2377=EDGE_CURVE('',#2826,#2824,#3241,.T.);
#2378=EDGE_CURVE('',#2826,#2827,#3242,.T.);
#2379=EDGE_CURVE('',#2827,#2825,#3243,.F.);
#2380=EDGE_CURVE('',#2824,#2828,#412,.F.);
#2381=EDGE_CURVE('',#2828,#2829,#3244,.T.);
#2382=EDGE_CURVE('',#2830,#2829,#413,.T.);
#2383=EDGE_CURVE('',#2831,#2830,#3245,.F.);
#2384=EDGE_CURVE('',#2831,#2832,#414,.F.);
#2385=EDGE_CURVE('',#2833,#2832,#3246,.T.);
#2386=EDGE_CURVE('',#2826,#2833,#415,.T.);
#2387=EDGE_CURVE('',#2834,#2835,#3247,.T.);
#2388=EDGE_CURVE('',#2831,#2834,#3248,.T.);
#2389=EDGE_CURVE('',#2830,#2835,#3249,.T.);
#2390=EDGE_CURVE('',#2829,#2836,#3250,.T.);
#2391=EDGE_CURVE('',#2835,#2836,#416,.T.);
#2392=EDGE_CURVE('',#2834,#2837,#417,.F.);
#2393=EDGE_CURVE('',#2832,#2837,#3251,.T.);
#2394=EDGE_CURVE('',#2828,#2838,#3252,.T.);
#2395=EDGE_CURVE('',#2838,#2836,#3253,.T.);
#2396=EDGE_CURVE('',#2839,#2837,#3254,.T.);
#2397=EDGE_CURVE('',#2833,#2839,#3255,.T.);
#2398=EDGE_CURVE('',#2825,#2838,#418,.F.);
#2399=EDGE_CURVE('',#2827,#2839,#419,.T.);
#2400=VERTEX_POINT('',#6650);
#2401=VERTEX_POINT('',#6651);
#2402=VERTEX_POINT('',#6653);
#2403=VERTEX_POINT('',#6655);
#2404=VERTEX_POINT('',#6659);
#2405=VERTEX_POINT('',#6661);
#2406=VERTEX_POINT('',#6663);
#2407=VERTEX_POINT('',#6665);
#2408=VERTEX_POINT('',#6667);
#2409=VERTEX_POINT('',#6669);
#2410=VERTEX_POINT('',#6672);
#2411=VERTEX_POINT('',#6674);
#2412=VERTEX_POINT('',#6675);
#2413=VERTEX_POINT('',#6677);
#2414=VERTEX_POINT('',#6679);
#2415=VERTEX_POINT('',#6681);
#2416=VERTEX_POINT('',#6683);
#2417=VERTEX_POINT('',#6685);
#2418=VERTEX_POINT('',#6687);
#2419=VERTEX_POINT('',#6690);
#2420=VERTEX_POINT('',#6691);
#2421=VERTEX_POINT('',#6693);
#2422=VERTEX_POINT('',#6695);
#2423=VERTEX_POINT('',#6697);
#2424=VERTEX_POINT('',#6699);
#2425=VERTEX_POINT('',#6701);
#2426=VERTEX_POINT('',#6703);
#2427=VERTEX_POINT('',#6706);
#2428=VERTEX_POINT('',#6708);
#2429=VERTEX_POINT('',#6709);
#2430=VERTEX_POINT('',#6711);
#2431=VERTEX_POINT('',#6713);
#2432=VERTEX_POINT('',#6715);
#2433=VERTEX_POINT('',#6717);
#2434=VERTEX_POINT('',#6719);
#2435=VERTEX_POINT('',#6721);
#2436=VERTEX_POINT('',#6724);
#2437=VERTEX_POINT('',#6725);
#2438=VERTEX_POINT('',#6727);
#2439=VERTEX_POINT('',#6729);
#2440=VERTEX_POINT('',#6731);
#2441=VERTEX_POINT('',#6733);
#2442=VERTEX_POINT('',#6735);
#2443=VERTEX_POINT('',#6737);
#2444=VERTEX_POINT('',#6740);
#2445=VERTEX_POINT('',#6742);
#2446=VERTEX_POINT('',#6744);
#2447=VERTEX_POINT('',#6745);
#2448=VERTEX_POINT('',#6747);
#2449=VERTEX_POINT('',#6749);
#2450=VERTEX_POINT('',#6751);
#2451=VERTEX_POINT('',#6753);
#2452=VERTEX_POINT('',#6755);
#2453=VERTEX_POINT('',#6757);
#2454=VERTEX_POINT('',#6760);
#2455=VERTEX_POINT('',#6762);
#2456=VERTEX_POINT('',#6765);
#2457=VERTEX_POINT('',#6769);
#2458=VERTEX_POINT('',#6773);
#2459=VERTEX_POINT('',#6775);
#2460=VERTEX_POINT('',#6777);
#2461=VERTEX_POINT('',#6779);
#2462=VERTEX_POINT('',#6782);
#2463=VERTEX_POINT('',#6783);
#2464=VERTEX_POINT('',#6785);
#2465=VERTEX_POINT('',#6787);
#2466=VERTEX_POINT('',#6789);
#2467=VERTEX_POINT('',#6791);
#2468=VERTEX_POINT('',#6793);
#2469=VERTEX_POINT('',#6795);
#2470=VERTEX_POINT('',#6808);
#2471=VERTEX_POINT('',#6809);
#2472=VERTEX_POINT('',#6812);
#2473=VERTEX_POINT('',#6814);
#2474=VERTEX_POINT('',#6816);
#2475=VERTEX_POINT('',#6820);
#2476=VERTEX_POINT('',#6822);
#2477=VERTEX_POINT('',#6826);
#2478=VERTEX_POINT('',#6830);
#2479=VERTEX_POINT('',#6834);
#2480=VERTEX_POINT('',#6838);
#2481=VERTEX_POINT('',#6842);
#2482=VERTEX_POINT('',#6846);
#2483=VERTEX_POINT('',#6852);
#2484=VERTEX_POINT('',#6854);
#2485=VERTEX_POINT('',#6858);
#2486=VERTEX_POINT('',#6862);
#2487=VERTEX_POINT('',#6866);
#2488=VERTEX_POINT('',#6870);
#2489=VERTEX_POINT('',#6874);
#2490=VERTEX_POINT('',#6878);
#2491=VERTEX_POINT('',#6884);
#2492=VERTEX_POINT('',#6885);
#2493=VERTEX_POINT('',#6888);
#2494=VERTEX_POINT('',#6890);
#2495=VERTEX_POINT('',#6892);
#2496=VERTEX_POINT('',#6896);
#2497=VERTEX_POINT('',#6898);
#2498=VERTEX_POINT('',#6902);
#2499=VERTEX_POINT('',#6906);
#2500=VERTEX_POINT('',#6910);
#2501=VERTEX_POINT('',#6914);
#2502=VERTEX_POINT('',#6918);
#2503=VERTEX_POINT('',#6922);
#2504=VERTEX_POINT('',#6928);
#2505=VERTEX_POINT('',#6930);
#2506=VERTEX_POINT('',#6934);
#2507=VERTEX_POINT('',#6938);
#2508=VERTEX_POINT('',#6942);
#2509=VERTEX_POINT('',#6946);
#2510=VERTEX_POINT('',#6950);
#2511=VERTEX_POINT('',#6954);
#2512=VERTEX_POINT('',#6960);
#2513=VERTEX_POINT('',#6964);
#2514=VERTEX_POINT('',#6965);
#2515=VERTEX_POINT('',#6968);
#2516=VERTEX_POINT('',#6970);
#2517=VERTEX_POINT('',#6972);
#2518=VERTEX_POINT('',#6976);
#2519=VERTEX_POINT('',#6978);
#2520=VERTEX_POINT('',#6982);
#2521=VERTEX_POINT('',#6986);
#2522=VERTEX_POINT('',#6990);
#2523=VERTEX_POINT('',#6994);
#2524=VERTEX_POINT('',#6998);
#2525=VERTEX_POINT('',#7002);
#2526=VERTEX_POINT('',#7008);
#2527=VERTEX_POINT('',#7012);
#2528=VERTEX_POINT('',#7013);
#2529=VERTEX_POINT('',#7016);
#2530=VERTEX_POINT('',#7018);
#2531=VERTEX_POINT('',#7020);
#2532=VERTEX_POINT('',#7024);
#2533=VERTEX_POINT('',#7025);
#2534=VERTEX_POINT('',#7032);
#2535=VERTEX_POINT('',#7036);
#2536=VERTEX_POINT('',#7040);
#2537=VERTEX_POINT('',#7041);
#2538=VERTEX_POINT('',#7043);
#2539=VERTEX_POINT('',#7045);
#2540=VERTEX_POINT('',#7048);
#2541=VERTEX_POINT('',#7054);
#2542=VERTEX_POINT('',#7060);
#2543=VERTEX_POINT('',#7064);
#2544=VERTEX_POINT('',#7068);
#2545=VERTEX_POINT('',#7072);
#2546=VERTEX_POINT('',#7074);
#2547=VERTEX_POINT('',#7076);
#2548=VERTEX_POINT('',#7082);
#2549=VERTEX_POINT('',#7083);
#2550=VERTEX_POINT('',#7085);
#2551=VERTEX_POINT('',#7087);
#2552=VERTEX_POINT('',#7089);
#2553=VERTEX_POINT('',#7091);
#2554=VERTEX_POINT('',#7093);
#2555=VERTEX_POINT('',#7095);
#2556=VERTEX_POINT('',#7098);
#2557=VERTEX_POINT('',#7099);
#2558=VERTEX_POINT('',#7101);
#2559=VERTEX_POINT('',#7103);
#2560=VERTEX_POINT('',#7105);
#2561=VERTEX_POINT('',#7107);
#2562=VERTEX_POINT('',#7109);
#2563=VERTEX_POINT('',#7111);
#2564=VERTEX_POINT('',#7114);
#2565=VERTEX_POINT('',#7115);
#2566=VERTEX_POINT('',#7117);
#2567=VERTEX_POINT('',#7119);
#2568=VERTEX_POINT('',#7121);
#2569=VERTEX_POINT('',#7123);
#2570=VERTEX_POINT('',#7125);
#2571=VERTEX_POINT('',#7127);
#2572=VERTEX_POINT('',#7130);
#2573=VERTEX_POINT('',#7131);
#2574=VERTEX_POINT('',#7133);
#2575=VERTEX_POINT('',#7135);
#2576=VERTEX_POINT('',#7137);
#2577=VERTEX_POINT('',#7139);
#2578=VERTEX_POINT('',#7141);
#2579=VERTEX_POINT('',#7143);
#2580=VERTEX_POINT('',#7146);
#2581=VERTEX_POINT('',#7147);
#2582=VERTEX_POINT('',#7149);
#2583=VERTEX_POINT('',#7151);
#2584=VERTEX_POINT('',#7153);
#2585=VERTEX_POINT('',#7155);
#2586=VERTEX_POINT('',#7157);
#2587=VERTEX_POINT('',#7159);
#2588=VERTEX_POINT('',#7164);
#2589=VERTEX_POINT('',#7165);
#2590=VERTEX_POINT('',#7167);
#2591=VERTEX_POINT('',#7169);
#2592=VERTEX_POINT('',#7171);
#2593=VERTEX_POINT('',#7173);
#2594=VERTEX_POINT('',#7175);
#2595=VERTEX_POINT('',#7177);
#2596=VERTEX_POINT('',#7181);
#2597=VERTEX_POINT('',#7182);
#2598=VERTEX_POINT('',#7184);
#2599=VERTEX_POINT('',#7186);
#2600=VERTEX_POINT('',#7188);
#2601=VERTEX_POINT('',#7190);
#2602=VERTEX_POINT('',#7192);
#2603=VERTEX_POINT('',#7194);
#2604=VERTEX_POINT('',#7199);
#2605=VERTEX_POINT('',#7200);
#2606=VERTEX_POINT('',#7202);
#2607=VERTEX_POINT('',#7204);
#2608=VERTEX_POINT('',#7206);
#2609=VERTEX_POINT('',#7208);
#2610=VERTEX_POINT('',#7210);
#2611=VERTEX_POINT('',#7212);
#2612=VERTEX_POINT('',#7216);
#2613=VERTEX_POINT('',#7217);
#2614=VERTEX_POINT('',#7219);
#2615=VERTEX_POINT('',#7221);
#2616=VERTEX_POINT('',#7223);
#2617=VERTEX_POINT('',#7225);
#2618=VERTEX_POINT('',#7227);
#2619=VERTEX_POINT('',#7229);
#2620=VERTEX_POINT('',#7235);
#2621=VERTEX_POINT('',#7236);
#2622=VERTEX_POINT('',#7238);
#2623=VERTEX_POINT('',#7240);
#2624=VERTEX_POINT('',#7242);
#2625=VERTEX_POINT('',#7244);
#2626=VERTEX_POINT('',#7246);
#2627=VERTEX_POINT('',#7248);
#2628=VERTEX_POINT('',#7341);
#2629=VERTEX_POINT('',#7342);
#2630=VERTEX_POINT('',#7344);
#2631=VERTEX_POINT('',#7346);
#2632=VERTEX_POINT('',#7348);
#2633=VERTEX_POINT('',#7350);
#2634=VERTEX_POINT('',#7352);
#2635=VERTEX_POINT('',#7354);
#2636=VERTEX_POINT('',#7356);
#2637=VERTEX_POINT('',#7358);
#2638=VERTEX_POINT('',#7360);
#2639=VERTEX_POINT('',#7362);
#2640=VERTEX_POINT('',#7366);
#2641=VERTEX_POINT('',#7368);
#2642=VERTEX_POINT('',#7370);
#2643=VERTEX_POINT('',#7372);
#2644=VERTEX_POINT('',#7374);
#2645=VERTEX_POINT('',#7376);
#2646=VERTEX_POINT('',#7379);
#2647=VERTEX_POINT('',#7381);
#2648=VERTEX_POINT('',#7383);
#2649=VERTEX_POINT('',#7385);
#2650=VERTEX_POINT('',#7387);
#2651=VERTEX_POINT('',#7389);
#2652=VERTEX_POINT('',#7391);
#2653=VERTEX_POINT('',#7393);
#2654=VERTEX_POINT('',#7395);
#2655=VERTEX_POINT('',#7397);
#2656=VERTEX_POINT('',#7400);
#2657=VERTEX_POINT('',#7402);
#2658=VERTEX_POINT('',#7404);
#2659=VERTEX_POINT('',#7406);
#2660=VERTEX_POINT('',#7409);
#2661=VERTEX_POINT('',#7413);
#2662=VERTEX_POINT('',#7415);
#2663=VERTEX_POINT('',#7417);
#2664=VERTEX_POINT('',#7419);
#2665=VERTEX_POINT('',#7421);
#2666=VERTEX_POINT('',#7427);
#2667=VERTEX_POINT('',#7431);
#2668=VERTEX_POINT('',#7435);
#2669=VERTEX_POINT('',#7439);
#2670=VERTEX_POINT('',#7443);
#2671=VERTEX_POINT('',#7447);
#2672=VERTEX_POINT('',#7455);
#2673=VERTEX_POINT('',#7457);
#2674=VERTEX_POINT('',#7463);
#2675=VERTEX_POINT('',#7469);
#2676=VERTEX_POINT('',#7475);
#2677=VERTEX_POINT('',#7479);
#2678=VERTEX_POINT('',#7480);
#2679=VERTEX_POINT('',#7482);
#2680=VERTEX_POINT('',#7484);
#2681=VERTEX_POINT('',#7488);
#2682=VERTEX_POINT('',#7492);
#2683=VERTEX_POINT('',#7496);
#2684=VERTEX_POINT('',#7502);
#2685=VERTEX_POINT('',#7506);
#2686=VERTEX_POINT('',#7510);
#2687=VERTEX_POINT('',#7514);
#2688=VERTEX_POINT('',#7518);
#2689=VERTEX_POINT('',#7520);
#2690=VERTEX_POINT('',#7523);
#2691=VERTEX_POINT('',#7525);
#2692=VERTEX_POINT('',#7529);
#2693=VERTEX_POINT('',#7533);
#2694=VERTEX_POINT('',#7543);
#2695=VERTEX_POINT('',#7547);
#2696=VERTEX_POINT('',#7552);
#2697=VERTEX_POINT('',#7555);
#2698=VERTEX_POINT('',#7558);
#2699=VERTEX_POINT('',#7562);
#2700=VERTEX_POINT('',#7569);
#2701=VERTEX_POINT('',#7570);
#2702=VERTEX_POINT('',#7572);
#2703=VERTEX_POINT('',#7574);
#2704=VERTEX_POINT('',#7578);
#2705=VERTEX_POINT('',#7580);
#2706=VERTEX_POINT('',#7582);
#2707=VERTEX_POINT('',#7584);
#2708=VERTEX_POINT('',#7586);
#2709=VERTEX_POINT('',#7588);
#2710=VERTEX_POINT('',#7592);
#2711=VERTEX_POINT('',#7593);
#2712=VERTEX_POINT('',#7598);
#2713=VERTEX_POINT('',#7602);
#2714=VERTEX_POINT('',#7606);
#2715=VERTEX_POINT('',#7610);
#2716=VERTEX_POINT('',#7620);
#2717=VERTEX_POINT('',#7621);
#2718=VERTEX_POINT('',#7623);
#2719=VERTEX_POINT('',#7625);
#2720=VERTEX_POINT('',#7629);
#2721=VERTEX_POINT('',#7631);
#2722=VERTEX_POINT('',#7633);
#2723=VERTEX_POINT('',#7635);
#2724=VERTEX_POINT('',#7637);
#2725=VERTEX_POINT('',#7639);
#2726=VERTEX_POINT('',#7643);
#2727=VERTEX_POINT('',#7644);
#2728=VERTEX_POINT('',#7649);
#2729=VERTEX_POINT('',#7653);
#2730=VERTEX_POINT('',#7657);
#2731=VERTEX_POINT('',#7661);
#2732=VERTEX_POINT('',#7671);
#2733=VERTEX_POINT('',#7672);
#2734=VERTEX_POINT('',#7674);
#2735=VERTEX_POINT('',#7676);
#2736=VERTEX_POINT('',#7678);
#2737=VERTEX_POINT('',#7680);
#2738=VERTEX_POINT('',#7682);
#2739=VERTEX_POINT('',#7684);
#2740=VERTEX_POINT('',#7687);
#2741=VERTEX_POINT('',#7689);
#2742=VERTEX_POINT('',#7692);
#2743=VERTEX_POINT('',#7694);
#2744=VERTEX_POINT('',#7698);
#2745=VERTEX_POINT('',#7702);
#2746=VERTEX_POINT('',#7706);
#2747=VERTEX_POINT('',#7710);
#2748=VERTEX_POINT('',#7714);
#2749=VERTEX_POINT('',#7718);
#2750=VERTEX_POINT('',#7724);
#2751=VERTEX_POINT('',#7728);
#2752=VERTEX_POINT('',#7736);
#2753=VERTEX_POINT('',#7737);
#2754=VERTEX_POINT('',#7739);
#2755=VERTEX_POINT('',#7741);
#2756=VERTEX_POINT('',#7745);
#2757=VERTEX_POINT('',#7747);
#2758=VERTEX_POINT('',#7749);
#2759=VERTEX_POINT('',#7751);
#2760=VERTEX_POINT('',#7753);
#2761=VERTEX_POINT('',#7755);
#2762=VERTEX_POINT('',#7757);
#2763=VERTEX_POINT('',#7759);
#2764=VERTEX_POINT('',#7761);
#2765=VERTEX_POINT('',#7763);
#2766=VERTEX_POINT('',#7765);
#2767=VERTEX_POINT('',#7767);
#2768=VERTEX_POINT('',#7769);
#2769=VERTEX_POINT('',#7771);
#2770=VERTEX_POINT('',#7773);
#2771=VERTEX_POINT('',#7775);
#2772=VERTEX_POINT('',#7777);
#2773=VERTEX_POINT('',#7779);
#2774=VERTEX_POINT('',#7782);
#2775=VERTEX_POINT('',#7783);
#2776=VERTEX_POINT('',#7785);
#2777=VERTEX_POINT('',#7787);
#2778=VERTEX_POINT('',#7789);
#2779=VERTEX_POINT('',#7791);
#2780=VERTEX_POINT('',#7793);
#2781=VERTEX_POINT('',#7795);
#2782=VERTEX_POINT('',#7799);
#2783=VERTEX_POINT('',#7801);
#2784=VERTEX_POINT('',#7805);
#2785=VERTEX_POINT('',#7809);
#2786=VERTEX_POINT('',#7813);
#2787=VERTEX_POINT('',#7817);
#2788=VERTEX_POINT('',#7821);
#2789=VERTEX_POINT('',#7825);
#2790=VERTEX_POINT('',#7831);
#2791=VERTEX_POINT('',#7833);
#2792=VERTEX_POINT('',#7837);
#2793=VERTEX_POINT('',#7841);
#2794=VERTEX_POINT('',#7845);
#2795=VERTEX_POINT('',#7849);
#2796=VERTEX_POINT('',#7853);
#2797=VERTEX_POINT('',#7857);
#2798=VERTEX_POINT('',#7861);
#2799=VERTEX_POINT('',#7865);
#2800=VERTEX_POINT('',#7869);
#2801=VERTEX_POINT('',#7873);
#2802=VERTEX_POINT('',#7877);
#2803=VERTEX_POINT('',#7881);
#2804=VERTEX_POINT('',#7885);
#2805=VERTEX_POINT('',#7889);
#2806=VERTEX_POINT('',#7893);
#2807=VERTEX_POINT('',#7897);
#2808=VERTEX_POINT('',#7907);
#2809=VERTEX_POINT('',#7908);
#2810=VERTEX_POINT('',#7910);
#2811=VERTEX_POINT('',#7912);
#2812=VERTEX_POINT('',#7916);
#2813=VERTEX_POINT('',#7918);
#2814=VERTEX_POINT('',#7920);
#2815=VERTEX_POINT('',#7922);
#2816=VERTEX_POINT('',#7924);
#2817=VERTEX_POINT('',#7926);
#2818=VERTEX_POINT('',#7930);
#2819=VERTEX_POINT('',#7931);
#2820=VERTEX_POINT('',#7936);
#2821=VERTEX_POINT('',#7940);
#2822=VERTEX_POINT('',#7944);
#2823=VERTEX_POINT('',#7948);
#2824=VERTEX_POINT('',#7958);
#2825=VERTEX_POINT('',#7959);
#2826=VERTEX_POINT('',#7961);
#2827=VERTEX_POINT('',#7963);
#2828=VERTEX_POINT('',#7967);
#2829=VERTEX_POINT('',#7969);
#2830=VERTEX_POINT('',#7971);
#2831=VERTEX_POINT('',#7973);
#2832=VERTEX_POINT('',#7975);
#2833=VERTEX_POINT('',#7977);
#2834=VERTEX_POINT('',#7981);
#2835=VERTEX_POINT('',#7982);
#2836=VERTEX_POINT('',#7987);
#2837=VERTEX_POINT('',#7991);
#2838=VERTEX_POINT('',#7995);
#2839=VERTEX_POINT('',#7999);
#2840=LINE('',#6649,#3256);
#2841=LINE('',#6652,#3257);
#2842=LINE('',#6654,#3258);
#2843=LINE('',#6656,#3259);
#2844=LINE('',#6660,#3260);
#2845=LINE('',#6664,#3261);
#2846=LINE('',#6668,#3262);
#2847=LINE('',#6676,#3263);
#2848=LINE('',#6680,#3264);
#2849=LINE('',#6684,#3265);
#2850=LINE('',#6688,#3266);
#2851=LINE('',#6692,#3267);
#2852=LINE('',#6696,#3268);
#2853=LINE('',#6700,#3269);
#2854=LINE('',#6704,#3270);
#2855=LINE('',#6710,#3271);
#2856=LINE('',#6714,#3272);
#2857=LINE('',#6718,#3273);
#2858=LINE('',#6722,#3274);
#2859=LINE('',#6726,#3275);
#2860=LINE('',#6730,#3276);
#2861=LINE('',#6734,#3277);
#2862=LINE('',#6738,#3278);
#2863=LINE('',#6746,#3279);
#2864=LINE('',#6750,#3280);
#2865=LINE('',#6754,#3281);
#2866=LINE('',#6758,#3282);
#2867=LINE('',#6766,#3283);
#2868=LINE('',#6768,#3284);
#2869=LINE('',#6772,#3285);
#2870=LINE('',#6776,#3286);
#2871=LINE('',#6780,#3287);
#2872=LINE('',#6781,#3288);
#2873=LINE('',#6786,#3289);
#2874=LINE('',#6790,#3290);
#2875=LINE('',#6794,#3291);
#2876=LINE('',#6798,#3292);
#2877=LINE('',#6800,#3293);
#2878=LINE('',#6802,#3294);
#2879=LINE('',#6804,#3295);
#2880=LINE('',#6810,#3296);
#2881=LINE('',#6813,#3297);
#2882=LINE('',#6817,#3298);
#2883=LINE('',#6819,#3299);
#2884=LINE('',#6823,#3300);
#2885=LINE('',#6825,#3301);
#2886=LINE('',#6827,#3302);
#2887=LINE('',#6829,#3303);
#2888=LINE('',#6831,#3304);
#2889=LINE('',#6835,#3305);
#2890=LINE('',#6837,#3306);
#2891=LINE('',#6841,#3307);
#2892=LINE('',#6843,#3308);
#2893=LINE('',#6845,#3309);
#2894=LINE('',#6847,#3310);
#2895=LINE('',#6851,#3311);
#2896=LINE('',#6855,#3312);
#2897=LINE('',#6857,#3313);
#2898=LINE('',#6859,#3314);
#2899=LINE('',#6861,#3315);
#2900=LINE('',#6863,#3316);
#2901=LINE('',#6867,#3317);
#2902=LINE('',#6869,#3318);
#2903=LINE('',#6873,#3319);
#2904=LINE('',#6875,#3320);
#2905=LINE('',#6877,#3321);
#2906=LINE('',#6879,#3322);
#2907=LINE('',#6886,#3323);
#2908=LINE('',#6889,#3324);
#2909=LINE('',#6893,#3325);
#2910=LINE('',#6895,#3326);
#2911=LINE('',#6899,#3327);
#2912=LINE('',#6901,#3328);
#2913=LINE('',#6903,#3329);
#2914=LINE('',#6905,#3330);
#2915=LINE('',#6907,#3331);
#2916=LINE('',#6911,#3332);
#2917=LINE('',#6913,#3333);
#2918=LINE('',#6917,#3334);
#2919=LINE('',#6919,#3335);
#2920=LINE('',#6921,#3336);
#2921=LINE('',#6923,#3337);
#2922=LINE('',#6927,#3338);
#2923=LINE('',#6931,#3339);
#2924=LINE('',#6933,#3340);
#2925=LINE('',#6935,#3341);
#2926=LINE('',#6937,#3342);
#2927=LINE('',#6939,#3343);
#2928=LINE('',#6943,#3344);
#2929=LINE('',#6945,#3345);
#2930=LINE('',#6949,#3346);
#2931=LINE('',#6951,#3347);
#2932=LINE('',#6953,#3348);
#2933=LINE('',#6955,#3349);
#2934=LINE('',#6961,#3350);
#2935=LINE('',#6966,#3351);
#2936=LINE('',#6969,#3352);
#2937=LINE('',#6973,#3353);
#2938=LINE('',#6975,#3354);
#2939=LINE('',#6979,#3355);
#2940=LINE('',#6981,#3356);
#2941=LINE('',#6983,#3357);
#2942=LINE('',#6985,#3358);
#2943=LINE('',#6987,#3359);
#2944=LINE('',#6991,#3360);
#2945=LINE('',#6993,#3361);
#2946=LINE('',#6997,#3362);
#2947=LINE('',#6999,#3363);
#2948=LINE('',#7001,#3364);
#2949=LINE('',#7003,#3365);
#2950=LINE('',#7009,#3366);
#2951=LINE('',#7014,#3367);
#2952=LINE('',#7017,#3368);
#2953=LINE('',#7021,#3369);
#2954=LINE('',#7026,#3370);
#2955=LINE('',#7027,#3371);
#2956=LINE('',#7029,#3372);
#2957=LINE('',#7030,#3373);
#2958=LINE('',#7031,#3374);
#2959=LINE('',#7033,#3375);
#2960=LINE('',#7035,#3376);
#2961=LINE('',#7039,#3377);
#2962=LINE('',#7042,#3378);
#2963=LINE('',#7044,#3379);
#2964=LINE('',#7046,#3380);
#2965=LINE('',#7047,#3381);
#2966=LINE('',#7049,#3382);
#2967=LINE('',#7050,#3383);
#2968=LINE('',#7051,#3384);
#2969=LINE('',#7055,#3385);
#2970=LINE('',#7057,#3386);
#2971=LINE('',#7058,#3387);
#2972=LINE('',#7059,#3388);
#2973=LINE('',#7061,#3389);
#2974=LINE('',#7063,#3390);
#2975=LINE('',#7067,#3391);
#2976=LINE('',#7069,#3392);
#2977=LINE('',#7070,#3393);
#2978=LINE('',#7071,#3394);
#2979=LINE('',#7073,#3395);
#2980=LINE('',#7075,#3396);
#2981=LINE('',#7077,#3397);
#2982=LINE('',#7081,#3398);
#2983=LINE('',#7086,#3399);
#2984=LINE('',#7090,#3400);
#2985=LINE('',#7094,#3401);
#2986=LINE('',#7097,#3402);
#2987=LINE('',#7102,#3403);
#2988=LINE('',#7106,#3404);
#2989=LINE('',#7110,#3405);
#2990=LINE('',#7113,#3406);
#2991=LINE('',#7118,#3407);
#2992=LINE('',#7122,#3408);
#2993=LINE('',#7126,#3409);
#2994=LINE('',#7129,#3410);
#2995=LINE('',#7134,#3411);
#2996=LINE('',#7138,#3412);
#2997=LINE('',#7142,#3413);
#2998=LINE('',#7145,#3414);
#2999=LINE('',#7150,#3415);
#3000=LINE('',#7154,#3416);
#3001=LINE('',#7158,#3417);
#3002=LINE('',#7166,#3418);
#3003=LINE('',#7170,#3419);
#3004=LINE('',#7174,#3420);
#3005=LINE('',#7178,#3421);
#3006=LINE('',#7183,#3422);
#3007=LINE('',#7187,#3423);
#3008=LINE('',#7191,#3424);
#3009=LINE('',#7195,#3425);
#3010=LINE('',#7201,#3426);
#3011=LINE('',#7205,#3427);
#3012=LINE('',#7209,#3428);
#3013=LINE('',#7213,#3429);
#3014=LINE('',#7218,#3430);
#3015=LINE('',#7222,#3431);
#3016=LINE('',#7226,#3432);
#3017=LINE('',#7230,#3433);
#3018=LINE('',#7237,#3434);
#3019=LINE('',#7241,#3435);
#3020=LINE('',#7245,#3436);
#3021=LINE('',#7249,#3437);
#3022=LINE('',#7259,#3438);
#3023=LINE('',#7260,#3439);
#3024=LINE('',#7262,#3440);
#3025=LINE('',#7264,#3441);
#3026=LINE('',#7266,#3442);
#3027=LINE('',#7268,#3443);
#3028=LINE('',#7270,#3444);
#3029=LINE('',#7272,#3445);
#3030=LINE('',#7275,#3446);
#3031=LINE('',#7276,#3447);
#3032=LINE('',#7278,#3448);
#3033=LINE('',#7280,#3449);
#3034=LINE('',#7282,#3450);
#3035=LINE('',#7284,#3451);
#3036=LINE('',#7286,#3452);
#3037=LINE('',#7288,#3453);
#3038=LINE('',#7291,#3454);
#3039=LINE('',#7292,#3455);
#3040=LINE('',#7294,#3456);
#3041=LINE('',#7296,#3457);
#3042=LINE('',#7298,#3458);
#3043=LINE('',#7300,#3459);
#3044=LINE('',#7302,#3460);
#3045=LINE('',#7304,#3461);
#3046=LINE('',#7307,#3462);
#3047=LINE('',#7308,#3463);
#3048=LINE('',#7310,#3464);
#3049=LINE('',#7312,#3465);
#3050=LINE('',#7314,#3466);
#3051=LINE('',#7316,#3467);
#3052=LINE('',#7318,#3468);
#3053=LINE('',#7320,#3469);
#3054=LINE('',#7323,#3470);
#3055=LINE('',#7324,#3471);
#3056=LINE('',#7326,#3472);
#3057=LINE('',#7328,#3473);
#3058=LINE('',#7330,#3474);
#3059=LINE('',#7332,#3475);
#3060=LINE('',#7334,#3476);
#3061=LINE('',#7336,#3477);
#3062=LINE('',#7343,#3478);
#3063=LINE('',#7347,#3479);
#3064=LINE('',#7351,#3480);
#3065=LINE('',#7355,#3481);
#3066=LINE('',#7357,#3482);
#3067=LINE('',#7359,#3483);
#3068=LINE('',#7361,#3484);
#3069=LINE('',#7363,#3485);
#3070=LINE('',#7367,#3486);
#3071=LINE('',#7371,#3487);
#3072=LINE('',#7375,#3488);
#3073=LINE('',#7378,#3489);
#3074=LINE('',#7380,#3490);
#3075=LINE('',#7384,#3491);
#3076=LINE('',#7388,#3492);
#3077=LINE('',#7392,#3493);
#3078=LINE('',#7396,#3494);
#3079=LINE('',#7398,#3495);
#3080=LINE('',#7410,#3496);
#3081=LINE('',#7414,#3497);
#3082=LINE('',#7418,#3498);
#3083=LINE('',#7422,#3499);
#3084=LINE('',#7424,#3500);
#3085=LINE('',#7428,#3501);
#3086=LINE('',#7430,#3502);
#3087=LINE('',#7432,#3503);
#3088=LINE('',#7434,#3504);
#3089=LINE('',#7438,#3505);
#3090=LINE('',#7440,#3506);
#3091=LINE('',#7442,#3507);
#3092=LINE('',#7446,#3508);
#3093=LINE('',#7448,#3509);
#3094=LINE('',#7452,#3510);
#3095=LINE('',#7454,#3511);
#3096=LINE('',#7456,#3512);
#3097=LINE('',#7458,#3513);
#3098=LINE('',#7460,#3514);
#3099=LINE('',#7462,#3515);
#3100=LINE('',#7466,#3516);
#3101=LINE('',#7468,#3517);
#3102=LINE('',#7470,#3518);
#3103=LINE('',#7472,#3519);
#3104=LINE('',#7476,#3520);
#3105=LINE('',#7478,#3521);
#3106=LINE('',#7481,#3522);
#3107=LINE('',#7483,#3523);
#3108=LINE('',#7485,#3524);
#3109=LINE('',#7487,#3525);
#3110=LINE('',#7489,#3526);
#3111=LINE('',#7493,#3527);
#3112=LINE('',#7495,#3528);
#3113=LINE('',#7497,#3529);
#3114=LINE('',#7503,#3530);
#3115=LINE('',#7507,#3531);
#3116=LINE('',#7511,#3532);
#3117=LINE('',#7515,#3533);
#3118=LINE('',#7524,#3534);
#3119=LINE('',#7530,#3535);
#3120=LINE('',#7534,#3536);
#3121=LINE('',#7536,#3537);
#3122=LINE('',#7542,#3538);
#3123=LINE('',#7546,#3539);
#3124=LINE('',#7559,#3540);
#3125=LINE('',#7563,#3541);
#3126=LINE('',#7568,#3542);
#3127=LINE('',#7571,#3543);
#3128=LINE('',#7573,#3544);
#3129=LINE('',#7575,#3545);
#3130=LINE('',#7579,#3546);
#3131=LINE('',#7583,#3547);
#3132=LINE('',#7587,#3548);
#3133=LINE('',#7591,#3549);
#3134=LINE('',#7594,#3550);
#3135=LINE('',#7595,#3551);
#3136=LINE('',#7597,#3552);
#3137=LINE('',#7603,#3553);
#3138=LINE('',#7605,#3554);
#3139=LINE('',#7607,#3555);
#3140=LINE('',#7609,#3556);
#3141=LINE('',#7611,#3557);
#3142=LINE('',#7619,#3558);
#3143=LINE('',#7622,#3559);
#3144=LINE('',#7624,#3560);
#3145=LINE('',#7626,#3561);
#3146=LINE('',#7630,#3562);
#3147=LINE('',#7634,#3563);
#3148=LINE('',#7638,#3564);
#3149=LINE('',#7642,#3565);
#3150=LINE('',#7645,#3566);
#3151=LINE('',#7646,#3567);
#3152=LINE('',#7648,#3568);
#3153=LINE('',#7654,#3569);
#3154=LINE('',#7656,#3570);
#3155=LINE('',#7658,#3571);
#3156=LINE('',#7660,#3572);
#3157=LINE('',#7662,#3573);
#3158=LINE('',#7677,#3574);
#3159=LINE('',#7685,#3575);
#3160=LINE('',#7691,#3576);
#3161=LINE('',#7695,#3577);
#3162=LINE('',#7697,#3578);
#3163=LINE('',#7699,#3579);
#3164=LINE('',#7701,#3580);
#3165=LINE('',#7705,#3581);
#3166=LINE('',#7709,#3582);
#3167=LINE('',#7713,#3583);
#3168=LINE('',#7715,#3584);
#3169=LINE('',#7717,#3585);
#3170=LINE('',#7723,#3586);
#3171=LINE('',#7727,#3587);
#3172=LINE('',#7735,#3588);
#3173=LINE('',#7738,#3589);
#3174=LINE('',#7740,#3590);
#3175=LINE('',#7742,#3591);
#3176=LINE('',#7748,#3592);
#3177=LINE('',#7754,#3593);
#3178=LINE('',#7758,#3594);
#3179=LINE('',#7762,#3595);
#3180=LINE('',#7768,#3596);
#3181=LINE('',#7774,#3597);
#3182=LINE('',#7778,#3598);
#3183=LINE('',#7784,#3599);
#3184=LINE('',#7788,#3600);
#3185=LINE('',#7792,#3601);
#3186=LINE('',#7796,#3602);
#3187=LINE('',#7798,#3603);
#3188=LINE('',#7802,#3604);
#3189=LINE('',#7804,#3605);
#3190=LINE('',#7806,#3606);
#3191=LINE('',#7810,#3607);
#3192=LINE('',#7812,#3608);
#3193=LINE('',#7814,#3609);
#3194=LINE('',#7818,#3610);
#3195=LINE('',#7820,#3611);
#3196=LINE('',#7822,#3612);
#3197=LINE('',#7826,#3613);
#3198=LINE('',#7828,#3614);
#3199=LINE('',#7830,#3615);
#3200=LINE('',#7834,#3616);
#3201=LINE('',#7836,#3617);
#3202=LINE('',#7838,#3618);
#3203=LINE('',#7842,#3619);
#3204=LINE('',#7846,#3620);
#3205=LINE('',#7848,#3621);
#3206=LINE('',#7850,#3622);
#3207=LINE('',#7854,#3623);
#3208=LINE('',#7856,#3624);
#3209=LINE('',#7858,#3625);
#3210=LINE('',#7862,#3626);
#3211=LINE('',#7864,#3627);
#3212=LINE('',#7866,#3628);
#3213=LINE('',#7870,#3629);
#3214=LINE('',#7874,#3630);
#3215=LINE('',#7876,#3631);
#3216=LINE('',#7878,#3632);
#3217=LINE('',#7882,#3633);
#3218=LINE('',#7886,#3634);
#3219=LINE('',#7888,#3635);
#3220=LINE('',#7890,#3636);
#3221=LINE('',#7894,#3637);
#3222=LINE('',#7896,#3638);
#3223=LINE('',#7898,#3639);
#3224=LINE('',#7906,#3640);
#3225=LINE('',#7909,#3641);
#3226=LINE('',#7911,#3642);
#3227=LINE('',#7913,#3643);
#3228=LINE('',#7917,#3644);
#3229=LINE('',#7921,#3645);
#3230=LINE('',#7925,#3646);
#3231=LINE('',#7929,#3647);
#3232=LINE('',#7932,#3648);
#3233=LINE('',#7933,#3649);
#3234=LINE('',#7935,#3650);
#3235=LINE('',#7941,#3651);
#3236=LINE('',#7943,#3652);
#3237=LINE('',#7945,#3653);
#3238=LINE('',#7947,#3654);
#3239=LINE('',#7949,#3655);
#3240=LINE('',#7957,#3656);
#3241=LINE('',#7960,#3657);
#3242=LINE('',#7962,#3658);
#3243=LINE('',#7964,#3659);
#3244=LINE('',#7968,#3660);
#3245=LINE('',#7972,#3661);
#3246=LINE('',#7976,#3662);
#3247=LINE('',#7980,#3663);
#3248=LINE('',#7983,#3664);
#3249=LINE('',#7984,#3665);
#3250=LINE('',#7986,#3666);
#3251=LINE('',#7992,#3667);
#3252=LINE('',#7994,#3668);
#3253=LINE('',#7996,#3669);
#3254=LINE('',#7998,#3670);
#3255=LINE('',#8000,#3671);
#3256=VECTOR('',#5227,1.);
#3257=VECTOR('',#5228,1.);
#3258=VECTOR('',#5229,1.);
#3259=VECTOR('',#5230,1.);
#3260=VECTOR('',#5235,1.);
#3261=VECTOR('',#5238,1.);
#3262=VECTOR('',#5241,1.);
#3263=VECTOR('',#5248,1.);
#3264=VECTOR('',#5251,1.);
#3265=VECTOR('',#5254,1.);
#3266=VECTOR('',#5257,1.);
#3267=VECTOR('',#5260,1.);
#3268=VECTOR('',#5263,1.);
#3269=VECTOR('',#5266,1.);
#3270=VECTOR('',#5269,1.);
#3271=VECTOR('',#5274,1.);
#3272=VECTOR('',#5277,1.);
#3273=VECTOR('',#5280,1.);
#3274=VECTOR('',#5283,1.);
#3275=VECTOR('',#5286,1.);
#3276=VECTOR('',#5289,1.);
#3277=VECTOR('',#5292,1.);
#3278=VECTOR('',#5295,1.);
#3279=VECTOR('',#5302,1.);
#3280=VECTOR('',#5305,1.);
#3281=VECTOR('',#5308,1.);
#3282=VECTOR('',#5311,1.);
#3283=VECTOR('',#5320,1.);
#3284=VECTOR('',#5323,1.);
#3285=VECTOR('',#5328,1.);
#3286=VECTOR('',#5331,1.);
#3287=VECTOR('',#5334,1.);
#3288=VECTOR('',#5335,1.);
#3289=VECTOR('',#5338,1.);
#3290=VECTOR('',#5341,1.);
#3291=VECTOR('',#5344,1.);
#3292=VECTOR('',#5349,1.);
#3293=VECTOR('',#5352,1.);
#3294=VECTOR('',#5355,1.);
#3295=VECTOR('',#5358,1.);
#3296=VECTOR('',#5365,1.);
#3297=VECTOR('',#5368,1.);
#3298=VECTOR('',#5371,1.);
#3299=VECTOR('',#5374,1.);
#3300=VECTOR('',#5377,1.);
#3301=VECTOR('',#5380,1.);
#3302=VECTOR('',#5381,1.);
#3303=VECTOR('',#5384,1.);
#3304=VECTOR('',#5385,1.);
#3305=VECTOR('',#5390,1.);
#3306=VECTOR('',#5393,1.);
#3307=VECTOR('',#5398,1.);
#3308=VECTOR('',#5399,1.);
#3309=VECTOR('',#5402,1.);
#3310=VECTOR('',#5403,1.);
#3311=VECTOR('',#5410,1.);
#3312=VECTOR('',#5413,1.);
#3313=VECTOR('',#5416,1.);
#3314=VECTOR('',#5417,1.);
#3315=VECTOR('',#5420,1.);
#3316=VECTOR('',#5421,1.);
#3317=VECTOR('',#5426,1.);
#3318=VECTOR('',#5429,1.);
#3319=VECTOR('',#5434,1.);
#3320=VECTOR('',#5435,1.);
#3321=VECTOR('',#5438,1.);
#3322=VECTOR('',#5439,1.);
#3323=VECTOR('',#5448,1.);
#3324=VECTOR('',#5451,1.);
#3325=VECTOR('',#5454,1.);
#3326=VECTOR('',#5457,1.);
#3327=VECTOR('',#5460,1.);
#3328=VECTOR('',#5463,1.);
#3329=VECTOR('',#5464,1.);
#3330=VECTOR('',#5467,1.);
#3331=VECTOR('',#5468,1.);
#3332=VECTOR('',#5473,1.);
#3333=VECTOR('',#5476,1.);
#3334=VECTOR('',#5481,1.);
#3335=VECTOR('',#5482,1.);
#3336=VECTOR('',#5485,1.);
#3337=VECTOR('',#5486,1.);
#3338=VECTOR('',#5493,1.);
#3339=VECTOR('',#5496,1.);
#3340=VECTOR('',#5499,1.);
#3341=VECTOR('',#5500,1.);
#3342=VECTOR('',#5503,1.);
#3343=VECTOR('',#5504,1.);
#3344=VECTOR('',#5509,1.);
#3345=VECTOR('',#5512,1.);
#3346=VECTOR('',#5517,1.);
#3347=VECTOR('',#5518,1.);
#3348=VECTOR('',#5521,1.);
#3349=VECTOR('',#5522,1.);
#3350=VECTOR('',#5531,1.);
#3351=VECTOR('',#5536,1.);
#3352=VECTOR('',#5539,1.);
#3353=VECTOR('',#5542,1.);
#3354=VECTOR('',#5545,1.);
#3355=VECTOR('',#5548,1.);
#3356=VECTOR('',#5551,1.);
#3357=VECTOR('',#5552,1.);
#3358=VECTOR('',#5555,1.);
#3359=VECTOR('',#5556,1.);
#3360=VECTOR('',#5561,1.);
#3361=VECTOR('',#5564,1.);
#3362=VECTOR('',#5569,1.);
#3363=VECTOR('',#5570,1.);
#3364=VECTOR('',#5573,1.);
#3365=VECTOR('',#5574,1.);
#3366=VECTOR('',#5583,1.);
#3367=VECTOR('',#5588,1.);
#3368=VECTOR('',#5591,1.);
#3369=VECTOR('',#5594,1.);
#3370=VECTOR('',#5599,1.);
#3371=VECTOR('',#5600,1.);
#3372=VECTOR('',#5603,1.);
#3373=VECTOR('',#5604,1.);
#3374=VECTOR('',#5605,1.);
#3375=VECTOR('',#5606,1.);
#3376=VECTOR('',#5609,1.);
#3377=VECTOR('',#5614,1.);
#3378=VECTOR('',#5615,1.);
#3379=VECTOR('',#5616,1.);
#3380=VECTOR('',#5617,1.);
#3381=VECTOR('',#5618,1.);
#3382=VECTOR('',#5619,1.);
#3383=VECTOR('',#5620,1.);
#3384=VECTOR('',#5621,1.);
#3385=VECTOR('',#5626,1.);
#3386=VECTOR('',#5629,1.);
#3387=VECTOR('',#5630,1.);
#3388=VECTOR('',#5631,1.);
#3389=VECTOR('',#5632,1.);
#3390=VECTOR('',#5635,1.);
#3391=VECTOR('',#5640,1.);
#3392=VECTOR('',#5641,1.);
#3393=VECTOR('',#5642,1.);
#3394=VECTOR('',#5643,1.);
#3395=VECTOR('',#5644,1.);
#3396=VECTOR('',#5645,1.);
#3397=VECTOR('',#5646,1.);
#3398=VECTOR('',#5653,1.);
#3399=VECTOR('',#5656,1.);
#3400=VECTOR('',#5659,1.);
#3401=VECTOR('',#5662,1.);
#3402=VECTOR('',#5665,1.);
#3403=VECTOR('',#5668,1.);
#3404=VECTOR('',#5671,1.);
#3405=VECTOR('',#5674,1.);
#3406=VECTOR('',#5677,1.);
#3407=VECTOR('',#5680,1.);
#3408=VECTOR('',#5683,1.);
#3409=VECTOR('',#5686,1.);
#3410=VECTOR('',#5689,1.);
#3411=VECTOR('',#5692,1.);
#3412=VECTOR('',#5695,1.);
#3413=VECTOR('',#5698,1.);
#3414=VECTOR('',#5701,1.);
#3415=VECTOR('',#5704,1.);
#3416=VECTOR('',#5707,1.);
#3417=VECTOR('',#5710,1.);
#3418=VECTOR('',#5719,1.);
#3419=VECTOR('',#5722,1.);
#3420=VECTOR('',#5725,1.);
#3421=VECTOR('',#5728,1.);
#3422=VECTOR('',#5733,1.);
#3423=VECTOR('',#5736,1.);
#3424=VECTOR('',#5739,1.);
#3425=VECTOR('',#5742,1.);
#3426=VECTOR('',#5749,1.);
#3427=VECTOR('',#5752,1.);
#3428=VECTOR('',#5755,1.);
#3429=VECTOR('',#5758,1.);
#3430=VECTOR('',#5763,1.);
#3431=VECTOR('',#5766,1.);
#3432=VECTOR('',#5769,1.);
#3433=VECTOR('',#5772,1.);
#3434=VECTOR('',#5781,1.);
#3435=VECTOR('',#5784,1.);
#3436=VECTOR('',#5787,1.);
#3437=VECTOR('',#5790,1.);
#3438=VECTOR('',#5809,1.);
#3439=VECTOR('',#5810,1.);
#3440=VECTOR('',#5813,1.);
#3441=VECTOR('',#5816,1.);
#3442=VECTOR('',#5819,1.);
#3443=VECTOR('',#5822,1.);
#3444=VECTOR('',#5825,1.);
#3445=VECTOR('',#5828,1.);
#3446=VECTOR('',#5833,1.);
#3447=VECTOR('',#5834,1.);
#3448=VECTOR('',#5837,1.);
#3449=VECTOR('',#5840,1.);
#3450=VECTOR('',#5843,1.);
#3451=VECTOR('',#5846,1.);
#3452=VECTOR('',#5849,1.);
#3453=VECTOR('',#5852,1.);
#3454=VECTOR('',#5857,1.);
#3455=VECTOR('',#5858,1.);
#3456=VECTOR('',#5861,1.);
#3457=VECTOR('',#5864,1.);
#3458=VECTOR('',#5867,1.);
#3459=VECTOR('',#5870,1.);
#3460=VECTOR('',#5873,1.);
#3461=VECTOR('',#5876,1.);
#3462=VECTOR('',#5881,1.);
#3463=VECTOR('',#5882,1.);
#3464=VECTOR('',#5885,1.);
#3465=VECTOR('',#5888,1.);
#3466=VECTOR('',#5891,1.);
#3467=VECTOR('',#5894,1.);
#3468=VECTOR('',#5897,1.);
#3469=VECTOR('',#5900,1.);
#3470=VECTOR('',#5905,1.);
#3471=VECTOR('',#5906,1.);
#3472=VECTOR('',#5909,1.);
#3473=VECTOR('',#5912,1.);
#3474=VECTOR('',#5915,1.);
#3475=VECTOR('',#5918,1.);
#3476=VECTOR('',#5921,1.);
#3477=VECTOR('',#5924,1.);
#3478=VECTOR('',#5933,1.);
#3479=VECTOR('',#5936,1.);
#3480=VECTOR('',#5939,1.);
#3481=VECTOR('',#5942,1.);
#3482=VECTOR('',#5943,1.);
#3483=VECTOR('',#5944,1.);
#3484=VECTOR('',#5945,1.);
#3485=VECTOR('',#5946,1.);
#3486=VECTOR('',#5951,1.);
#3487=VECTOR('',#5954,1.);
#3488=VECTOR('',#5957,1.);
#3489=VECTOR('',#5960,1.);
#3490=VECTOR('',#5961,1.);
#3491=VECTOR('',#5964,1.);
#3492=VECTOR('',#5967,1.);
#3493=VECTOR('',#5970,1.);
#3494=VECTOR('',#5973,1.);
#3495=VECTOR('',#5974,1.);
#3496=VECTOR('',#5987,1.);
#3497=VECTOR('',#5992,1.);
#3498=VECTOR('',#5995,1.);
#3499=VECTOR('',#5998,1.);
#3500=VECTOR('',#6001,1.);
#3501=VECTOR('',#6006,1.);
#3502=VECTOR('',#6009,1.);
#3503=VECTOR('',#6010,1.);
#3504=VECTOR('',#6013,1.);
#3505=VECTOR('',#6018,1.);
#3506=VECTOR('',#6019,1.);
#3507=VECTOR('',#6022,1.);
#3508=VECTOR('',#6027,1.);
#3509=VECTOR('',#6028,1.);
#3510=VECTOR('',#6035,1.);
#3511=VECTOR('',#6038,1.);
#3512=VECTOR('',#6039,1.);
#3513=VECTOR('',#6040,1.);
#3514=VECTOR('',#6043,1.);
#3515=VECTOR('',#6046,1.);
#3516=VECTOR('',#6051,1.);
#3517=VECTOR('',#6054,1.);
#3518=VECTOR('',#6055,1.);
#3519=VECTOR('',#6058,1.);
#3520=VECTOR('',#6063,1.);
#3521=VECTOR('',#6066,1.);
#3522=VECTOR('',#6067,1.);
#3523=VECTOR('',#6068,1.);
#3524=VECTOR('',#6069,1.);
#3525=VECTOR('',#6072,1.);
#3526=VECTOR('',#6073,1.);
#3527=VECTOR('',#6078,1.);
#3528=VECTOR('',#6081,1.);
#3529=VECTOR('',#6082,1.);
#3530=VECTOR('',#6091,1.);
#3531=VECTOR('',#6096,1.);
#3532=VECTOR('',#6101,1.);
#3533=VECTOR('',#6106,1.);
#3534=VECTOR('',#6117,1.);
#3535=VECTOR('',#6124,1.);
#3536=VECTOR('',#6129,1.);
#3537=VECTOR('',#6132,1.);
#3538=VECTOR('',#6143,1.);
#3539=VECTOR('',#6148,1.);
#3540=VECTOR('',#6165,1.);
#3541=VECTOR('',#6170,1.);
#3542=VECTOR('',#6179,1.);
#3543=VECTOR('',#6180,1.);
#3544=VECTOR('',#6181,1.);
#3545=VECTOR('',#6182,1.);
#3546=VECTOR('',#6187,1.);
#3547=VECTOR('',#6190,1.);
#3548=VECTOR('',#6193,1.);
#3549=VECTOR('',#6198,1.);
#3550=VECTOR('',#6199,1.);
#3551=VECTOR('',#6200,1.);
#3552=VECTOR('',#6203,1.);
#3553=VECTOR('',#6210,1.);
#3554=VECTOR('',#6213,1.);
#3555=VECTOR('',#6214,1.);
#3556=VECTOR('',#6217,1.);
#3557=VECTOR('',#6218,1.);
#3558=VECTOR('',#6233,1.);
#3559=VECTOR('',#6234,1.);
#3560=VECTOR('',#6235,1.);
#3561=VECTOR('',#6236,1.);
#3562=VECTOR('',#6241,1.);
#3563=VECTOR('',#6244,1.);
#3564=VECTOR('',#6247,1.);
#3565=VECTOR('',#6252,1.);
#3566=VECTOR('',#6253,1.);
#3567=VECTOR('',#6254,1.);
#3568=VECTOR('',#6257,1.);
#3569=VECTOR('',#6264,1.);
#3570=VECTOR('',#6267,1.);
#3571=VECTOR('',#6268,1.);
#3572=VECTOR('',#6271,1.);
#3573=VECTOR('',#6272,1.);
#3574=VECTOR('',#6293,1.);
#3575=VECTOR('',#6300,1.);
#3576=VECTOR('',#6307,1.);
#3577=VECTOR('',#6310,1.);
#3578=VECTOR('',#6313,1.);
#3579=VECTOR('',#6314,1.);
#3580=VECTOR('',#6317,1.);
#3581=VECTOR('',#6322,1.);
#3582=VECTOR('',#6327,1.);
#3583=VECTOR('',#6332,1.);
#3584=VECTOR('',#6333,1.);
#3585=VECTOR('',#6336,1.);
#3586=VECTOR('',#6345,1.);
#3587=VECTOR('',#6350,1.);
#3588=VECTOR('',#6363,1.);
#3589=VECTOR('',#6364,1.);
#3590=VECTOR('',#6365,1.);
#3591=VECTOR('',#6366,1.);
#3592=VECTOR('',#6373,1.);
#3593=VECTOR('',#6378,1.);
#3594=VECTOR('',#6381,1.);
#3595=VECTOR('',#6384,1.);
#3596=VECTOR('',#6389,1.);
#3597=VECTOR('',#6394,1.);
#3598=VECTOR('',#6397,1.);
#3599=VECTOR('',#6402,1.);
#3600=VECTOR('',#6405,1.);
#3601=VECTOR('',#6408,1.);
#3602=VECTOR('',#6411,1.);
#3603=VECTOR('',#6414,1.);
#3604=VECTOR('',#6417,1.);
#3605=VECTOR('',#6420,1.);
#3606=VECTOR('',#6421,1.);
#3607=VECTOR('',#6426,1.);
#3608=VECTOR('',#6429,1.);
#3609=VECTOR('',#6430,1.);
#3610=VECTOR('',#6435,1.);
#3611=VECTOR('',#6438,1.);
#3612=VECTOR('',#6439,1.);
#3613=VECTOR('',#6444,1.);
#3614=VECTOR('',#6447,1.);
#3615=VECTOR('',#6450,1.);
#3616=VECTOR('',#6453,1.);
#3617=VECTOR('',#6456,1.);
#3618=VECTOR('',#6457,1.);
#3619=VECTOR('',#6462,1.);
#3620=VECTOR('',#6467,1.);
#3621=VECTOR('',#6470,1.);
#3622=VECTOR('',#6471,1.);
#3623=VECTOR('',#6476,1.);
#3624=VECTOR('',#6479,1.);
#3625=VECTOR('',#6480,1.);
#3626=VECTOR('',#6485,1.);
#3627=VECTOR('',#6488,1.);
#3628=VECTOR('',#6489,1.);
#3629=VECTOR('',#6494,1.);
#3630=VECTOR('',#6499,1.);
#3631=VECTOR('',#6502,1.);
#3632=VECTOR('',#6503,1.);
#3633=VECTOR('',#6508,1.);
#3634=VECTOR('',#6513,1.);
#3635=VECTOR('',#6516,1.);
#3636=VECTOR('',#6517,1.);
#3637=VECTOR('',#6522,1.);
#3638=VECTOR('',#6525,1.);
#3639=VECTOR('',#6526,1.);
#3640=VECTOR('',#6541,1.);
#3641=VECTOR('',#6542,1.);
#3642=VECTOR('',#6543,1.);
#3643=VECTOR('',#6544,1.);
#3644=VECTOR('',#6549,1.);
#3645=VECTOR('',#6552,1.);
#3646=VECTOR('',#6555,1.);
#3647=VECTOR('',#6560,1.);
#3648=VECTOR('',#6561,1.);
#3649=VECTOR('',#6562,1.);
#3650=VECTOR('',#6565,1.);
#3651=VECTOR('',#6572,1.);
#3652=VECTOR('',#6575,1.);
#3653=VECTOR('',#6576,1.);
#3654=VECTOR('',#6579,1.);
#3655=VECTOR('',#6580,1.);
#3656=VECTOR('',#6595,1.);
#3657=VECTOR('',#6596,1.);
#3658=VECTOR('',#6597,1.);
#3659=VECTOR('',#6598,1.);
#3660=VECTOR('',#6603,1.);
#3661=VECTOR('',#6606,1.);
#3662=VECTOR('',#6609,1.);
#3663=VECTOR('',#6614,1.);
#3664=VECTOR('',#6615,1.);
#3665=VECTOR('',#6616,1.);
#3666=VECTOR('',#6619,1.);
#3667=VECTOR('',#6626,1.);
#3668=VECTOR('',#6629,1.);
#3669=VECTOR('',#6630,1.);
#3670=VECTOR('',#6633,1.);
#3671=VECTOR('',#6634,1.);
#3672=EDGE_LOOP('',(#420,#421,#422,#423));
#3673=EDGE_LOOP('',(#424,#425,#426,#427,#428,#429,#430,#431));
#3674=EDGE_LOOP('',(#432));
#3675=EDGE_LOOP('',(#433,#434,#435,#436,#437,#438,#439,#440));
#3676=EDGE_LOOP('',(#441,#442,#443,#444,#445,#446,#447,#448));
#3677=EDGE_LOOP('',(#449));
#3678=EDGE_LOOP('',(#450,#451,#452,#453,#454,#455,#456,#457));
#3679=EDGE_LOOP('',(#458,#459,#460,#461,#462,#463,#464,#465));
#3680=EDGE_LOOP('',(#466));
#3681=EDGE_LOOP('',(#467));
#3682=EDGE_LOOP('',(#468,#469,#470,#471,#472,#473,#474,#475));
#3683=EDGE_LOOP('',(#476));
#3684=EDGE_LOOP('',(#477));
#3685=EDGE_LOOP('',(#478,#479,#480,#481));
#3686=EDGE_LOOP('',(#482,#483,#484,#485));
#3687=EDGE_LOOP('',(#486,#487,#488,#489,#490,#491,#492,#493));
#3688=EDGE_LOOP('',(#494,#495,#496,#497,#498,#499,#500,#501));
#3689=EDGE_LOOP('',(#502,#503,#504,#505));
#3690=EDGE_LOOP('',(#506,#507,#508,#509));
#3691=EDGE_LOOP('',(#510,#511,#512,#513));
#3692=EDGE_LOOP('',(#514,#515,#516,#517));
#3693=EDGE_LOOP('',(#518,#519,#520,#521));
#3694=EDGE_LOOP('',(#522,#523,#524,#525,#526,#527,#528,#529));
#3695=EDGE_LOOP('',(#530,#531,#532,#533));
#3696=EDGE_LOOP('',(#534,#535,#536,#537));
#3697=EDGE_LOOP('',(#538,#539,#540,#541));
#3698=EDGE_LOOP('',(#542,#543,#544,#545));
#3699=EDGE_LOOP('',(#546,#547,#548,#549));
#3700=EDGE_LOOP('',(#550,#551,#552,#553));
#3701=EDGE_LOOP('',(#554,#555,#556,#557));
#3702=EDGE_LOOP('',(#558,#559,#560,#561));
#3703=EDGE_LOOP('',(#562,#563,#564,#565));
#3704=EDGE_LOOP('',(#566,#567,#568,#569));
#3705=EDGE_LOOP('',(#570,#571,#572,#573));
#3706=EDGE_LOOP('',(#574,#575,#576,#577));
#3707=EDGE_LOOP('',(#578,#579,#580,#581));
#3708=EDGE_LOOP('',(#582,#583,#584,#585));
#3709=EDGE_LOOP('',(#586,#587,#588,#589));
#3710=EDGE_LOOP('',(#590,#591,#592,#593));
#3711=EDGE_LOOP('',(#594,#595,#596,#597,#598,#599,#600,#601));
#3712=EDGE_LOOP('',(#602,#603,#604,#605));
#3713=EDGE_LOOP('',(#606,#607,#608,#609));
#3714=EDGE_LOOP('',(#610,#611,#612,#613));
#3715=EDGE_LOOP('',(#614,#615,#616,#617));
#3716=EDGE_LOOP('',(#618,#619,#620,#621));
#3717=EDGE_LOOP('',(#622,#623,#624,#625));
#3718=EDGE_LOOP('',(#626,#627,#628,#629));
#3719=EDGE_LOOP('',(#630,#631,#632,#633));
#3720=EDGE_LOOP('',(#634,#635,#636,#637));
#3721=EDGE_LOOP('',(#638,#639,#640,#641));
#3722=EDGE_LOOP('',(#642,#643,#644,#645));
#3723=EDGE_LOOP('',(#646,#647,#648,#649));
#3724=EDGE_LOOP('',(#650,#651,#652,#653));
#3725=EDGE_LOOP('',(#654,#655,#656,#657));
#3726=EDGE_LOOP('',(#658,#659,#660,#661));
#3727=EDGE_LOOP('',(#662,#663,#664,#665));
#3728=EDGE_LOOP('',(#666,#667,#668,#669));
#3729=EDGE_LOOP('',(#670,#671,#672,#673,#674,#675,#676,#677));
#3730=EDGE_LOOP('',(#678,#679,#680,#681));
#3731=EDGE_LOOP('',(#682,#683,#684,#685));
#3732=EDGE_LOOP('',(#686,#687,#688,#689));
#3733=EDGE_LOOP('',(#690,#691,#692,#693));
#3734=EDGE_LOOP('',(#694,#695,#696,#697));
#3735=EDGE_LOOP('',(#698,#699,#700,#701));
#3736=EDGE_LOOP('',(#702,#703,#704,#705));
#3737=EDGE_LOOP('',(#706,#707,#708,#709));
#3738=EDGE_LOOP('',(#710,#711,#712,#713));
#3739=EDGE_LOOP('',(#714,#715,#716,#717,#718,#719,#720,#721));
#3740=EDGE_LOOP('',(#722,#723,#724,#725));
#3741=EDGE_LOOP('',(#726,#727,#728,#729,#730,#731,#732,#733));
#3742=EDGE_LOOP('',(#734,#735,#736,#737));
#3743=EDGE_LOOP('',(#738,#739,#740,#741,#742,#743,#744,#745,#746,#747,#748,
#749));
#3744=EDGE_LOOP('',(#750,#751,#752,#753));
#3745=EDGE_LOOP('',(#754,#755,#756,#757,#758,#759,#760,#761));
#3746=EDGE_LOOP('',(#762,#763,#764,#765));
#3747=EDGE_LOOP('',(#766,#767,#768,#769,#770,#771,#772,#773,#774,#775,#776,
#777));
#3748=EDGE_LOOP('',(#778,#779,#780,#781,#782,#783,#784,#785,#786,#787,#788,
#789,#790,#791));
#3749=EDGE_LOOP('',(#792,#793,#794,#795,#796,#797,#798,#799));
#3750=EDGE_LOOP('',(#800,#801,#802,#803,#804,#805,#806,#807));
#3751=EDGE_LOOP('',(#808,#809,#810,#811,#812,#813,#814,#815));
#3752=EDGE_LOOP('',(#816,#817,#818,#819,#820,#821,#822,#823));
#3753=EDGE_LOOP('',(#824,#825,#826,#827,#828,#829,#830,#831));
#3754=EDGE_LOOP('',(#832,#833,#834,#835));
#3755=EDGE_LOOP('',(#836,#837,#838,#839,#840,#841,#842,#843));
#3756=EDGE_LOOP('',(#844,#845,#846,#847,#848,#849,#850,#851));
#3757=EDGE_LOOP('',(#852,#853,#854,#855,#856,#857,#858,#859));
#3758=EDGE_LOOP('',(#860,#861,#862,#863,#864,#865,#866,#867));
#3759=EDGE_LOOP('',(#868,#869,#870,#871,#872));
#3760=EDGE_LOOP('',(#873,#874,#875,#876,#877,#878,#879,#880));
#3761=EDGE_LOOP('',(#881,#882,#883,#884,#885,#886,#887,#888));
#3762=EDGE_LOOP('',(#889,#890,#891,#892,#893,#894,#895,#896));
#3763=EDGE_LOOP('',(#897,#898,#899,#900,#901,#902,#903,#904));
#3764=EDGE_LOOP('',(#905));
#3765=EDGE_LOOP('',(#906,#907,#908,#909));
#3766=EDGE_LOOP('',(#910,#911,#912,#913,#914,#915,#916,#917));
#3767=EDGE_LOOP('',(#918,#919,#920,#921,#922,#923,#924,#925));
#3768=EDGE_LOOP('',(#926));
#3769=EDGE_LOOP('',(#927,#928,#929,#930,#931));
#3770=EDGE_LOOP('',(#932,#933,#934,#935));
#3771=EDGE_LOOP('',(#936,#937));
#3772=EDGE_LOOP('',(#938,#939,#940,#941));
#3773=EDGE_LOOP('',(#942,#943));
#3774=EDGE_LOOP('',(#944,#945,#946,#947));
#3775=EDGE_LOOP('',(#948,#949,#950,#951));
#3776=EDGE_LOOP('',(#952,#953,#954,#955));
#3777=EDGE_LOOP('',(#956,#957,#958,#959));
#3778=EDGE_LOOP('',(#960,#961,#962,#963));
#3779=EDGE_LOOP('',(#964,#965,#966,#967));
#3780=EDGE_LOOP('',(#968,#969,#970,#971));
#3781=EDGE_LOOP('',(#972,#973,#974,#975));
#3782=EDGE_LOOP('',(#976,#977,#978,#979));
#3783=EDGE_LOOP('',(#980,#981,#982,#983));
#3784=EDGE_LOOP('',(#984,#985,#986,#987));
#3785=EDGE_LOOP('',(#988,#989,#990,#991));
#3786=EDGE_LOOP('',(#992,#993,#994,#995));
#3787=EDGE_LOOP('',(#996,#997,#998,#999));
#3788=EDGE_LOOP('',(#1000,#1001,#1002,#1003));
#3789=EDGE_LOOP('',(#1004,#1005,#1006,#1007));
#3790=EDGE_LOOP('',(#1008,#1009,#1010,#1011));
#3791=EDGE_LOOP('',(#1012,#1013,#1014,#1015));
#3792=EDGE_LOOP('',(#1016,#1017,#1018,#1019));
#3793=EDGE_LOOP('',(#1020,#1021,#1022,#1023));
#3794=EDGE_LOOP('',(#1024,#1025,#1026,#1027));
#3795=EDGE_LOOP('',(#1028,#1029,#1030,#1031));
#3796=EDGE_LOOP('',(#1032,#1033,#1034,#1035));
#3797=EDGE_LOOP('',(#1036,#1037,#1038,#1039));
#3798=EDGE_LOOP('',(#1040,#1041,#1042,#1043));
#3799=EDGE_LOOP('',(#1044,#1045,#1046,#1047));
#3800=EDGE_LOOP('',(#1048,#1049,#1050,#1051));
#3801=EDGE_LOOP('',(#1052,#1053,#1054,#1055));
#3802=EDGE_LOOP('',(#1056,#1057,#1058,#1059));
#3803=EDGE_LOOP('',(#1060,#1061,#1062,#1063));
#3804=EDGE_LOOP('',(#1064,#1065,#1066,#1067));
#3805=EDGE_LOOP('',(#1068,#1069,#1070,#1071));
#3806=EDGE_LOOP('',(#1072,#1073,#1074,#1075));
#3807=EDGE_LOOP('',(#1076,#1077,#1078,#1079));
#3808=EDGE_LOOP('',(#1080,#1081,#1082,#1083));
#3809=EDGE_LOOP('',(#1084,#1085,#1086,#1087));
#3810=EDGE_LOOP('',(#1088,#1089,#1090,#1091));
#3811=EDGE_LOOP('',(#1092,#1093,#1094,#1095));
#3812=EDGE_LOOP('',(#1096,#1097,#1098,#1099));
#3813=EDGE_LOOP('',(#1100,#1101,#1102,#1103));
#3814=EDGE_LOOP('',(#1104,#1105,#1106,#1107,#1108,#1109,#1110,#1111,#1112,
#1113,#1114,#1115));
#3815=EDGE_LOOP('',(#1116,#1117,#1118,#1119,#1120,#1121,#1122,#1123,#1124,
#1125,#1126,#1127,#1128,#1129,#1130,#1131,#1132,#1133,#1134,#1135));
#3816=EDGE_LOOP('',(#1136));
#3817=EDGE_LOOP('',(#1137));
#3818=EDGE_LOOP('',(#1138));
#3819=EDGE_LOOP('',(#1139));
#3820=EDGE_LOOP('',(#1140,#1141,#1142,#1143));
#3821=EDGE_LOOP('',(#1144,#1145,#1146,#1147,#1148,#1149,#1150,#1151));
#3822=EDGE_LOOP('',(#1152,#1153,#1154,#1155));
#3823=EDGE_LOOP('',(#1156,#1157,#1158,#1159));
#3824=EDGE_LOOP('',(#1160,#1161,#1162,#1163));
#3825=EDGE_LOOP('',(#1164,#1165,#1166,#1167));
#3826=EDGE_LOOP('',(#1168,#1169,#1170,#1171));
#3827=EDGE_LOOP('',(#1172,#1173,#1174,#1175));
#3828=EDGE_LOOP('',(#1176,#1177,#1178,#1179));
#3829=EDGE_LOOP('',(#1180,#1181,#1182,#1183));
#3830=EDGE_LOOP('',(#1184,#1185,#1186,#1187));
#3831=EDGE_LOOP('',(#1188,#1189,#1190,#1191,#1192,#1193,#1194,#1195,#1196,
#1197,#1198,#1199));
#3832=EDGE_LOOP('',(#1200,#1201,#1202,#1203));
#3833=EDGE_LOOP('',(#1204,#1205,#1206,#1207));
#3834=EDGE_LOOP('',(#1208,#1209,#1210,#1211));
#3835=EDGE_LOOP('',(#1212,#1213,#1214,#1215));
#3836=EDGE_LOOP('',(#1216,#1217,#1218,#1219));
#3837=EDGE_LOOP('',(#1220,#1221,#1222,#1223));
#3838=EDGE_LOOP('',(#1224,#1225,#1226,#1227));
#3839=EDGE_LOOP('',(#1228,#1229,#1230,#1231));
#3840=EDGE_LOOP('',(#1232,#1233,#1234,#1235));
#3841=EDGE_LOOP('',(#1236,#1237,#1238,#1239));
#3842=EDGE_LOOP('',(#1240,#1241,#1242,#1243));
#3843=EDGE_LOOP('',(#1244,#1245,#1246,#1247));
#3844=EDGE_LOOP('',(#1248,#1249,#1250,#1251));
#3845=EDGE_LOOP('',(#1252,#1253,#1254,#1255));
#3846=EDGE_LOOP('',(#1256,#1257,#1258,#1259));
#3847=EDGE_LOOP('',(#1260,#1261,#1262,#1263));
#3848=EDGE_LOOP('',(#1264,#1265,#1266,#1267,#1268,#1269,#1270,#1271));
#3849=EDGE_LOOP('',(#1272));
#3850=EDGE_LOOP('',(#1273));
#3851=EDGE_LOOP('',(#1274,#1275,#1276,#1277));
#3852=EDGE_LOOP('',(#1278,#1279,#1280,#1281));
#3853=EDGE_LOOP('',(#1282,#1283,#1284,#1285));
#3854=EDGE_LOOP('',(#1286,#1287,#1288,#1289));
#3855=EDGE_LOOP('',(#1290));
#3856=EDGE_LOOP('',(#1291));
#3857=EDGE_LOOP('',(#1292));
#3858=EDGE_LOOP('',(#1293));
#3859=EDGE_LOOP('',(#1294,#1295,#1296,#1297));
#3860=EDGE_LOOP('',(#1298,#1299,#1300,#1301));
#3861=EDGE_LOOP('',(#1302,#1303,#1304,#1305));
#3862=EDGE_LOOP('',(#1306));
#3863=EDGE_LOOP('',(#1307));
#3864=EDGE_LOOP('',(#1308));
#3865=EDGE_LOOP('',(#1309));
#3866=EDGE_LOOP('',(#1310,#1311,#1312,#1313));
#3867=EDGE_LOOP('',(#1314,#1315,#1316,#1317));
#3868=EDGE_LOOP('',(#1318));
#3869=EDGE_LOOP('',(#1319));
#3870=EDGE_LOOP('',(#1320,#1321,#1322,#1323));
#3871=EDGE_LOOP('',(#1324,#1325,#1326,#1327,#1328,#1329,#1330,#1331));
#3872=EDGE_LOOP('',(#1332,#1333,#1334,#1335));
#3873=EDGE_LOOP('',(#1336,#1337,#1338,#1339));
#3874=EDGE_LOOP('',(#1340,#1341,#1342,#1343));
#3875=EDGE_LOOP('',(#1344,#1345,#1346,#1347));
#3876=EDGE_LOOP('',(#1348,#1349,#1350,#1351));
#3877=EDGE_LOOP('',(#1352,#1353,#1354,#1355));
#3878=EDGE_LOOP('',(#1356,#1357,#1358,#1359));
#3879=EDGE_LOOP('',(#1360,#1361,#1362,#1363,#1364,#1365,#1366,#1367));
#3880=EDGE_LOOP('',(#1368,#1369,#1370,#1371));
#3881=EDGE_LOOP('',(#1372,#1373,#1374,#1375,#1376,#1377,#1378,#1379));
#3882=EDGE_LOOP('',(#1380,#1381,#1382,#1383));
#3883=EDGE_LOOP('',(#1384,#1385,#1386,#1387));
#3884=EDGE_LOOP('',(#1388,#1389,#1390,#1391));
#3885=EDGE_LOOP('',(#1392,#1393,#1394,#1395));
#3886=EDGE_LOOP('',(#1396,#1397,#1398,#1399));
#3887=EDGE_LOOP('',(#1400,#1401,#1402,#1403));
#3888=EDGE_LOOP('',(#1404,#1405,#1406,#1407));
#3889=EDGE_LOOP('',(#1408,#1409,#1410,#1411,#1412,#1413,#1414,#1415));
#3890=EDGE_LOOP('',(#1416,#1417,#1418,#1419,#1420,#1421,#1422,#1423));
#3891=EDGE_LOOP('',(#1424));
#3892=EDGE_LOOP('',(#1425));
#3893=EDGE_LOOP('',(#1426,#1427,#1428,#1429));
#3894=EDGE_LOOP('',(#1430,#1431,#1432,#1433));
#3895=EDGE_LOOP('',(#1434,#1435,#1436,#1437));
#3896=EDGE_LOOP('',(#1438,#1439,#1440,#1441));
#3897=EDGE_LOOP('',(#1442,#1443,#1444,#1445));
#3898=EDGE_LOOP('',(#1446,#1447,#1448,#1449));
#3899=EDGE_LOOP('',(#1450,#1451,#1452,#1453));
#3900=EDGE_LOOP('',(#1454,#1455,#1456,#1457));
#3901=EDGE_LOOP('',(#1458,#1459,#1460,#1461));
#3902=EDGE_LOOP('',(#1462,#1463,#1464,#1465));
#3903=EDGE_LOOP('',(#1466,#1467,#1468,#1469,#1470,#1471,#1472,#1473));
#3904=EDGE_LOOP('',(#1474));
#3905=EDGE_LOOP('',(#1475));
#3906=EDGE_LOOP('',(#1476,#1477,#1478,#1479));
#3907=EDGE_LOOP('',(#1480,#1481,#1482,#1483,#1484,#1485,#1486,#1487,#1488,
#1489,#1490,#1491,#1492,#1493,#1494,#1495,#1496,#1497,#1498,#1499));
#3908=EDGE_LOOP('',(#1500,#1501,#1502,#1503,#1504,#1505,#1506,#1507));
#3909=EDGE_LOOP('',(#1508,#1509,#1510,#1511));
#3910=EDGE_LOOP('',(#1512,#1513,#1514,#1515));
#3911=EDGE_LOOP('',(#1516,#1517,#1518,#1519));
#3912=EDGE_LOOP('',(#1520,#1521,#1522,#1523));
#3913=EDGE_LOOP('',(#1524,#1525,#1526,#1527));
#3914=EDGE_LOOP('',(#1528,#1529,#1530,#1531));
#3915=EDGE_LOOP('',(#1532,#1533,#1534,#1535));
#3916=EDGE_LOOP('',(#1536,#1537,#1538,#1539));
#3917=EDGE_LOOP('',(#1540,#1541,#1542,#1543));
#3918=EDGE_LOOP('',(#1544,#1545,#1546,#1547));
#3919=EDGE_LOOP('',(#1548,#1549,#1550,#1551));
#3920=EDGE_LOOP('',(#1552,#1553,#1554,#1555));
#3921=EDGE_LOOP('',(#1556,#1557,#1558,#1559));
#3922=EDGE_LOOP('',(#1560,#1561,#1562,#1563));
#3923=EDGE_LOOP('',(#1564,#1565,#1566,#1567));
#3924=EDGE_LOOP('',(#1568,#1569,#1570,#1571));
#3925=EDGE_LOOP('',(#1572,#1573,#1574,#1575));
#3926=EDGE_LOOP('',(#1576,#1577,#1578,#1579));
#3927=EDGE_LOOP('',(#1580,#1581,#1582,#1583));
#3928=EDGE_LOOP('',(#1584,#1585,#1586,#1587));
#3929=EDGE_LOOP('',(#1588,#1589,#1590,#1591));
#3930=EDGE_LOOP('',(#1592,#1593,#1594,#1595));
#3931=EDGE_LOOP('',(#1596,#1597,#1598,#1599));
#3932=EDGE_LOOP('',(#1600,#1601,#1602,#1603));
#3933=EDGE_LOOP('',(#1604,#1605,#1606,#1607));
#3934=EDGE_LOOP('',(#1608,#1609,#1610,#1611));
#3935=EDGE_LOOP('',(#1612,#1613,#1614,#1615));
#3936=EDGE_LOOP('',(#1616,#1617,#1618,#1619,#1620,#1621,#1622,#1623,#1624,
#1625,#1626,#1627,#1628,#1629,#1630,#1631,#1632,#1633,#1634,#1635));
#3937=EDGE_LOOP('',(#1636,#1637,#1638,#1639,#1640,#1641,#1642,#1643));
#3938=EDGE_LOOP('',(#1644,#1645,#1646,#1647));
#3939=EDGE_LOOP('',(#1648,#1649,#1650,#1651,#1652,#1653,#1654,#1655));
#3940=EDGE_LOOP('',(#1656,#1657,#1658,#1659));
#3941=EDGE_LOOP('',(#1660,#1661,#1662,#1663));
#3942=EDGE_LOOP('',(#1664,#1665,#1666,#1667));
#3943=EDGE_LOOP('',(#1668,#1669,#1670,#1671));
#3944=EDGE_LOOP('',(#1672,#1673,#1674,#1675));
#3945=EDGE_LOOP('',(#1676,#1677,#1678,#1679));
#3946=EDGE_LOOP('',(#1680,#1681,#1682,#1683));
#3947=EDGE_LOOP('',(#1684,#1685,#1686,#1687,#1688,#1689,#1690,#1691));
#3948=EDGE_LOOP('',(#1692,#1693,#1694,#1695));
#3949=EDGE_LOOP('',(#1696,#1697,#1698,#1699,#1700,#1701,#1702,#1703));
#3950=EDGE_LOOP('',(#1704,#1705,#1706,#1707));
#3951=EDGE_LOOP('',(#1708,#1709,#1710,#1711));
#3952=EDGE_LOOP('',(#1712,#1713,#1714,#1715));
#3953=EDGE_LOOP('',(#1716,#1717,#1718,#1719));
#3954=EDGE_LOOP('',(#1720,#1721,#1722,#1723));
#3955=EDGE_LOOP('',(#1724,#1725,#1726,#1727));
#3956=EDGE_LOOP('',(#1728,#1729,#1730,#1731));
#3957=EDGE_LOOP('',(#1732,#1733,#1734,#1735,#1736,#1737,#1738,#1739));
#3958=FACE_BOUND('',#3672,.T.);
#3959=FACE_BOUND('',#3673,.T.);
#3960=FACE_BOUND('',#3674,.T.);
#3961=FACE_BOUND('',#3675,.T.);
#3962=FACE_BOUND('',#3676,.T.);
#3963=FACE_BOUND('',#3677,.T.);
#3964=FACE_BOUND('',#3678,.T.);
#3965=FACE_BOUND('',#3679,.T.);
#3966=FACE_BOUND('',#3680,.T.);
#3967=FACE_BOUND('',#3681,.T.);
#3968=FACE_BOUND('',#3682,.T.);
#3969=FACE_BOUND('',#3683,.T.);
#3970=FACE_BOUND('',#3684,.T.);
#3971=FACE_BOUND('',#3685,.T.);
#3972=FACE_BOUND('',#3686,.T.);
#3973=FACE_BOUND('',#3687,.T.);
#3974=FACE_BOUND('',#3688,.T.);
#3975=FACE_BOUND('',#3689,.T.);
#3976=FACE_BOUND('',#3690,.T.);
#3977=FACE_BOUND('',#3691,.T.);
#3978=FACE_BOUND('',#3692,.T.);
#3979=FACE_BOUND('',#3693,.T.);
#3980=FACE_BOUND('',#3694,.T.);
#3981=FACE_BOUND('',#3695,.T.);
#3982=FACE_BOUND('',#3696,.T.);
#3983=FACE_BOUND('',#3697,.T.);
#3984=FACE_BOUND('',#3698,.T.);
#3985=FACE_BOUND('',#3699,.T.);
#3986=FACE_BOUND('',#3700,.T.);
#3987=FACE_BOUND('',#3701,.T.);
#3988=FACE_BOUND('',#3702,.T.);
#3989=FACE_BOUND('',#3703,.T.);
#3990=FACE_BOUND('',#3704,.T.);
#3991=FACE_BOUND('',#3705,.T.);
#3992=FACE_BOUND('',#3706,.T.);
#3993=FACE_BOUND('',#3707,.T.);
#3994=FACE_BOUND('',#3708,.T.);
#3995=FACE_BOUND('',#3709,.T.);
#3996=FACE_BOUND('',#3710,.T.);
#3997=FACE_BOUND('',#3711,.T.);
#3998=FACE_BOUND('',#3712,.T.);
#3999=FACE_BOUND('',#3713,.T.);
#4000=FACE_BOUND('',#3714,.T.);
#4001=FACE_BOUND('',#3715,.T.);
#4002=FACE_BOUND('',#3716,.T.);
#4003=FACE_BOUND('',#3717,.T.);
#4004=FACE_BOUND('',#3718,.T.);
#4005=FACE_BOUND('',#3719,.T.);
#4006=FACE_BOUND('',#3720,.T.);
#4007=FACE_BOUND('',#3721,.T.);
#4008=FACE_BOUND('',#3722,.T.);
#4009=FACE_BOUND('',#3723,.T.);
#4010=FACE_BOUND('',#3724,.T.);
#4011=FACE_BOUND('',#3725,.T.);
#4012=FACE_BOUND('',#3726,.T.);
#4013=FACE_BOUND('',#3727,.T.);
#4014=FACE_BOUND('',#3728,.T.);
#4015=FACE_BOUND('',#3729,.T.);
#4016=FACE_BOUND('',#3730,.T.);
#4017=FACE_BOUND('',#3731,.T.);
#4018=FACE_BOUND('',#3732,.T.);
#4019=FACE_BOUND('',#3733,.T.);
#4020=FACE_BOUND('',#3734,.T.);
#4021=FACE_BOUND('',#3735,.T.);
#4022=FACE_BOUND('',#3736,.T.);
#4023=FACE_BOUND('',#3737,.T.);
#4024=FACE_BOUND('',#3738,.T.);
#4025=FACE_BOUND('',#3739,.T.);
#4026=FACE_BOUND('',#3740,.T.);
#4027=FACE_BOUND('',#3741,.T.);
#4028=FACE_BOUND('',#3742,.T.);
#4029=FACE_BOUND('',#3743,.T.);
#4030=FACE_BOUND('',#3744,.T.);
#4031=FACE_BOUND('',#3745,.T.);
#4032=FACE_BOUND('',#3746,.T.);
#4033=FACE_BOUND('',#3747,.T.);
#4034=FACE_BOUND('',#3748,.T.);
#4035=FACE_BOUND('',#3749,.T.);
#4036=FACE_BOUND('',#3750,.T.);
#4037=FACE_BOUND('',#3751,.T.);
#4038=FACE_BOUND('',#3752,.T.);
#4039=FACE_BOUND('',#3753,.T.);
#4040=FACE_BOUND('',#3754,.T.);
#4041=FACE_BOUND('',#3755,.T.);
#4042=FACE_BOUND('',#3756,.T.);
#4043=FACE_BOUND('',#3757,.T.);
#4044=FACE_BOUND('',#3758,.T.);
#4045=FACE_BOUND('',#3759,.T.);
#4046=FACE_BOUND('',#3760,.T.);
#4047=FACE_BOUND('',#3761,.T.);
#4048=FACE_BOUND('',#3762,.T.);
#4049=FACE_BOUND('',#3763,.T.);
#4050=FACE_BOUND('',#3764,.T.);
#4051=FACE_BOUND('',#3765,.T.);
#4052=FACE_BOUND('',#3766,.T.);
#4053=FACE_BOUND('',#3767,.T.);
#4054=FACE_BOUND('',#3768,.T.);
#4055=FACE_BOUND('',#3769,.T.);
#4056=FACE_BOUND('',#3770,.T.);
#4057=FACE_BOUND('',#3771,.T.);
#4058=FACE_BOUND('',#3772,.T.);
#4059=FACE_BOUND('',#3773,.T.);
#4060=FACE_BOUND('',#3774,.T.);
#4061=FACE_BOUND('',#3775,.T.);
#4062=FACE_BOUND('',#3776,.T.);
#4063=FACE_BOUND('',#3777,.T.);
#4064=FACE_BOUND('',#3778,.T.);
#4065=FACE_BOUND('',#3779,.T.);
#4066=FACE_BOUND('',#3780,.T.);
#4067=FACE_BOUND('',#3781,.T.);
#4068=FACE_BOUND('',#3782,.T.);
#4069=FACE_BOUND('',#3783,.T.);
#4070=FACE_BOUND('',#3784,.T.);
#4071=FACE_BOUND('',#3785,.T.);
#4072=FACE_BOUND('',#3786,.T.);
#4073=FACE_BOUND('',#3787,.T.);
#4074=FACE_BOUND('',#3788,.T.);
#4075=FACE_BOUND('',#3789,.T.);
#4076=FACE_BOUND('',#3790,.T.);
#4077=FACE_BOUND('',#3791,.T.);
#4078=FACE_BOUND('',#3792,.T.);
#4079=FACE_BOUND('',#3793,.T.);
#4080=FACE_BOUND('',#3794,.T.);
#4081=FACE_BOUND('',#3795,.T.);
#4082=FACE_BOUND('',#3796,.T.);
#4083=FACE_BOUND('',#3797,.T.);
#4084=FACE_BOUND('',#3798,.T.);
#4085=FACE_BOUND('',#3799,.T.);
#4086=FACE_BOUND('',#3800,.T.);
#4087=FACE_BOUND('',#3801,.T.);
#4088=FACE_BOUND('',#3802,.T.);
#4089=FACE_BOUND('',#3803,.T.);
#4090=FACE_BOUND('',#3804,.T.);
#4091=FACE_BOUND('',#3805,.T.);
#4092=FACE_BOUND('',#3806,.T.);
#4093=FACE_BOUND('',#3807,.T.);
#4094=FACE_BOUND('',#3808,.T.);
#4095=FACE_BOUND('',#3809,.T.);
#4096=FACE_BOUND('',#3810,.T.);
#4097=FACE_BOUND('',#3811,.T.);
#4098=FACE_BOUND('',#3812,.T.);
#4099=FACE_BOUND('',#3813,.T.);
#4100=FACE_BOUND('',#3814,.T.);
#4101=FACE_BOUND('',#3815,.T.);
#4102=FACE_BOUND('',#3816,.T.);
#4103=FACE_BOUND('',#3817,.T.);
#4104=FACE_BOUND('',#3818,.T.);
#4105=FACE_BOUND('',#3819,.T.);
#4106=FACE_BOUND('',#3820,.T.);
#4107=FACE_BOUND('',#3821,.T.);
#4108=FACE_BOUND('',#3822,.T.);
#4109=FACE_BOUND('',#3823,.T.);
#4110=FACE_BOUND('',#3824,.T.);
#4111=FACE_BOUND('',#3825,.T.);
#4112=FACE_BOUND('',#3826,.T.);
#4113=FACE_BOUND('',#3827,.T.);
#4114=FACE_BOUND('',#3828,.T.);
#4115=FACE_BOUND('',#3829,.T.);
#4116=FACE_BOUND('',#3830,.T.);
#4117=FACE_BOUND('',#3831,.T.);
#4118=FACE_BOUND('',#3832,.T.);
#4119=FACE_BOUND('',#3833,.T.);
#4120=FACE_BOUND('',#3834,.T.);
#4121=FACE_BOUND('',#3835,.T.);
#4122=FACE_BOUND('',#3836,.T.);
#4123=FACE_BOUND('',#3837,.T.);
#4124=FACE_BOUND('',#3838,.T.);
#4125=FACE_BOUND('',#3839,.T.);
#4126=FACE_BOUND('',#3840,.T.);
#4127=FACE_BOUND('',#3841,.T.);
#4128=FACE_BOUND('',#3842,.T.);
#4129=FACE_BOUND('',#3843,.T.);
#4130=FACE_BOUND('',#3844,.T.);
#4131=FACE_BOUND('',#3845,.T.);
#4132=FACE_BOUND('',#3846,.T.);
#4133=FACE_BOUND('',#3847,.T.);
#4134=FACE_BOUND('',#3848,.T.);
#4135=FACE_BOUND('',#3849,.T.);
#4136=FACE_BOUND('',#3850,.T.);
#4137=FACE_BOUND('',#3851,.T.);
#4138=FACE_BOUND('',#3852,.T.);
#4139=FACE_BOUND('',#3853,.T.);
#4140=FACE_BOUND('',#3854,.T.);
#4141=FACE_BOUND('',#3855,.T.);
#4142=FACE_BOUND('',#3856,.T.);
#4143=FACE_BOUND('',#3857,.T.);
#4144=FACE_BOUND('',#3858,.T.);
#4145=FACE_BOUND('',#3859,.T.);
#4146=FACE_BOUND('',#3860,.T.);
#4147=FACE_BOUND('',#3861,.T.);
#4148=FACE_BOUND('',#3862,.T.);
#4149=FACE_BOUND('',#3863,.T.);
#4150=FACE_BOUND('',#3864,.T.);
#4151=FACE_BOUND('',#3865,.T.);
#4152=FACE_BOUND('',#3866,.T.);
#4153=FACE_BOUND('',#3867,.T.);
#4154=FACE_BOUND('',#3868,.T.);
#4155=FACE_BOUND('',#3869,.T.);
#4156=FACE_BOUND('',#3870,.T.);
#4157=FACE_BOUND('',#3871,.T.);
#4158=FACE_BOUND('',#3872,.T.);
#4159=FACE_BOUND('',#3873,.T.);
#4160=FACE_BOUND('',#3874,.T.);
#4161=FACE_BOUND('',#3875,.T.);
#4162=FACE_BOUND('',#3876,.T.);
#4163=FACE_BOUND('',#3877,.T.);
#4164=FACE_BOUND('',#3878,.T.);
#4165=FACE_BOUND('',#3879,.T.);
#4166=FACE_BOUND('',#3880,.T.);
#4167=FACE_BOUND('',#3881,.T.);
#4168=FACE_BOUND('',#3882,.T.);
#4169=FACE_BOUND('',#3883,.T.);
#4170=FACE_BOUND('',#3884,.T.);
#4171=FACE_BOUND('',#3885,.T.);
#4172=FACE_BOUND('',#3886,.T.);
#4173=FACE_BOUND('',#3887,.T.);
#4174=FACE_BOUND('',#3888,.T.);
#4175=FACE_BOUND('',#3889,.T.);
#4176=FACE_BOUND('',#3890,.T.);
#4177=FACE_BOUND('',#3891,.T.);
#4178=FACE_BOUND('',#3892,.T.);
#4179=FACE_BOUND('',#3893,.T.);
#4180=FACE_BOUND('',#3894,.T.);
#4181=FACE_BOUND('',#3895,.T.);
#4182=FACE_BOUND('',#3896,.T.);
#4183=FACE_BOUND('',#3897,.T.);
#4184=FACE_BOUND('',#3898,.T.);
#4185=FACE_BOUND('',#3899,.T.);
#4186=FACE_BOUND('',#3900,.T.);
#4187=FACE_BOUND('',#3901,.T.);
#4188=FACE_BOUND('',#3902,.T.);
#4189=FACE_BOUND('',#3903,.T.);
#4190=FACE_BOUND('',#3904,.T.);
#4191=FACE_BOUND('',#3905,.T.);
#4192=FACE_BOUND('',#3906,.T.);
#4193=FACE_BOUND('',#3907,.T.);
#4194=FACE_BOUND('',#3908,.T.);
#4195=FACE_BOUND('',#3909,.T.);
#4196=FACE_BOUND('',#3910,.T.);
#4197=FACE_BOUND('',#3911,.T.);
#4198=FACE_BOUND('',#3912,.T.);
#4199=FACE_BOUND('',#3913,.T.);
#4200=FACE_BOUND('',#3914,.T.);
#4201=FACE_BOUND('',#3915,.T.);
#4202=FACE_BOUND('',#3916,.T.);
#4203=FACE_BOUND('',#3917,.T.);
#4204=FACE_BOUND('',#3918,.T.);
#4205=FACE_BOUND('',#3919,.T.);
#4206=FACE_BOUND('',#3920,.T.);
#4207=FACE_BOUND('',#3921,.T.);
#4208=FACE_BOUND('',#3922,.T.);
#4209=FACE_BOUND('',#3923,.T.);
#4210=FACE_BOUND('',#3924,.T.);
#4211=FACE_BOUND('',#3925,.T.);
#4212=FACE_BOUND('',#3926,.T.);
#4213=FACE_BOUND('',#3927,.T.);
#4214=FACE_BOUND('',#3928,.T.);
#4215=FACE_BOUND('',#3929,.T.);
#4216=FACE_BOUND('',#3930,.T.);
#4217=FACE_BOUND('',#3931,.T.);
#4218=FACE_BOUND('',#3932,.T.);
#4219=FACE_BOUND('',#3933,.T.);
#4220=FACE_BOUND('',#3934,.T.);
#4221=FACE_BOUND('',#3935,.T.);
#4222=FACE_BOUND('',#3936,.T.);
#4223=FACE_BOUND('',#3937,.T.);
#4224=FACE_BOUND('',#3938,.T.);
#4225=FACE_BOUND('',#3939,.T.);
#4226=FACE_BOUND('',#3940,.T.);
#4227=FACE_BOUND('',#3941,.T.);
#4228=FACE_BOUND('',#3942,.T.);
#4229=FACE_BOUND('',#3943,.T.);
#4230=FACE_BOUND('',#3944,.T.);
#4231=FACE_BOUND('',#3945,.T.);
#4232=FACE_BOUND('',#3946,.T.);
#4233=FACE_BOUND('',#3947,.T.);
#4234=FACE_BOUND('',#3948,.T.);
#4235=FACE_BOUND('',#3949,.T.);
#4236=FACE_BOUND('',#3950,.T.);
#4237=FACE_BOUND('',#3951,.T.);
#4238=FACE_BOUND('',#3952,.T.);
#4239=FACE_BOUND('',#3953,.T.);
#4240=FACE_BOUND('',#3954,.T.);
#4241=FACE_BOUND('',#3955,.T.);
#4242=FACE_BOUND('',#3956,.T.);
#4243=FACE_BOUND('',#3957,.T.);
#4244=PLANE('',#4720);
#4245=PLANE('',#4721);
#4246=PLANE('',#4756);
#4247=PLANE('',#4763);
#4248=PLANE('',#4764);
#4249=PLANE('',#4767);
#4250=PLANE('',#4774);
#4251=PLANE('',#4775);
#4252=PLANE('',#4780);
#4253=PLANE('',#4781);
#4254=PLANE('',#4786);
#4255=PLANE('',#4787);
#4256=PLANE('',#4792);
#4257=PLANE('',#4793);
#4258=PLANE('',#4802);
#4259=PLANE('',#4803);
#4260=PLANE('',#4808);
#4261=PLANE('',#4809);
#4262=PLANE('',#4814);
#4263=PLANE('',#4815);
#4264=PLANE('',#4820);
#4265=PLANE('',#4821);
#4266=PLANE('',#4832);
#4267=PLANE('',#4833);
#4268=PLANE('',#4838);
#4269=PLANE('',#4839);
#4270=PLANE('',#4850);
#4271=PLANE('',#4853);
#4272=PLANE('',#4856);
#4273=PLANE('',#4859);
#4274=PLANE('',#4860);
#4275=PLANE('',#4883);
#4276=PLANE('',#4884);
#4277=PLANE('',#4889);
#4278=PLANE('',#4894);
#4279=PLANE('',#4895);
#4280=PLANE('',#4900);
#4281=PLANE('',#4905);
#4282=PLANE('',#4906);
#4283=PLANE('',#4907);
#4284=PLANE('',#4912);
#4285=PLANE('',#4913);
#4286=PLANE('',#4916);
#4287=PLANE('',#4919);
#4288=PLANE('',#4921);
#4289=PLANE('',#4922);
#4290=PLANE('',#4925);
#4291=PLANE('',#4926);
#4292=PLANE('',#4929);
#4293=PLANE('',#4930);
#4294=PLANE('',#4933);
#4295=PLANE('',#4934);
#4296=PLANE('',#4937);
#4297=PLANE('',#4938);
#4298=PLANE('',#4941);
#4299=PLANE('',#4942);
#4300=PLANE('',#4945);
#4301=PLANE('',#4946);
#4302=PLANE('',#4949);
#4303=PLANE('',#4950);
#4304=PLANE('',#4953);
#4305=PLANE('',#4954);
#4306=PLANE('',#4957);
#4307=PLANE('',#4958);
#4308=PLANE('',#4961);
#4309=PLANE('',#4966);
#4310=PLANE('',#4981);
#4311=PLANE('',#4988);
#4312=PLANE('',#4991);
#4313=PLANE('',#4994);
#4314=PLANE('',#4997);
#4315=PLANE('',#4998);
#4316=PLANE('',#5002);
#4317=PLANE('',#5003);
#4318=PLANE('',#5007);
#4319=PLANE('',#5008);
#4320=PLANE('',#5011);
#4321=PLANE('',#5022);
#4322=PLANE('',#5028);
#4323=PLANE('',#5032);
#4324=PLANE('',#5033);
#4325=PLANE('',#5034);
#4326=PLANE('',#5035);
#4327=PLANE('',#5036);
#4328=PLANE('',#5041);
#4329=PLANE('',#5042);
#4330=PLANE('',#5044);
#4331=PLANE('',#5050);
#4332=PLANE('',#5051);
#4333=PLANE('',#5053);
#4334=PLANE('',#5054);
#4335=PLANE('',#5059);
#4336=PLANE('',#5064);
#4337=PLANE('',#5065);
#4338=PLANE('',#5070);
#4339=PLANE('',#5072);
#4340=PLANE('',#5073);
#4341=PLANE('',#5078);
#4342=PLANE('',#5083);
#4343=PLANE('',#5084);
#4344=PLANE('',#5089);
#4345=PLANE('',#5091);
#4346=PLANE('',#5102);
#4347=PLANE('',#5109);
#4348=PLANE('',#5118);
#4349=PLANE('',#5119);
#4350=PLANE('',#5120);
#4351=PLANE('',#5122);
#4352=PLANE('',#5123);
#4353=PLANE('',#5142);
#4354=PLANE('',#5145);
#4355=PLANE('',#5148);
#4356=PLANE('',#5151);
#4357=PLANE('',#5154);
#4358=PLANE('',#5159);
#4359=PLANE('',#5162);
#4360=PLANE('',#5165);
#4361=PLANE('',#5170);
#4362=PLANE('',#5175);
#4363=PLANE('',#5178);
#4364=PLANE('',#5183);
#4365=PLANE('',#5185);
#4366=PLANE('',#5186);
#4367=PLANE('',#5191);
#4368=PLANE('',#5196);
#4369=PLANE('',#5197);
#4370=PLANE('',#5202);
#4371=PLANE('',#5204);
#4372=PLANE('',#5205);
#4373=PLANE('',#5210);
#4374=PLANE('',#5215);
#4375=PLANE('',#5216);
#4376=PLANE('',#5221);
#4377=ADVANCED_FACE('',(#3958),#4244,.F.);
#4378=ADVANCED_FACE('',(#3959,#3960,#3961,#3962,#3963,#3964,#3965,#3966,
#3967,#3968,#3969,#3970),#4245,.T.);
#4379=ADVANCED_FACE('',(#3971),#58,.T.);
#4380=ADVANCED_FACE('',(#3972),#59,.T.);
#4381=ADVANCED_FACE('',(#3973,#3974),#4246,.F.);
#4382=ADVANCED_FACE('',(#3975),#4247,.F.);
#4383=ADVANCED_FACE('',(#3976),#4248,.T.);
#4384=ADVANCED_FACE('',(#3977),#60,.T.);
#4385=ADVANCED_FACE('',(#3978),#61,.T.);
#4386=ADVANCED_FACE('',(#3979),#4249,.T.);
#4387=ADVANCED_FACE('',(#3980),#62,.F.);
#4388=ADVANCED_FACE('',(#3981),#63,.F.);
#4389=ADVANCED_FACE('',(#3982),#4250,.T.);
#4390=ADVANCED_FACE('',(#3983),#4251,.T.);
#4391=ADVANCED_FACE('',(#3984),#64,.F.);
#4392=ADVANCED_FACE('',(#3985),#65,.F.);
#4393=ADVANCED_FACE('',(#3986),#4252,.F.);
#4394=ADVANCED_FACE('',(#3987),#4253,.F.);
#4395=ADVANCED_FACE('',(#3988),#66,.F.);
#4396=ADVANCED_FACE('',(#3989),#67,.F.);
#4397=ADVANCED_FACE('',(#3990),#4254,.T.);
#4398=ADVANCED_FACE('',(#3991),#4255,.T.);
#4399=ADVANCED_FACE('',(#3992),#68,.F.);
#4400=ADVANCED_FACE('',(#3993),#69,.F.);
#4401=ADVANCED_FACE('',(#3994),#4256,.F.);
#4402=ADVANCED_FACE('',(#3995),#4257,.F.);
#4403=ADVANCED_FACE('',(#3996),#70,.F.);
#4404=ADVANCED_FACE('',(#3997),#71,.F.);
#4405=ADVANCED_FACE('',(#3998),#72,.F.);
#4406=ADVANCED_FACE('',(#3999),#4258,.T.);
#4407=ADVANCED_FACE('',(#4000),#4259,.T.);
#4408=ADVANCED_FACE('',(#4001),#73,.F.);
#4409=ADVANCED_FACE('',(#4002),#74,.F.);
#4410=ADVANCED_FACE('',(#4003),#4260,.F.);
#4411=ADVANCED_FACE('',(#4004),#4261,.F.);
#4412=ADVANCED_FACE('',(#4005),#75,.F.);
#4413=ADVANCED_FACE('',(#4006),#76,.F.);
#4414=ADVANCED_FACE('',(#4007),#4262,.T.);
#4415=ADVANCED_FACE('',(#4008),#4263,.T.);
#4416=ADVANCED_FACE('',(#4009),#77,.F.);
#4417=ADVANCED_FACE('',(#4010),#78,.F.);
#4418=ADVANCED_FACE('',(#4011),#4264,.F.);
#4419=ADVANCED_FACE('',(#4012),#4265,.F.);
#4420=ADVANCED_FACE('',(#4013),#79,.F.);
#4421=ADVANCED_FACE('',(#4014),#80,.F.);
#4422=ADVANCED_FACE('',(#4015),#81,.F.);
#4423=ADVANCED_FACE('',(#4016),#82,.F.);
#4424=ADVANCED_FACE('',(#4017),#4266,.T.);
#4425=ADVANCED_FACE('',(#4018),#4267,.T.);
#4426=ADVANCED_FACE('',(#4019),#83,.F.);
#4427=ADVANCED_FACE('',(#4020),#84,.F.);
#4428=ADVANCED_FACE('',(#4021),#4268,.F.);
#4429=ADVANCED_FACE('',(#4022),#4269,.F.);
#4430=ADVANCED_FACE('',(#4023),#85,.F.);
#4431=ADVANCED_FACE('',(#4024),#86,.F.);
#4432=ADVANCED_FACE('',(#4025),#87,.F.);
#4433=ADVANCED_FACE('',(#4026),#88,.F.);
#4434=ADVANCED_FACE('',(#4027),#4270,.T.);
#4435=ADVANCED_FACE('',(#4028),#89,.F.);
#4436=ADVANCED_FACE('',(#4029),#4271,.F.);
#4437=ADVANCED_FACE('',(#4030),#90,.F.);
#4438=ADVANCED_FACE('',(#4031),#4272,.F.);
#4439=ADVANCED_FACE('',(#4032),#91,.F.);
#4440=ADVANCED_FACE('',(#4033),#4273,.T.);
#4441=ADVANCED_FACE('',(#4034,#4035,#4036,#4037,#4038,#4039),#4274,.F.);
#4442=ADVANCED_FACE('',(#4040),#4275,.T.);
#4443=ADVANCED_FACE('',(#4041,#4042),#4276,.T.);
#4444=ADVANCED_FACE('',(#4043,#4044),#4277,.T.);
#4445=ADVANCED_FACE('',(#4045),#4278,.T.);
#4446=ADVANCED_FACE('',(#4046,#4047),#4279,.T.);
#4447=ADVANCED_FACE('',(#4048,#4049),#4280,.T.);
#4448=ADVANCED_FACE('',(#4050),#4281,.T.);
#4449=ADVANCED_FACE('',(#4051),#4282,.T.);
#4450=ADVANCED_FACE('',(#4052,#4053),#4283,.T.);
#4451=ADVANCED_FACE('',(#4054),#4284,.T.);
#4452=ADVANCED_FACE('',(#4055),#4285,.T.);
#4453=ADVANCED_FACE('',(#4056),#92,.T.);
#4454=ADVANCED_FACE('',(#4057),#4286,.F.);
#4455=ADVANCED_FACE('',(#4058),#93,.T.);
#4456=ADVANCED_FACE('',(#4059),#4287,.F.);
#4457=ADVANCED_FACE('',(#4060),#94,.F.);
#4458=ADVANCED_FACE('',(#4061),#4288,.T.);
#4459=ADVANCED_FACE('',(#4062),#4289,.T.);
#4460=ADVANCED_FACE('',(#4063),#95,.F.);
#4461=ADVANCED_FACE('',(#4064),#96,.F.);
#4462=ADVANCED_FACE('',(#4065),#4290,.F.);
#4463=ADVANCED_FACE('',(#4066),#4291,.F.);
#4464=ADVANCED_FACE('',(#4067),#97,.F.);
#4465=ADVANCED_FACE('',(#4068),#98,.F.);
#4466=ADVANCED_FACE('',(#4069),#4292,.T.);
#4467=ADVANCED_FACE('',(#4070),#4293,.T.);
#4468=ADVANCED_FACE('',(#4071),#99,.F.);
#4469=ADVANCED_FACE('',(#4072),#100,.F.);
#4470=ADVANCED_FACE('',(#4073),#4294,.F.);
#4471=ADVANCED_FACE('',(#4074),#4295,.F.);
#4472=ADVANCED_FACE('',(#4075),#101,.F.);
#4473=ADVANCED_FACE('',(#4076),#102,.F.);
#4474=ADVANCED_FACE('',(#4077),#4296,.T.);
#4475=ADVANCED_FACE('',(#4078),#4297,.T.);
#4476=ADVANCED_FACE('',(#4079),#103,.F.);
#4477=ADVANCED_FACE('',(#4080),#104,.F.);
#4478=ADVANCED_FACE('',(#4081),#4298,.F.);
#4479=ADVANCED_FACE('',(#4082),#4299,.F.);
#4480=ADVANCED_FACE('',(#4083),#105,.F.);
#4481=ADVANCED_FACE('',(#4084),#106,.F.);
#4482=ADVANCED_FACE('',(#4085),#4300,.T.);
#4483=ADVANCED_FACE('',(#4086),#4301,.T.);
#4484=ADVANCED_FACE('',(#4087),#107,.F.);
#4485=ADVANCED_FACE('',(#4088),#108,.F.);
#4486=ADVANCED_FACE('',(#4089),#4302,.F.);
#4487=ADVANCED_FACE('',(#4090),#4303,.F.);
#4488=ADVANCED_FACE('',(#4091),#109,.F.);
#4489=ADVANCED_FACE('',(#4092),#110,.F.);
#4490=ADVANCED_FACE('',(#4093),#4304,.T.);
#4491=ADVANCED_FACE('',(#4094),#4305,.T.);
#4492=ADVANCED_FACE('',(#4095),#111,.F.);
#4493=ADVANCED_FACE('',(#4096),#112,.F.);
#4494=ADVANCED_FACE('',(#4097),#4306,.F.);
#4495=ADVANCED_FACE('',(#4098),#4307,.F.);
#4496=ADVANCED_FACE('',(#4099),#113,.F.);
#4497=ADVANCED_FACE('',(#4100),#4308,.F.);
#4498=ADVANCED_FACE('',(#4101,#4102,#4103,#4104,#4105),#4309,.T.);
#4499=ADVANCED_FACE('',(#4106),#114,.T.);
#4500=ADVANCED_FACE('',(#4107),#4310,.F.);
#4501=ADVANCED_FACE('',(#4108),#115,.T.);
#4502=ADVANCED_FACE('',(#4109),#116,.F.);
#4503=ADVANCED_FACE('',(#4110),#4311,.F.);
#4504=ADVANCED_FACE('',(#4111),#117,.F.);
#4505=ADVANCED_FACE('',(#4112),#4312,.T.);
#4506=ADVANCED_FACE('',(#4113),#118,.F.);
#4507=ADVANCED_FACE('',(#4114),#4313,.T.);
#4508=ADVANCED_FACE('',(#4115),#119,.F.);
#4509=ADVANCED_FACE('',(#4116),#4314,.F.);
#4510=ADVANCED_FACE('',(#4117),#4315,.T.);
#4511=ADVANCED_FACE('',(#4118),#120,.T.);
#4512=ADVANCED_FACE('',(#4119),#121,.T.);
#4513=ADVANCED_FACE('',(#4120),#4316,.T.);
#4514=ADVANCED_FACE('',(#4121),#4317,.T.);
#4515=ADVANCED_FACE('',(#4122),#122,.T.);
#4516=ADVANCED_FACE('',(#4123),#123,.T.);
#4517=ADVANCED_FACE('',(#4124,#4125),#4318,.T.);
#4518=ADVANCED_FACE('',(#4126),#4319,.F.);
#4519=ADVANCED_FACE('',(#4127),#124,.T.);
#4520=ADVANCED_FACE('',(#4128),#4320,.F.);
#4521=ADVANCED_FACE('',(#4129),#125,.T.);
#4522=ADVANCED_FACE('',(#4130),#126,.F.);
#4523=ADVANCED_FACE('',(#4131),#127,.F.);
#4524=ADVANCED_FACE('',(#4132),#128,.F.);
#4525=ADVANCED_FACE('',(#4133),#129,.F.);
#4526=ADVANCED_FACE('',(#4134,#4135,#4136),#4321,.T.);
#4527=ADVANCED_FACE('',(#4137),#130,.F.);
#4528=ADVANCED_FACE('',(#4138),#4322,.F.);
#4529=ADVANCED_FACE('',(#4139),#131,.F.);
#4530=ADVANCED_FACE('',(#4140),#4323,.T.);
#4531=ADVANCED_FACE('',(#4141),#4324,.T.);
#4532=ADVANCED_FACE('',(#4142),#4325,.T.);
#4533=ADVANCED_FACE('',(#4143),#4326,.T.);
#4534=ADVANCED_FACE('',(#4144),#4327,.T.);
#4535=ADVANCED_FACE('',(#4145),#132,.T.);
#4536=ADVANCED_FACE('',(#4146),#133,.T.);
#4537=ADVANCED_FACE('',(#4147),#4328,.T.);
#4538=ADVANCED_FACE('',(#4148,#4149),#4329,.T.);
#4539=ADVANCED_FACE('',(#4150,#4151),#4330,.T.);
#4540=ADVANCED_FACE('',(#4152),#134,.F.);
#4541=ADVANCED_FACE('',(#4153),#135,.F.);
#4542=ADVANCED_FACE('',(#4154),#4331,.T.);
#4543=ADVANCED_FACE('',(#4155),#4332,.T.);
#4544=ADVANCED_FACE('',(#4156),#4333,.F.);
#4545=ADVANCED_FACE('',(#4157),#4334,.F.);
#4546=ADVANCED_FACE('',(#4158),#4335,.T.);
#4547=ADVANCED_FACE('',(#4159),#136,.T.);
#4548=ADVANCED_FACE('',(#4160),#137,.T.);
#4549=ADVANCED_FACE('',(#4161),#4336,.T.);
#4550=ADVANCED_FACE('',(#4162),#4337,.F.);
#4551=ADVANCED_FACE('',(#4163),#138,.T.);
#4552=ADVANCED_FACE('',(#4164),#139,.T.);
#4553=ADVANCED_FACE('',(#4165),#4338,.T.);
#4554=ADVANCED_FACE('',(#4166),#4339,.F.);
#4555=ADVANCED_FACE('',(#4167),#4340,.F.);
#4556=ADVANCED_FACE('',(#4168),#4341,.T.);
#4557=ADVANCED_FACE('',(#4169),#140,.T.);
#4558=ADVANCED_FACE('',(#4170),#141,.T.);
#4559=ADVANCED_FACE('',(#4171),#4342,.T.);
#4560=ADVANCED_FACE('',(#4172),#4343,.F.);
#4561=ADVANCED_FACE('',(#4173),#142,.T.);
#4562=ADVANCED_FACE('',(#4174),#143,.T.);
#4563=ADVANCED_FACE('',(#4175),#4344,.T.);
#4564=ADVANCED_FACE('',(#4176,#4177,#4178),#4345,.T.);
#4565=ADVANCED_FACE('',(#4179),#144,.T.);
#4566=ADVANCED_FACE('',(#4180),#4346,.T.);
#4567=ADVANCED_FACE('',(#4181),#145,.T.);
#4568=ADVANCED_FACE('',(#4182),#146,.F.);
#4569=ADVANCED_FACE('',(#4183),#147,.T.);
#4570=ADVANCED_FACE('',(#4184),#4347,.F.);
#4571=ADVANCED_FACE('',(#4185),#148,.T.);
#4572=ADVANCED_FACE('',(#4186),#149,.F.);
#4573=ADVANCED_FACE('',(#4187),#150,.T.);
#4574=ADVANCED_FACE('',(#4188),#151,.T.);
#4575=ADVANCED_FACE('',(#4189),#4348,.F.);
#4576=ADVANCED_FACE('',(#4190),#4349,.T.);
#4577=ADVANCED_FACE('',(#4191),#4350,.T.);
#4578=ADVANCED_FACE('',(#4192),#4351,.F.);
#4579=ADVANCED_FACE('',(#4193,#4194),#4352,.F.);
#4580=ADVANCED_FACE('',(#4195),#152,.T.);
#4581=ADVANCED_FACE('',(#4196),#4353,.F.);
#4582=ADVANCED_FACE('',(#4197),#153,.T.);
#4583=ADVANCED_FACE('',(#4198),#4354,.F.);
#4584=ADVANCED_FACE('',(#4199),#154,.T.);
#4585=ADVANCED_FACE('',(#4200),#4355,.T.);
#4586=ADVANCED_FACE('',(#4201),#155,.T.);
#4587=ADVANCED_FACE('',(#4202),#4356,.T.);
#4588=ADVANCED_FACE('',(#4203),#156,.T.);
#4589=ADVANCED_FACE('',(#4204),#4357,.F.);
#4590=ADVANCED_FACE('',(#4205),#157,.T.);
#4591=ADVANCED_FACE('',(#4206),#158,.T.);
#4592=ADVANCED_FACE('',(#4207),#4358,.F.);
#4593=ADVANCED_FACE('',(#4208),#159,.T.);
#4594=ADVANCED_FACE('',(#4209),#4359,.T.);
#4595=ADVANCED_FACE('',(#4210),#160,.T.);
#4596=ADVANCED_FACE('',(#4211),#4360,.T.);
#4597=ADVANCED_FACE('',(#4212),#161,.T.);
#4598=ADVANCED_FACE('',(#4213),#162,.T.);
#4599=ADVANCED_FACE('',(#4214),#4361,.T.);
#4600=ADVANCED_FACE('',(#4215),#163,.T.);
#4601=ADVANCED_FACE('',(#4216),#164,.T.);
#4602=ADVANCED_FACE('',(#4217),#4362,.T.);
#4603=ADVANCED_FACE('',(#4218),#165,.T.);
#4604=ADVANCED_FACE('',(#4219),#4363,.F.);
#4605=ADVANCED_FACE('',(#4220),#166,.T.);
#4606=ADVANCED_FACE('',(#4221),#167,.T.);
#4607=ADVANCED_FACE('',(#4222,#4223),#4364,.T.);
#4608=ADVANCED_FACE('',(#4224),#4365,.F.);
#4609=ADVANCED_FACE('',(#4225),#4366,.F.);
#4610=ADVANCED_FACE('',(#4226),#4367,.T.);
#4611=ADVANCED_FACE('',(#4227),#168,.T.);
#4612=ADVANCED_FACE('',(#4228),#169,.T.);
#4613=ADVANCED_FACE('',(#4229),#4368,.T.);
#4614=ADVANCED_FACE('',(#4230),#4369,.F.);
#4615=ADVANCED_FACE('',(#4231),#170,.T.);
#4616=ADVANCED_FACE('',(#4232),#171,.T.);
#4617=ADVANCED_FACE('',(#4233),#4370,.T.);
#4618=ADVANCED_FACE('',(#4234),#4371,.F.);
#4619=ADVANCED_FACE('',(#4235),#4372,.F.);
#4620=ADVANCED_FACE('',(#4236),#4373,.T.);
#4621=ADVANCED_FACE('',(#4237),#172,.T.);
#4622=ADVANCED_FACE('',(#4238),#173,.T.);
#4623=ADVANCED_FACE('',(#4239),#4374,.T.);
#4624=ADVANCED_FACE('',(#4240),#4375,.F.);
#4625=ADVANCED_FACE('',(#4241),#174,.T.);
#4626=ADVANCED_FACE('',(#4242),#175,.T.);
#4627=ADVANCED_FACE('',(#4243),#4376,.T.);
#4628=CLOSED_SHELL('',(#4377,#4378,#4379,#4380,#4381,#4382,#4383,#4384,
#4385,#4386,#4387,#4388,#4389,#4390,#4391,#4392,#4393,#4394,#4395,#4396,
#4397,#4398,#4399,#4400,#4401,#4402,#4403,#4404,#4405,#4406,#4407,#4408,
#4409,#4410,#4411,#4412,#4413,#4414,#4415,#4416,#4417,#4418,#4419,#4420,
#4421,#4422,#4423,#4424,#4425,#4426,#4427,#4428,#4429,#4430,#4431,#4432,
#4433,#4434,#4435,#4436,#4437,#4438,#4439,#4440,#4441,#4442,#4443,#4444,
#4445,#4446,#4447,#4448,#4449,#4450,#4451,#4452,#4453,#4454,#4455,#4456,
#4457,#4458,#4459,#4460,#4461,#4462,#4463,#4464,#4465,#4466,#4467,#4468,
#4469,#4470,#4471,#4472,#4473,#4474,#4475,#4476,#4477,#4478,#4479,#4480,
#4481,#4482,#4483,#4484,#4485,#4486,#4487,#4488,#4489,#4490,#4491,#4492,
#4493,#4494,#4495,#4496));
#4629=CLOSED_SHELL('',(#4497,#4498,#4499,#4500,#4501,#4502,#4503,#4504,
#4505,#4506,#4507,#4508,#4509,#4510,#4511,#4512,#4513,#4514,#4515,#4516,
#4517,#4518,#4519,#4520,#4521,#4522,#4523,#4524,#4525,#4526,#4527,#4528,
#4529,#4530,#4531,#4532,#4533,#4534,#4535,#4536,#4537,#4538,#4539,#4540,
#4541,#4542,#4543));
#4630=CLOSED_SHELL('',(#4544,#4545,#4546,#4547,#4548,#4549,#4550,#4551,
#4552,#4553));
#4631=CLOSED_SHELL('',(#4554,#4555,#4556,#4557,#4558,#4559,#4560,#4561,
#4562,#4563));
#4632=CLOSED_SHELL('',(#4564,#4565,#4566,#4567,#4568,#4569,#4570,#4571,
#4572,#4573,#4574,#4575,#4576,#4577));
#4633=CLOSED_SHELL('',(#4578,#4579,#4580,#4581,#4582,#4583,#4584,#4585,
#4586,#4587,#4588,#4589,#4590,#4591,#4592,#4593,#4594,#4595,#4596,#4597,
#4598,#4599,#4600,#4601,#4602,#4603,#4604,#4605,#4606,#4607));
#4634=CLOSED_SHELL('',(#4608,#4609,#4610,#4611,#4612,#4613,#4614,#4615,
#4616,#4617));
#4635=CLOSED_SHELL('',(#4618,#4619,#4620,#4621,#4622,#4623,#4624,#4625,
#4626,#4627));
#4636=STYLED_ITEM('',(#4644),#4693);
#4637=STYLED_ITEM('',(#4645),#4694);
#4638=STYLED_ITEM('',(#4646),#4695);
#4639=STYLED_ITEM('',(#4647),#4696);
#4640=STYLED_ITEM('',(#4648),#4697);
#4641=STYLED_ITEM('',(#4649),#4698);
#4642=STYLED_ITEM('',(#4650),#4699);
#4643=STYLED_ITEM('',(#4651),#4700);
#4644=PRESENTATION_STYLE_ASSIGNMENT((#4652));
#4645=PRESENTATION_STYLE_ASSIGNMENT((#4653));
#4646=PRESENTATION_STYLE_ASSIGNMENT((#4654));
#4647=PRESENTATION_STYLE_ASSIGNMENT((#4655));
#4648=PRESENTATION_STYLE_ASSIGNMENT((#4656));
#4649=PRESENTATION_STYLE_ASSIGNMENT((#4657));
#4650=PRESENTATION_STYLE_ASSIGNMENT((#4658));
#4651=PRESENTATION_STYLE_ASSIGNMENT((#4659));
#4652=SURFACE_STYLE_USAGE(.BOTH.,#4660);
#4653=SURFACE_STYLE_USAGE(.BOTH.,#4661);
#4654=SURFACE_STYLE_USAGE(.BOTH.,#4662);
#4655=SURFACE_STYLE_USAGE(.BOTH.,#4663);
#4656=SURFACE_STYLE_USAGE(.BOTH.,#4664);
#4657=SURFACE_STYLE_USAGE(.BOTH.,#4665);
#4658=SURFACE_STYLE_USAGE(.BOTH.,#4666);
#4659=SURFACE_STYLE_USAGE(.BOTH.,#4667);
#4660=SURFACE_SIDE_STYLE('',(#4668));
#4661=SURFACE_SIDE_STYLE('',(#4669));
#4662=SURFACE_SIDE_STYLE('',(#4670));
#4663=SURFACE_SIDE_STYLE('',(#4671));
#4664=SURFACE_SIDE_STYLE('',(#4672));
#4665=SURFACE_SIDE_STYLE('',(#4673));
#4666=SURFACE_SIDE_STYLE('',(#4674));
#4667=SURFACE_SIDE_STYLE('',(#4675));
#4668=SURFACE_STYLE_FILL_AREA(#4676);
#4669=SURFACE_STYLE_FILL_AREA(#4677);
#4670=SURFACE_STYLE_FILL_AREA(#4678);
#4671=SURFACE_STYLE_FILL_AREA(#4679);
#4672=SURFACE_STYLE_FILL_AREA(#4680);
#4673=SURFACE_STYLE_FILL_AREA(#4681);
#4674=SURFACE_STYLE_FILL_AREA(#4682);
#4675=SURFACE_STYLE_FILL_AREA(#4683);
#4676=FILL_AREA_STYLE('',(#4684));
#4677=FILL_AREA_STYLE('',(#4685));
#4678=FILL_AREA_STYLE('',(#4686));
#4679=FILL_AREA_STYLE('',(#4687));
#4680=FILL_AREA_STYLE('',(#4688));
#4681=FILL_AREA_STYLE('',(#4689));
#4682=FILL_AREA_STYLE('',(#4690));
#4683=FILL_AREA_STYLE('',(#4691));
#4684=FILL_AREA_STYLE_COLOUR('',#4692);
#4685=FILL_AREA_STYLE_COLOUR('',#4692);
#4686=FILL_AREA_STYLE_COLOUR('',#4692);
#4687=FILL_AREA_STYLE_COLOUR('',#4692);
#4688=FILL_AREA_STYLE_COLOUR('',#4692);
#4689=FILL_AREA_STYLE_COLOUR('',#4692);
#4690=FILL_AREA_STYLE_COLOUR('',#4692);
#4691=FILL_AREA_STYLE_COLOUR('',#4692);
#4692=COLOUR_RGB('',0.647058823529412,0.647058823529412,0.647058823529412);
#4693=MANIFOLD_SOLID_BREP('Open CASCADE STEP translator 7.9 2.1',#4628);
#4694=MANIFOLD_SOLID_BREP('Part 1',#4629);
#4695=MANIFOLD_SOLID_BREP('Open CASCADE STEP translator 7.9 2.6',#4630);
#4696=MANIFOLD_SOLID_BREP('Open CASCADE STEP translator 7.9 2.5',#4631);
#4697=MANIFOLD_SOLID_BREP('Part 1',#4632);
#4698=MANIFOLD_SOLID_BREP('Open CASCADE STEP translator 7.9 2.2',#4633);
#4699=MANIFOLD_SOLID_BREP('Open CASCADE STEP translator 7.9 2.4',#4634);
#4700=MANIFOLD_SOLID_BREP('Open CASCADE STEP translator 7.9 2.3',#4635);
#4701=SHAPE_DEFINITION_REPRESENTATION(#8029,#4710);
#4702=SHAPE_DEFINITION_REPRESENTATION(#8030,#4711);
#4703=SHAPE_DEFINITION_REPRESENTATION(#8032,#4712);
#4704=SHAPE_DEFINITION_REPRESENTATION(#8034,#4713);
#4705=SHAPE_DEFINITION_REPRESENTATION(#8036,#4714);
#4706=SHAPE_DEFINITION_REPRESENTATION(#8038,#4715);
#4707=SHAPE_DEFINITION_REPRESENTATION(#8040,#4716);
#4708=SHAPE_DEFINITION_REPRESENTATION(#8042,#4717);
#4709=SHAPE_DEFINITION_REPRESENTATION(#8044,#4718);
#4710=SHAPE_REPRESENTATION('Nova-clock Final Assembly',(#4719,#4960,#5052,
#5071,#5090,#5121,#5184,#5203,#5222),#8008);
#4711=SHAPE_REPRESENTATION('Open CASCADE STEP translator 7.9 2.1',(#4719),
#8009);
#4712=SHAPE_REPRESENTATION('Part 1',(#4719),#8010);
#4713=SHAPE_REPRESENTATION('Open CASCADE STEP translator 7.9 2.6',(#4719),
#8011);
#4714=SHAPE_REPRESENTATION('Open CASCADE STEP translator 7.9 2.5',(#4719),
#8012);
#4715=SHAPE_REPRESENTATION('Part 1',(#4719),#8013);
#4716=SHAPE_REPRESENTATION('Open CASCADE STEP translator 7.9 2.2',(#4719),
#8014);
#4717=SHAPE_REPRESENTATION('Open CASCADE STEP translator 7.9 2.4',(#4719),
#8015);
#4718=SHAPE_REPRESENTATION('Open CASCADE STEP translator 7.9 2.3',(#4719),
#8016);
#4719=AXIS2_PLACEMENT_3D('',#6647,#5223,#5224);
#4720=AXIS2_PLACEMENT_3D('',#6648,#5225,#5226);
#4721=AXIS2_PLACEMENT_3D('',#6657,#5231,#5232);
#4722=AXIS2_PLACEMENT_3D('',#6658,#5233,#5234);
#4723=AXIS2_PLACEMENT_3D('',#6662,#5236,#5237);
#4724=AXIS2_PLACEMENT_3D('',#6666,#5239,#5240);
#4725=AXIS2_PLACEMENT_3D('',#6670,#5242,#5243);
#4726=AXIS2_PLACEMENT_3D('',#6671,#5244,#5245);
#4727=AXIS2_PLACEMENT_3D('',#6673,#5246,#5247);
#4728=AXIS2_PLACEMENT_3D('',#6678,#5249,#5250);
#4729=AXIS2_PLACEMENT_3D('',#6682,#5252,#5253);
#4730=AXIS2_PLACEMENT_3D('',#6686,#5255,#5256);
#4731=AXIS2_PLACEMENT_3D('',#6689,#5258,#5259);
#4732=AXIS2_PLACEMENT_3D('',#6694,#5261,#5262);
#4733=AXIS2_PLACEMENT_3D('',#6698,#5264,#5265);
#4734=AXIS2_PLACEMENT_3D('',#6702,#5267,#5268);
#4735=AXIS2_PLACEMENT_3D('',#6705,#5270,#5271);
#4736=AXIS2_PLACEMENT_3D('',#6707,#5272,#5273);
#4737=AXIS2_PLACEMENT_3D('',#6712,#5275,#5276);
#4738=AXIS2_PLACEMENT_3D('',#6716,#5278,#5279);
#4739=AXIS2_PLACEMENT_3D('',#6720,#5281,#5282);
#4740=AXIS2_PLACEMENT_3D('',#6723,#5284,#5285);
#4741=AXIS2_PLACEMENT_3D('',#6728,#5287,#5288);
#4742=AXIS2_PLACEMENT_3D('',#6732,#5290,#5291);
#4743=AXIS2_PLACEMENT_3D('',#6736,#5293,#5294);
#4744=AXIS2_PLACEMENT_3D('',#6739,#5296,#5297);
#4745=AXIS2_PLACEMENT_3D('',#6741,#5298,#5299);
#4746=AXIS2_PLACEMENT_3D('',#6743,#5300,#5301);
#4747=AXIS2_PLACEMENT_3D('',#6748,#5303,#5304);
#4748=AXIS2_PLACEMENT_3D('',#6752,#5306,#5307);
#4749=AXIS2_PLACEMENT_3D('',#6756,#5309,#5310);
#4750=AXIS2_PLACEMENT_3D('',#6759,#5312,#5313);
#4751=AXIS2_PLACEMENT_3D('',#6761,#5314,#5315);
#4752=AXIS2_PLACEMENT_3D('',#6763,#5316,#5317);
#4753=AXIS2_PLACEMENT_3D('',#6764,#5318,#5319);
#4754=AXIS2_PLACEMENT_3D('',#6767,#5321,#5322);
#4755=AXIS2_PLACEMENT_3D('',#6770,#5324,#5325);
#4756=AXIS2_PLACEMENT_3D('',#6771,#5326,#5327);
#4757=AXIS2_PLACEMENT_3D('',#6774,#5329,#5330);
#4758=AXIS2_PLACEMENT_3D('',#6778,#5332,#5333);
#4759=AXIS2_PLACEMENT_3D('',#6784,#5336,#5337);
#4760=AXIS2_PLACEMENT_3D('',#6788,#5339,#5340);
#4761=AXIS2_PLACEMENT_3D('',#6792,#5342,#5343);
#4762=AXIS2_PLACEMENT_3D('',#6796,#5345,#5346);
#4763=AXIS2_PLACEMENT_3D('',#6797,#5347,#5348);
#4764=AXIS2_PLACEMENT_3D('',#6799,#5350,#5351);
#4765=AXIS2_PLACEMENT_3D('',#6801,#5353,#5354);
#4766=AXIS2_PLACEMENT_3D('',#6803,#5356,#5357);
#4767=AXIS2_PLACEMENT_3D('',#6805,#5359,#5360);
#4768=AXIS2_PLACEMENT_3D('',#6806,#5361,#5362);
#4769=AXIS2_PLACEMENT_3D('',#6807,#5363,#5364);
#4770=AXIS2_PLACEMENT_3D('',#6811,#5366,#5367);
#4771=AXIS2_PLACEMENT_3D('',#6815,#5369,#5370);
#4772=AXIS2_PLACEMENT_3D('',#6818,#5372,#5373);
#4773=AXIS2_PLACEMENT_3D('',#6821,#5375,#5376);
#4774=AXIS2_PLACEMENT_3D('',#6824,#5378,#5379);
#4775=AXIS2_PLACEMENT_3D('',#6828,#5382,#5383);
#4776=AXIS2_PLACEMENT_3D('',#6832,#5386,#5387);
#4777=AXIS2_PLACEMENT_3D('',#6833,#5388,#5389);
#4778=AXIS2_PLACEMENT_3D('',#6836,#5391,#5392);
#4779=AXIS2_PLACEMENT_3D('',#6839,#5394,#5395);
#4780=AXIS2_PLACEMENT_3D('',#6840,#5396,#5397);
#4781=AXIS2_PLACEMENT_3D('',#6844,#5400,#5401);
#4782=AXIS2_PLACEMENT_3D('',#6848,#5404,#5405);
#4783=AXIS2_PLACEMENT_3D('',#6849,#5406,#5407);
#4784=AXIS2_PLACEMENT_3D('',#6850,#5408,#5409);
#4785=AXIS2_PLACEMENT_3D('',#6853,#5411,#5412);
#4786=AXIS2_PLACEMENT_3D('',#6856,#5414,#5415);
#4787=AXIS2_PLACEMENT_3D('',#6860,#5418,#5419);
#4788=AXIS2_PLACEMENT_3D('',#6864,#5422,#5423);
#4789=AXIS2_PLACEMENT_3D('',#6865,#5424,#5425);
#4790=AXIS2_PLACEMENT_3D('',#6868,#5427,#5428);
#4791=AXIS2_PLACEMENT_3D('',#6871,#5430,#5431);
#4792=AXIS2_PLACEMENT_3D('',#6872,#5432,#5433);
#4793=AXIS2_PLACEMENT_3D('',#6876,#5436,#5437);
#4794=AXIS2_PLACEMENT_3D('',#6880,#5440,#5441);
#4795=AXIS2_PLACEMENT_3D('',#6881,#5442,#5443);
#4796=AXIS2_PLACEMENT_3D('',#6882,#5444,#5445);
#4797=AXIS2_PLACEMENT_3D('',#6883,#5446,#5447);
#4798=AXIS2_PLACEMENT_3D('',#6887,#5449,#5450);
#4799=AXIS2_PLACEMENT_3D('',#6891,#5452,#5453);
#4800=AXIS2_PLACEMENT_3D('',#6894,#5455,#5456);
#4801=AXIS2_PLACEMENT_3D('',#6897,#5458,#5459);
#4802=AXIS2_PLACEMENT_3D('',#6900,#5461,#5462);
#4803=AXIS2_PLACEMENT_3D('',#6904,#5465,#5466);
#4804=AXIS2_PLACEMENT_3D('',#6908,#5469,#5470);
#4805=AXIS2_PLACEMENT_3D('',#6909,#5471,#5472);
#4806=AXIS2_PLACEMENT_3D('',#6912,#5474,#5475);
#4807=AXIS2_PLACEMENT_3D('',#6915,#5477,#5478);
#4808=AXIS2_PLACEMENT_3D('',#6916,#5479,#5480);
#4809=AXIS2_PLACEMENT_3D('',#6920,#5483,#5484);
#4810=AXIS2_PLACEMENT_3D('',#6924,#5487,#5488);
#4811=AXIS2_PLACEMENT_3D('',#6925,#5489,#5490);
#4812=AXIS2_PLACEMENT_3D('',#6926,#5491,#5492);
#4813=AXIS2_PLACEMENT_3D('',#6929,#5494,#5495);
#4814=AXIS2_PLACEMENT_3D('',#6932,#5497,#5498);
#4815=AXIS2_PLACEMENT_3D('',#6936,#5501,#5502);
#4816=AXIS2_PLACEMENT_3D('',#6940,#5505,#5506);
#4817=AXIS2_PLACEMENT_3D('',#6941,#5507,#5508);
#4818=AXIS2_PLACEMENT_3D('',#6944,#5510,#5511);
#4819=AXIS2_PLACEMENT_3D('',#6947,#5513,#5514);
#4820=AXIS2_PLACEMENT_3D('',#6948,#5515,#5516);
#4821=AXIS2_PLACEMENT_3D('',#6952,#5519,#5520);
#4822=AXIS2_PLACEMENT_3D('',#6956,#5523,#5524);
#4823=AXIS2_PLACEMENT_3D('',#6957,#5525,#5526);
#4824=AXIS2_PLACEMENT_3D('',#6958,#5527,#5528);
#4825=AXIS2_PLACEMENT_3D('',#6959,#5529,#5530);
#4826=AXIS2_PLACEMENT_3D('',#6962,#5532,#5533);
#4827=AXIS2_PLACEMENT_3D('',#6963,#5534,#5535);
#4828=AXIS2_PLACEMENT_3D('',#6967,#5537,#5538);
#4829=AXIS2_PLACEMENT_3D('',#6971,#5540,#5541);
#4830=AXIS2_PLACEMENT_3D('',#6974,#5543,#5544);
#4831=AXIS2_PLACEMENT_3D('',#6977,#5546,#5547);
#4832=AXIS2_PLACEMENT_3D('',#6980,#5549,#5550);
#4833=AXIS2_PLACEMENT_3D('',#6984,#5553,#5554);
#4834=AXIS2_PLACEMENT_3D('',#6988,#5557,#5558);
#4835=AXIS2_PLACEMENT_3D('',#6989,#5559,#5560);
#4836=AXIS2_PLACEMENT_3D('',#6992,#5562,#5563);
#4837=AXIS2_PLACEMENT_3D('',#6995,#5565,#5566);
#4838=AXIS2_PLACEMENT_3D('',#6996,#5567,#5568);
#4839=AXIS2_PLACEMENT_3D('',#7000,#5571,#5572);
#4840=AXIS2_PLACEMENT_3D('',#7004,#5575,#5576);
#4841=AXIS2_PLACEMENT_3D('',#7005,#5577,#5578);
#4842=AXIS2_PLACEMENT_3D('',#7006,#5579,#5580);
#4843=AXIS2_PLACEMENT_3D('',#7007,#5581,#5582);
#4844=AXIS2_PLACEMENT_3D('',#7010,#5584,#5585);
#4845=AXIS2_PLACEMENT_3D('',#7011,#5586,#5587);
#4846=AXIS2_PLACEMENT_3D('',#7015,#5589,#5590);
#4847=AXIS2_PLACEMENT_3D('',#7019,#5592,#5593);
#4848=AXIS2_PLACEMENT_3D('',#7022,#5595,#5596);
#4849=AXIS2_PLACEMENT_3D('',#7023,#5597,#5598);
#4850=AXIS2_PLACEMENT_3D('',#7028,#5601,#5602);
#4851=AXIS2_PLACEMENT_3D('',#7034,#5607,#5608);
#4852=AXIS2_PLACEMENT_3D('',#7037,#5610,#5611);
#4853=AXIS2_PLACEMENT_3D('',#7038,#5612,#5613);
#4854=AXIS2_PLACEMENT_3D('',#7052,#5622,#5623);
#4855=AXIS2_PLACEMENT_3D('',#7053,#5624,#5625);
#4856=AXIS2_PLACEMENT_3D('',#7056,#5627,#5628);
#4857=AXIS2_PLACEMENT_3D('',#7062,#5633,#5634);
#4858=AXIS2_PLACEMENT_3D('',#7065,#5636,#5637);
#4859=AXIS2_PLACEMENT_3D('',#7066,#5638,#5639);
#4860=AXIS2_PLACEMENT_3D('',#7078,#5647,#5648);
#4861=AXIS2_PLACEMENT_3D('',#7079,#5649,#5650);
#4862=AXIS2_PLACEMENT_3D('',#7080,#5651,#5652);
#4863=AXIS2_PLACEMENT_3D('',#7084,#5654,#5655);
#4864=AXIS2_PLACEMENT_3D('',#7088,#5657,#5658);
#4865=AXIS2_PLACEMENT_3D('',#7092,#5660,#5661);
#4866=AXIS2_PLACEMENT_3D('',#7096,#5663,#5664);
#4867=AXIS2_PLACEMENT_3D('',#7100,#5666,#5667);
#4868=AXIS2_PLACEMENT_3D('',#7104,#5669,#5670);
#4869=AXIS2_PLACEMENT_3D('',#7108,#5672,#5673);
#4870=AXIS2_PLACEMENT_3D('',#7112,#5675,#5676);
#4871=AXIS2_PLACEMENT_3D('',#7116,#5678,#5679);
#4872=AXIS2_PLACEMENT_3D('',#7120,#5681,#5682);
#4873=AXIS2_PLACEMENT_3D('',#7124,#5684,#5685);
#4874=AXIS2_PLACEMENT_3D('',#7128,#5687,#5688);
#4875=AXIS2_PLACEMENT_3D('',#7132,#5690,#5691);
#4876=AXIS2_PLACEMENT_3D('',#7136,#5693,#5694);
#4877=AXIS2_PLACEMENT_3D('',#7140,#5696,#5697);
#4878=AXIS2_PLACEMENT_3D('',#7144,#5699,#5700);
#4879=AXIS2_PLACEMENT_3D('',#7148,#5702,#5703);
#4880=AXIS2_PLACEMENT_3D('',#7152,#5705,#5706);
#4881=AXIS2_PLACEMENT_3D('',#7156,#5708,#5709);
#4882=AXIS2_PLACEMENT_3D('',#7160,#5711,#5712);
#4883=AXIS2_PLACEMENT_3D('',#7161,#5713,#5714);
#4884=AXIS2_PLACEMENT_3D('',#7162,#5715,#5716);
#4885=AXIS2_PLACEMENT_3D('',#7163,#5717,#5718);
#4886=AXIS2_PLACEMENT_3D('',#7168,#5720,#5721);
#4887=AXIS2_PLACEMENT_3D('',#7172,#5723,#5724);
#4888=AXIS2_PLACEMENT_3D('',#7176,#5726,#5727);
#4889=AXIS2_PLACEMENT_3D('',#7179,#5729,#5730);
#4890=AXIS2_PLACEMENT_3D('',#7180,#5731,#5732);
#4891=AXIS2_PLACEMENT_3D('',#7185,#5734,#5735);
#4892=AXIS2_PLACEMENT_3D('',#7189,#5737,#5738);
#4893=AXIS2_PLACEMENT_3D('',#7193,#5740,#5741);
#4894=AXIS2_PLACEMENT_3D('',#7196,#5743,#5744);
#4895=AXIS2_PLACEMENT_3D('',#7197,#5745,#5746);
#4896=AXIS2_PLACEMENT_3D('',#7198,#5747,#5748);
#4897=AXIS2_PLACEMENT_3D('',#7203,#5750,#5751);
#4898=AXIS2_PLACEMENT_3D('',#7207,#5753,#5754);
#4899=AXIS2_PLACEMENT_3D('',#7211,#5756,#5757);
#4900=AXIS2_PLACEMENT_3D('',#7214,#5759,#5760);
#4901=AXIS2_PLACEMENT_3D('',#7215,#5761,#5762);
#4902=AXIS2_PLACEMENT_3D('',#7220,#5764,#5765);
#4903=AXIS2_PLACEMENT_3D('',#7224,#5767,#5768);
#4904=AXIS2_PLACEMENT_3D('',#7228,#5770,#5771);
#4905=AXIS2_PLACEMENT_3D('',#7231,#5773,#5774);
#4906=AXIS2_PLACEMENT_3D('',#7232,#5775,#5776);
#4907=AXIS2_PLACEMENT_3D('',#7233,#5777,#5778);
#4908=AXIS2_PLACEMENT_3D('',#7234,#5779,#5780);
#4909=AXIS2_PLACEMENT_3D('',#7239,#5782,#5783);
#4910=AXIS2_PLACEMENT_3D('',#7243,#5785,#5786);
#4911=AXIS2_PLACEMENT_3D('',#7247,#5788,#5789);
#4912=AXIS2_PLACEMENT_3D('',#7250,#5791,#5792);
#4913=AXIS2_PLACEMENT_3D('',#7251,#5793,#5794);
#4914=AXIS2_PLACEMENT_3D('',#7252,#5795,#5796);
#4915=AXIS2_PLACEMENT_3D('',#7253,#5797,#5798);
#4916=AXIS2_PLACEMENT_3D('',#7254,#5799,#5800);
#4917=AXIS2_PLACEMENT_3D('',#7255,#5801,#5802);
#4918=AXIS2_PLACEMENT_3D('',#7256,#5803,#5804);
#4919=AXIS2_PLACEMENT_3D('',#7257,#5805,#5806);
#4920=AXIS2_PLACEMENT_3D('',#7258,#5807,#5808);
#4921=AXIS2_PLACEMENT_3D('',#7261,#5811,#5812);
#4922=AXIS2_PLACEMENT_3D('',#7263,#5814,#5815);
#4923=AXIS2_PLACEMENT_3D('',#7265,#5817,#5818);
#4924=AXIS2_PLACEMENT_3D('',#7267,#5820,#5821);
#4925=AXIS2_PLACEMENT_3D('',#7269,#5823,#5824);
#4926=AXIS2_PLACEMENT_3D('',#7271,#5826,#5827);
#4927=AXIS2_PLACEMENT_3D('',#7273,#5829,#5830);
#4928=AXIS2_PLACEMENT_3D('',#7274,#5831,#5832);
#4929=AXIS2_PLACEMENT_3D('',#7277,#5835,#5836);
#4930=AXIS2_PLACEMENT_3D('',#7279,#5838,#5839);
#4931=AXIS2_PLACEMENT_3D('',#7281,#5841,#5842);
#4932=AXIS2_PLACEMENT_3D('',#7283,#5844,#5845);
#4933=AXIS2_PLACEMENT_3D('',#7285,#5847,#5848);
#4934=AXIS2_PLACEMENT_3D('',#7287,#5850,#5851);
#4935=AXIS2_PLACEMENT_3D('',#7289,#5853,#5854);
#4936=AXIS2_PLACEMENT_3D('',#7290,#5855,#5856);
#4937=AXIS2_PLACEMENT_3D('',#7293,#5859,#5860);
#4938=AXIS2_PLACEMENT_3D('',#7295,#5862,#5863);
#4939=AXIS2_PLACEMENT_3D('',#7297,#5865,#5866);
#4940=AXIS2_PLACEMENT_3D('',#7299,#5868,#5869);
#4941=AXIS2_PLACEMENT_3D('',#7301,#5871,#5872);
#4942=AXIS2_PLACEMENT_3D('',#7303,#5874,#5875);
#4943=AXIS2_PLACEMENT_3D('',#7305,#5877,#5878);
#4944=AXIS2_PLACEMENT_3D('',#7306,#5879,#5880);
#4945=AXIS2_PLACEMENT_3D('',#7309,#5883,#5884);
#4946=AXIS2_PLACEMENT_3D('',#7311,#5886,#5887);
#4947=AXIS2_PLACEMENT_3D('',#7313,#5889,#5890);
#4948=AXIS2_PLACEMENT_3D('',#7315,#5892,#5893);
#4949=AXIS2_PLACEMENT_3D('',#7317,#5895,#5896);
#4950=AXIS2_PLACEMENT_3D('',#7319,#5898,#5899);
#4951=AXIS2_PLACEMENT_3D('',#7321,#5901,#5902);
#4952=AXIS2_PLACEMENT_3D('',#7322,#5903,#5904);
#4953=AXIS2_PLACEMENT_3D('',#7325,#5907,#5908);
#4954=AXIS2_PLACEMENT_3D('',#7327,#5910,#5911);
#4955=AXIS2_PLACEMENT_3D('',#7329,#5913,#5914);
#4956=AXIS2_PLACEMENT_3D('',#7331,#5916,#5917);
#4957=AXIS2_PLACEMENT_3D('',#7333,#5919,#5920);
#4958=AXIS2_PLACEMENT_3D('',#7335,#5922,#5923);
#4959=AXIS2_PLACEMENT_3D('',#7337,#5925,#5926);
#4960=AXIS2_PLACEMENT_3D('',#7338,#5927,#5928);
#4961=AXIS2_PLACEMENT_3D('',#7339,#5929,#5930);
#4962=AXIS2_PLACEMENT_3D('',#7340,#5931,#5932);
#4963=AXIS2_PLACEMENT_3D('',#7345,#5934,#5935);
#4964=AXIS2_PLACEMENT_3D('',#7349,#5937,#5938);
#4965=AXIS2_PLACEMENT_3D('',#7353,#5940,#5941);
#4966=AXIS2_PLACEMENT_3D('',#7364,#5947,#5948);
#4967=AXIS2_PLACEMENT_3D('',#7365,#5949,#5950);
#4968=AXIS2_PLACEMENT_3D('',#7369,#5952,#5953);
#4969=AXIS2_PLACEMENT_3D('',#7373,#5955,#5956);
#4970=AXIS2_PLACEMENT_3D('',#7377,#5958,#5959);
#4971=AXIS2_PLACEMENT_3D('',#7382,#5962,#5963);
#4972=AXIS2_PLACEMENT_3D('',#7386,#5965,#5966);
#4973=AXIS2_PLACEMENT_3D('',#7390,#5968,#5969);
#4974=AXIS2_PLACEMENT_3D('',#7394,#5971,#5972);
#4975=AXIS2_PLACEMENT_3D('',#7399,#5975,#5976);
#4976=AXIS2_PLACEMENT_3D('',#7401,#5977,#5978);
#4977=AXIS2_PLACEMENT_3D('',#7403,#5979,#5980);
#4978=AXIS2_PLACEMENT_3D('',#7405,#5981,#5982);
#4979=AXIS2_PLACEMENT_3D('',#7407,#5983,#5984);
#4980=AXIS2_PLACEMENT_3D('',#7408,#5985,#5986);
#4981=AXIS2_PLACEMENT_3D('',#7411,#5988,#5989);
#4982=AXIS2_PLACEMENT_3D('',#7412,#5990,#5991);
#4983=AXIS2_PLACEMENT_3D('',#7416,#5993,#5994);
#4984=AXIS2_PLACEMENT_3D('',#7420,#5996,#5997);
#4985=AXIS2_PLACEMENT_3D('',#7423,#5999,#6000);
#4986=AXIS2_PLACEMENT_3D('',#7425,#6002,#6003);
#4987=AXIS2_PLACEMENT_3D('',#7426,#6004,#6005);
#4988=AXIS2_PLACEMENT_3D('',#7429,#6007,#6008);
#4989=AXIS2_PLACEMENT_3D('',#7433,#6011,#6012);
#4990=AXIS2_PLACEMENT_3D('',#7436,#6014,#6015);
#4991=AXIS2_PLACEMENT_3D('',#7437,#6016,#6017);
#4992=AXIS2_PLACEMENT_3D('',#7441,#6020,#6021);
#4993=AXIS2_PLACEMENT_3D('',#7444,#6023,#6024);
#4994=AXIS2_PLACEMENT_3D('',#7445,#6025,#6026);
#4995=AXIS2_PLACEMENT_3D('',#7449,#6029,#6030);
#4996=AXIS2_PLACEMENT_3D('',#7450,#6031,#6032);
#4997=AXIS2_PLACEMENT_3D('',#7451,#6033,#6034);
#4998=AXIS2_PLACEMENT_3D('',#7453,#6036,#6037);
#4999=AXIS2_PLACEMENT_3D('',#7459,#6041,#6042);
#5000=AXIS2_PLACEMENT_3D('',#7461,#6044,#6045);
#5001=AXIS2_PLACEMENT_3D('',#7464,#6047,#6048);
#5002=AXIS2_PLACEMENT_3D('',#7465,#6049,#6050);
#5003=AXIS2_PLACEMENT_3D('',#7467,#6052,#6053);
#5004=AXIS2_PLACEMENT_3D('',#7471,#6056,#6057);
#5005=AXIS2_PLACEMENT_3D('',#7473,#6059,#6060);
#5006=AXIS2_PLACEMENT_3D('',#7474,#6061,#6062);
#5007=AXIS2_PLACEMENT_3D('',#7477,#6064,#6065);
#5008=AXIS2_PLACEMENT_3D('',#7486,#6070,#6071);
#5009=AXIS2_PLACEMENT_3D('',#7490,#6074,#6075);
#5010=AXIS2_PLACEMENT_3D('',#7491,#6076,#6077);
#5011=AXIS2_PLACEMENT_3D('',#7494,#6079,#6080);
#5012=AXIS2_PLACEMENT_3D('',#7498,#6083,#6084);
#5013=AXIS2_PLACEMENT_3D('',#7499,#6085,#6086);
#5014=AXIS2_PLACEMENT_3D('',#7500,#6087,#6088);
#5015=AXIS2_PLACEMENT_3D('',#7501,#6089,#6090);
#5016=AXIS2_PLACEMENT_3D('',#7504,#6092,#6093);
#5017=AXIS2_PLACEMENT_3D('',#7505,#6094,#6095);
#5018=AXIS2_PLACEMENT_3D('',#7508,#6097,#6098);
#5019=AXIS2_PLACEMENT_3D('',#7509,#6099,#6100);
#5020=AXIS2_PLACEMENT_3D('',#7512,#6102,#6103);
#5021=AXIS2_PLACEMENT_3D('',#7513,#6104,#6105);
#5022=AXIS2_PLACEMENT_3D('',#7516,#6107,#6108);
#5023=AXIS2_PLACEMENT_3D('',#7517,#6109,#6110);
#5024=AXIS2_PLACEMENT_3D('',#7519,#6111,#6112);
#5025=AXIS2_PLACEMENT_3D('',#7521,#6113,#6114);
#5026=AXIS2_PLACEMENT_3D('',#7522,#6115,#6116);
#5027=AXIS2_PLACEMENT_3D('',#7526,#6118,#6119);
#5028=AXIS2_PLACEMENT_3D('',#7527,#6120,#6121);
#5029=AXIS2_PLACEMENT_3D('',#7528,#6122,#6123);
#5030=AXIS2_PLACEMENT_3D('',#7531,#6125,#6126);
#5031=AXIS2_PLACEMENT_3D('',#7532,#6127,#6128);
#5032=AXIS2_PLACEMENT_3D('',#7535,#6130,#6131);
#5033=AXIS2_PLACEMENT_3D('',#7537,#6133,#6134);
#5034=AXIS2_PLACEMENT_3D('',#7538,#6135,#6136);
#5035=AXIS2_PLACEMENT_3D('',#7539,#6137,#6138);
#5036=AXIS2_PLACEMENT_3D('',#7540,#6139,#6140);
#5037=AXIS2_PLACEMENT_3D('',#7541,#6141,#6142);
#5038=AXIS2_PLACEMENT_3D('',#7544,#6144,#6145);
#5039=AXIS2_PLACEMENT_3D('',#7545,#6146,#6147);
#5040=AXIS2_PLACEMENT_3D('',#7548,#6149,#6150);
#5041=AXIS2_PLACEMENT_3D('',#7549,#6151,#6152);
#5042=AXIS2_PLACEMENT_3D('',#7550,#6153,#6154);
#5043=AXIS2_PLACEMENT_3D('',#7551,#6155,#6156);
#5044=AXIS2_PLACEMENT_3D('',#7553,#6157,#6158);
#5045=AXIS2_PLACEMENT_3D('',#7554,#6159,#6160);
#5046=AXIS2_PLACEMENT_3D('',#7556,#6161,#6162);
#5047=AXIS2_PLACEMENT_3D('',#7557,#6163,#6164);
#5048=AXIS2_PLACEMENT_3D('',#7560,#6166,#6167);
#5049=AXIS2_PLACEMENT_3D('',#7561,#6168,#6169);
#5050=AXIS2_PLACEMENT_3D('',#7564,#6171,#6172);
#5051=AXIS2_PLACEMENT_3D('',#7565,#6173,#6174);
#5052=AXIS2_PLACEMENT_3D('',#7566,#6175,#6176);
#5053=AXIS2_PLACEMENT_3D('',#7567,#6177,#6178);
#5054=AXIS2_PLACEMENT_3D('',#7576,#6183,#6184);
#5055=AXIS2_PLACEMENT_3D('',#7577,#6185,#6186);
#5056=AXIS2_PLACEMENT_3D('',#7581,#6188,#6189);
#5057=AXIS2_PLACEMENT_3D('',#7585,#6191,#6192);
#5058=AXIS2_PLACEMENT_3D('',#7589,#6194,#6195);
#5059=AXIS2_PLACEMENT_3D('',#7590,#6196,#6197);
#5060=AXIS2_PLACEMENT_3D('',#7596,#6201,#6202);
#5061=AXIS2_PLACEMENT_3D('',#7599,#6204,#6205);
#5062=AXIS2_PLACEMENT_3D('',#7600,#6206,#6207);
#5063=AXIS2_PLACEMENT_3D('',#7601,#6208,#6209);
#5064=AXIS2_PLACEMENT_3D('',#7604,#6211,#6212);
#5065=AXIS2_PLACEMENT_3D('',#7608,#6215,#6216);
#5066=AXIS2_PLACEMENT_3D('',#7612,#6219,#6220);
#5067=AXIS2_PLACEMENT_3D('',#7613,#6221,#6222);
#5068=AXIS2_PLACEMENT_3D('',#7614,#6223,#6224);
#5069=AXIS2_PLACEMENT_3D('',#7615,#6225,#6226);
#5070=AXIS2_PLACEMENT_3D('',#7616,#6227,#6228);
#5071=AXIS2_PLACEMENT_3D('',#7617,#6229,#6230);
#5072=AXIS2_PLACEMENT_3D('',#7618,#6231,#6232);
#5073=AXIS2_PLACEMENT_3D('',#7627,#6237,#6238);
#5074=AXIS2_PLACEMENT_3D('',#7628,#6239,#6240);
#5075=AXIS2_PLACEMENT_3D('',#7632,#6242,#6243);
#5076=AXIS2_PLACEMENT_3D('',#7636,#6245,#6246);
#5077=AXIS2_PLACEMENT_3D('',#7640,#6248,#6249);
#5078=AXIS2_PLACEMENT_3D('',#7641,#6250,#6251);
#5079=AXIS2_PLACEMENT_3D('',#7647,#6255,#6256);
#5080=AXIS2_PLACEMENT_3D('',#7650,#6258,#6259);
#5081=AXIS2_PLACEMENT_3D('',#7651,#6260,#6261);
#5082=AXIS2_PLACEMENT_3D('',#7652,#6262,#6263);
#5083=AXIS2_PLACEMENT_3D('',#7655,#6265,#6266);
#5084=AXIS2_PLACEMENT_3D('',#7659,#6269,#6270);
#5085=AXIS2_PLACEMENT_3D('',#7663,#6273,#6274);
#5086=AXIS2_PLACEMENT_3D('',#7664,#6275,#6276);
#5087=AXIS2_PLACEMENT_3D('',#7665,#6277,#6278);
#5088=AXIS2_PLACEMENT_3D('',#7666,#6279,#6280);
#5089=AXIS2_PLACEMENT_3D('',#7667,#6281,#6282);
#5090=AXIS2_PLACEMENT_3D('',#7668,#6283,#6284);
#5091=AXIS2_PLACEMENT_3D('',#7669,#6285,#6286);
#5092=AXIS2_PLACEMENT_3D('',#7670,#6287,#6288);
#5093=AXIS2_PLACEMENT_3D('',#7673,#6289,#6290);
#5094=AXIS2_PLACEMENT_3D('',#7675,#6291,#6292);
#5095=AXIS2_PLACEMENT_3D('',#7679,#6294,#6295);
#5096=AXIS2_PLACEMENT_3D('',#7681,#6296,#6297);
#5097=AXIS2_PLACEMENT_3D('',#7683,#6298,#6299);
#5098=AXIS2_PLACEMENT_3D('',#7686,#6301,#6302);
#5099=AXIS2_PLACEMENT_3D('',#7688,#6303,#6304);
#5100=AXIS2_PLACEMENT_3D('',#7690,#6305,#6306);
#5101=AXIS2_PLACEMENT_3D('',#7693,#6308,#6309);
#5102=AXIS2_PLACEMENT_3D('',#7696,#6311,#6312);
#5103=AXIS2_PLACEMENT_3D('',#7700,#6315,#6316);
#5104=AXIS2_PLACEMENT_3D('',#7703,#6318,#6319);
#5105=AXIS2_PLACEMENT_3D('',#7704,#6320,#6321);
#5106=AXIS2_PLACEMENT_3D('',#7707,#6323,#6324);
#5107=AXIS2_PLACEMENT_3D('',#7708,#6325,#6326);
#5108=AXIS2_PLACEMENT_3D('',#7711,#6328,#6329);
#5109=AXIS2_PLACEMENT_3D('',#7712,#6330,#6331);
#5110=AXIS2_PLACEMENT_3D('',#7716,#6334,#6335);
#5111=AXIS2_PLACEMENT_3D('',#7719,#6337,#6338);
#5112=AXIS2_PLACEMENT_3D('',#7720,#6339,#6340);
#5113=AXIS2_PLACEMENT_3D('',#7721,#6341,#6342);
#5114=AXIS2_PLACEMENT_3D('',#7722,#6343,#6344);
#5115=AXIS2_PLACEMENT_3D('',#7725,#6346,#6347);
#5116=AXIS2_PLACEMENT_3D('',#7726,#6348,#6349);
#5117=AXIS2_PLACEMENT_3D('',#7729,#6351,#6352);
#5118=AXIS2_PLACEMENT_3D('',#7730,#6353,#6354);
#5119=AXIS2_PLACEMENT_3D('',#7731,#6355,#6356);
#5120=AXIS2_PLACEMENT_3D('',#7732,#6357,#6358);
#5121=AXIS2_PLACEMENT_3D('',#7733,#6359,#6360);
#5122=AXIS2_PLACEMENT_3D('',#7734,#6361,#6362);
#5123=AXIS2_PLACEMENT_3D('',#7743,#6367,#6368);
#5124=AXIS2_PLACEMENT_3D('',#7744,#6369,#6370);
#5125=AXIS2_PLACEMENT_3D('',#7746,#6371,#6372);
#5126=AXIS2_PLACEMENT_3D('',#7750,#6374,#6375);
#5127=AXIS2_PLACEMENT_3D('',#7752,#6376,#6377);
#5128=AXIS2_PLACEMENT_3D('',#7756,#6379,#6380);
#5129=AXIS2_PLACEMENT_3D('',#7760,#6382,#6383);
#5130=AXIS2_PLACEMENT_3D('',#7764,#6385,#6386);
#5131=AXIS2_PLACEMENT_3D('',#7766,#6387,#6388);
#5132=AXIS2_PLACEMENT_3D('',#7770,#6390,#6391);
#5133=AXIS2_PLACEMENT_3D('',#7772,#6392,#6393);
#5134=AXIS2_PLACEMENT_3D('',#7776,#6395,#6396);
#5135=AXIS2_PLACEMENT_3D('',#7780,#6398,#6399);
#5136=AXIS2_PLACEMENT_3D('',#7781,#6400,#6401);
#5137=AXIS2_PLACEMENT_3D('',#7786,#6403,#6404);
#5138=AXIS2_PLACEMENT_3D('',#7790,#6406,#6407);
#5139=AXIS2_PLACEMENT_3D('',#7794,#6409,#6410);
#5140=AXIS2_PLACEMENT_3D('',#7797,#6412,#6413);
#5141=AXIS2_PLACEMENT_3D('',#7800,#6415,#6416);
#5142=AXIS2_PLACEMENT_3D('',#7803,#6418,#6419);
#5143=AXIS2_PLACEMENT_3D('',#7807,#6422,#6423);
#5144=AXIS2_PLACEMENT_3D('',#7808,#6424,#6425);
#5145=AXIS2_PLACEMENT_3D('',#7811,#6427,#6428);
#5146=AXIS2_PLACEMENT_3D('',#7815,#6431,#6432);
#5147=AXIS2_PLACEMENT_3D('',#7816,#6433,#6434);
#5148=AXIS2_PLACEMENT_3D('',#7819,#6436,#6437);
#5149=AXIS2_PLACEMENT_3D('',#7823,#6440,#6441);
#5150=AXIS2_PLACEMENT_3D('',#7824,#6442,#6443);
#5151=AXIS2_PLACEMENT_3D('',#7827,#6445,#6446);
#5152=AXIS2_PLACEMENT_3D('',#7829,#6448,#6449);
#5153=AXIS2_PLACEMENT_3D('',#7832,#6451,#6452);
#5154=AXIS2_PLACEMENT_3D('',#7835,#6454,#6455);
#5155=AXIS2_PLACEMENT_3D('',#7839,#6458,#6459);
#5156=AXIS2_PLACEMENT_3D('',#7840,#6460,#6461);
#5157=AXIS2_PLACEMENT_3D('',#7843,#6463,#6464);
#5158=AXIS2_PLACEMENT_3D('',#7844,#6465,#6466);
#5159=AXIS2_PLACEMENT_3D('',#7847,#6468,#6469);
#5160=AXIS2_PLACEMENT_3D('',#7851,#6472,#6473);
#5161=AXIS2_PLACEMENT_3D('',#7852,#6474,#6475);
#5162=AXIS2_PLACEMENT_3D('',#7855,#6477,#6478);
#5163=AXIS2_PLACEMENT_3D('',#7859,#6481,#6482);
#5164=AXIS2_PLACEMENT_3D('',#7860,#6483,#6484);
#5165=AXIS2_PLACEMENT_3D('',#7863,#6486,#6487);
#5166=AXIS2_PLACEMENT_3D('',#7867,#6490,#6491);
#5167=AXIS2_PLACEMENT_3D('',#7868,#6492,#6493);
#5168=AXIS2_PLACEMENT_3D('',#7871,#6495,#6496);
#5169=AXIS2_PLACEMENT_3D('',#7872,#6497,#6498);
#5170=AXIS2_PLACEMENT_3D('',#7875,#6500,#6501);
#5171=AXIS2_PLACEMENT_3D('',#7879,#6504,#6505);
#5172=AXIS2_PLACEMENT_3D('',#7880,#6506,#6507);
#5173=AXIS2_PLACEMENT_3D('',#7883,#6509,#6510);
#5174=AXIS2_PLACEMENT_3D('',#7884,#6511,#6512);
#5175=AXIS2_PLACEMENT_3D('',#7887,#6514,#6515);
#5176=AXIS2_PLACEMENT_3D('',#7891,#6518,#6519);
#5177=AXIS2_PLACEMENT_3D('',#7892,#6520,#6521);
#5178=AXIS2_PLACEMENT_3D('',#7895,#6523,#6524);
#5179=AXIS2_PLACEMENT_3D('',#7899,#6527,#6528);
#5180=AXIS2_PLACEMENT_3D('',#7900,#6529,#6530);
#5181=AXIS2_PLACEMENT_3D('',#7901,#6531,#6532);
#5182=AXIS2_PLACEMENT_3D('',#7902,#6533,#6534);
#5183=AXIS2_PLACEMENT_3D('',#7903,#6535,#6536);
#5184=AXIS2_PLACEMENT_3D('',#7904,#6537,#6538);
#5185=AXIS2_PLACEMENT_3D('',#7905,#6539,#6540);
#5186=AXIS2_PLACEMENT_3D('',#7914,#6545,#6546);
#5187=AXIS2_PLACEMENT_3D('',#7915,#6547,#6548);
#5188=AXIS2_PLACEMENT_3D('',#7919,#6550,#6551);
#5189=AXIS2_PLACEMENT_3D('',#7923,#6553,#6554);
#5190=AXIS2_PLACEMENT_3D('',#7927,#6556,#6557);
#5191=AXIS2_PLACEMENT_3D('',#7928,#6558,#6559);
#5192=AXIS2_PLACEMENT_3D('',#7934,#6563,#6564);
#5193=AXIS2_PLACEMENT_3D('',#7937,#6566,#6567);
#5194=AXIS2_PLACEMENT_3D('',#7938,#6568,#6569);
#5195=AXIS2_PLACEMENT_3D('',#7939,#6570,#6571);
#5196=AXIS2_PLACEMENT_3D('',#7942,#6573,#6574);
#5197=AXIS2_PLACEMENT_3D('',#7946,#6577,#6578);
#5198=AXIS2_PLACEMENT_3D('',#7950,#6581,#6582);
#5199=AXIS2_PLACEMENT_3D('',#7951,#6583,#6584);
#5200=AXIS2_PLACEMENT_3D('',#7952,#6585,#6586);
#5201=AXIS2_PLACEMENT_3D('',#7953,#6587,#6588);
#5202=AXIS2_PLACEMENT_3D('',#7954,#6589,#6590);
#5203=AXIS2_PLACEMENT_3D('',#7955,#6591,#6592);
#5204=AXIS2_PLACEMENT_3D('',#7956,#6593,#6594);
#5205=AXIS2_PLACEMENT_3D('',#7965,#6599,#6600);
#5206=AXIS2_PLACEMENT_3D('',#7966,#6601,#6602);
#5207=AXIS2_PLACEMENT_3D('',#7970,#6604,#6605);
#5208=AXIS2_PLACEMENT_3D('',#7974,#6607,#6608);
#5209=AXIS2_PLACEMENT_3D('',#7978,#6610,#6611);
#5210=AXIS2_PLACEMENT_3D('',#7979,#6612,#6613);
#5211=AXIS2_PLACEMENT_3D('',#7985,#6617,#6618);
#5212=AXIS2_PLACEMENT_3D('',#7988,#6620,#6621);
#5213=AXIS2_PLACEMENT_3D('',#7989,#6622,#6623);
#5214=AXIS2_PLACEMENT_3D('',#7990,#6624,#6625);
#5215=AXIS2_PLACEMENT_3D('',#7993,#6627,#6628);
#5216=AXIS2_PLACEMENT_3D('',#7997,#6631,#6632);
#5217=AXIS2_PLACEMENT_3D('',#8001,#6635,#6636);
#5218=AXIS2_PLACEMENT_3D('',#8002,#6637,#6638);
#5219=AXIS2_PLACEMENT_3D('',#8003,#6639,#6640);
#5220=AXIS2_PLACEMENT_3D('',#8004,#6641,#6642);
#5221=AXIS2_PLACEMENT_3D('',#8005,#6643,#6644);
#5222=AXIS2_PLACEMENT_3D('',#8006,#6645,#6646);
#5223=DIRECTION('',(0.,0.,1.));
#5224=DIRECTION('',(1.,0.,0.));
#5225=DIRECTION('',(1.,0.,0.));
#5226=DIRECTION('',(0.,0.,1.));
#5227=DIRECTION('',(0.,0.,1.));
#5228=DIRECTION('',(0.,1.,0.));
#5229=DIRECTION('',(0.,0.,1.));
#5230=DIRECTION('',(0.,-1.,0.));
#5231=DIRECTION('',(0.,0.,1.));
#5232=DIRECTION('',(1.,0.,0.));
#5233=DIRECTION('',(0.,0.,1.));
#5234=DIRECTION('',(1.,0.,0.));
#5235=DIRECTION('',(1.,0.,0.));
#5236=DIRECTION('',(0.,0.,1.));
#5237=DIRECTION('',(1.,0.,0.));
#5238=DIRECTION('',(0.,1.,0.));
#5239=DIRECTION('',(0.,0.,1.));
#5240=DIRECTION('',(1.,0.,0.));
#5241=DIRECTION('',(1.,0.,0.));
#5242=DIRECTION('',(0.,0.,1.));
#5243=DIRECTION('',(1.,0.,0.));
#5244=DIRECTION('',(0.,0.,-1.));
#5245=DIRECTION('',(-1.,0.,0.));
#5246=DIRECTION('',(0.,0.,1.));
#5247=DIRECTION('',(1.,0.,0.));
#5248=DIRECTION('',(0.,1.,0.));
#5249=DIRECTION('',(0.,0.,1.));
#5250=DIRECTION('',(1.,0.,0.));
#5251=DIRECTION('',(1.,0.,0.));
#5252=DIRECTION('',(0.,0.,1.));
#5253=DIRECTION('',(1.,0.,0.));
#5254=DIRECTION('',(0.,-1.,0.));
#5255=DIRECTION('',(0.,0.,1.));
#5256=DIRECTION('',(1.,0.,0.));
#5257=DIRECTION('',(1.,0.,0.));
#5258=DIRECTION('',(0.,0.,1.));
#5259=DIRECTION('',(1.,0.,0.));
#5260=DIRECTION('',(0.,1.,0.));
#5261=DIRECTION('',(0.,0.,1.));
#5262=DIRECTION('',(1.,0.,0.));
#5263=DIRECTION('',(1.,0.,0.));
#5264=DIRECTION('',(0.,0.,1.));
#5265=DIRECTION('',(1.,0.,0.));
#5266=DIRECTION('',(0.,-1.,0.));
#5267=DIRECTION('',(0.,0.,1.));
#5268=DIRECTION('',(1.,0.,0.));
#5269=DIRECTION('',(1.,0.,0.));
#5270=DIRECTION('',(0.,0.,-1.));
#5271=DIRECTION('',(-1.,0.,0.));
#5272=DIRECTION('',(0.,0.,1.));
#5273=DIRECTION('',(1.,0.,0.));
#5274=DIRECTION('',(0.,1.,0.));
#5275=DIRECTION('',(0.,0.,1.));
#5276=DIRECTION('',(1.,0.,0.));
#5277=DIRECTION('',(1.,0.,0.));
#5278=DIRECTION('',(0.,0.,1.));
#5279=DIRECTION('',(1.,0.,0.));
#5280=DIRECTION('',(0.,-1.,0.));
#5281=DIRECTION('',(0.,0.,1.));
#5282=DIRECTION('',(1.,0.,0.));
#5283=DIRECTION('',(1.,0.,0.));
#5284=DIRECTION('',(0.,0.,1.));
#5285=DIRECTION('',(1.,0.,0.));
#5286=DIRECTION('',(0.,1.,0.));
#5287=DIRECTION('',(0.,0.,1.));
#5288=DIRECTION('',(1.,0.,0.));
#5289=DIRECTION('',(1.,0.,0.));
#5290=DIRECTION('',(0.,0.,1.));
#5291=DIRECTION('',(1.,0.,0.));
#5292=DIRECTION('',(0.,-1.,0.));
#5293=DIRECTION('',(0.,0.,1.));
#5294=DIRECTION('',(1.,0.,0.));
#5295=DIRECTION('',(1.,0.,0.));
#5296=DIRECTION('',(0.,0.,-1.));
#5297=DIRECTION('',(-1.,0.,0.));
#5298=DIRECTION('',(0.,0.,-1.));
#5299=DIRECTION('',(-1.,0.,0.));
#5300=DIRECTION('',(0.,0.,1.));
#5301=DIRECTION('',(1.,0.,0.));
#5302=DIRECTION('',(0.,1.,0.));
#5303=DIRECTION('',(0.,0.,1.));
#5304=DIRECTION('',(1.,0.,0.));
#5305=DIRECTION('',(1.,0.,0.));
#5306=DIRECTION('',(0.,0.,1.));
#5307=DIRECTION('',(1.,0.,0.));
#5308=DIRECTION('',(0.,-1.,0.));
#5309=DIRECTION('',(0.,0.,1.));
#5310=DIRECTION('',(1.,0.,0.));
#5311=DIRECTION('',(1.,0.,0.));
#5312=DIRECTION('',(0.,0.,-1.));
#5313=DIRECTION('',(-1.,0.,0.));
#5314=DIRECTION('',(0.,0.,-1.));
#5315=DIRECTION('',(-1.,0.,0.));
#5316=DIRECTION('',(0.,0.,1.));
#5317=DIRECTION('',(-1.,0.,0.));
#5318=DIRECTION('',(0.,0.,1.));
#5319=DIRECTION('',(1.,0.,0.));
#5320=DIRECTION('',(0.,0.,1.));
#5321=DIRECTION('',(0.,0.,1.));
#5322=DIRECTION('',(-1.,0.,0.));
#5323=DIRECTION('',(0.,0.,1.));
#5324=DIRECTION('',(0.,0.,1.));
#5325=DIRECTION('',(1.,0.,0.));
#5326=DIRECTION('',(0.,0.,1.));
#5327=DIRECTION('',(1.,0.,0.));
#5328=DIRECTION('',(1.,0.,0.));
#5329=DIRECTION('',(0.,0.,1.));
#5330=DIRECTION('',(1.,0.,0.));
#5331=DIRECTION('',(0.,-1.,0.));
#5332=DIRECTION('',(0.,0.,1.));
#5333=DIRECTION('',(1.,0.,0.));
#5334=DIRECTION('',(1.,0.,0.));
#5335=DIRECTION('',(1.,0.,0.));
#5336=DIRECTION('',(0.,0.,1.));
#5337=DIRECTION('',(1.,0.,0.));
#5338=DIRECTION('',(0.,1.,0.));
#5339=DIRECTION('',(0.,0.,1.));
#5340=DIRECTION('',(1.,0.,0.));
#5341=DIRECTION('',(1.,0.,0.));
#5342=DIRECTION('',(0.,0.,1.));
#5343=DIRECTION('',(1.,0.,0.));
#5344=DIRECTION('',(0.,-1.,0.));
#5345=DIRECTION('',(0.,0.,1.));
#5346=DIRECTION('',(1.,0.,0.));
#5347=DIRECTION('',(0.,1.,0.));
#5348=DIRECTION('',(0.,0.,1.));
#5349=DIRECTION('',(0.,0.,1.));
#5350=DIRECTION('',(0.,1.,0.));
#5351=DIRECTION('',(0.,0.,1.));
#5352=DIRECTION('',(0.,0.,1.));
#5353=DIRECTION('',(0.,0.,1.));
#5354=DIRECTION('',(1.,0.,0.));
#5355=DIRECTION('',(0.,0.,1.));
#5356=DIRECTION('',(0.,0.,1.));
#5357=DIRECTION('',(1.,0.,0.));
#5358=DIRECTION('',(0.,0.,1.));
#5359=DIRECTION('',(1.,0.,0.));
#5360=DIRECTION('',(0.,0.,1.));
#5361=DIRECTION('',(0.,0.,-1.));
#5362=DIRECTION('',(1.,0.,0.));
#5363=DIRECTION('',(0.,0.,-1.));
#5364=DIRECTION('',(-1.,0.,0.));
#5365=DIRECTION('',(0.,0.,-1.));
#5366=DIRECTION('',(0.,0.,-1.));
#5367=DIRECTION('',(-1.,0.,0.));
#5368=DIRECTION('',(0.,0.,-1.));
#5369=DIRECTION('',(0.,0.,-1.));
#5370=DIRECTION('',(-1.,0.,0.));
#5371=DIRECTION('',(0.,0.,1.));
#5372=DIRECTION('',(0.,0.,1.));
#5373=DIRECTION('',(-1.,0.,0.));
#5374=DIRECTION('',(0.,0.,1.));
#5375=DIRECTION('',(0.,0.,1.));
#5376=DIRECTION('',(1.,0.,0.));
#5377=DIRECTION('',(0.,0.,1.));
#5378=DIRECTION('',(1.,0.,0.));
#5379=DIRECTION('',(0.,0.,1.));
#5380=DIRECTION('',(0.,-1.,0.));
#5381=DIRECTION('',(0.,0.,1.));
#5382=DIRECTION('',(0.,1.,0.));
#5383=DIRECTION('',(0.,0.,1.));
#5384=DIRECTION('',(1.,0.,0.));
#5385=DIRECTION('',(0.,0.,1.));
#5386=DIRECTION('',(0.,0.,1.));
#5387=DIRECTION('',(-1.,0.,0.));
#5388=DIRECTION('',(0.,0.,1.));
#5389=DIRECTION('',(1.,0.,0.));
#5390=DIRECTION('',(0.,0.,1.));
#5391=DIRECTION('',(0.,0.,1.));
#5392=DIRECTION('',(1.,0.,0.));
#5393=DIRECTION('',(0.,0.,1.));
#5394=DIRECTION('',(0.,0.,1.));
#5395=DIRECTION('',(1.,0.,0.));
#5396=DIRECTION('',(0.,1.,0.));
#5397=DIRECTION('',(0.,0.,1.));
#5398=DIRECTION('',(0.,0.,1.));
#5399=DIRECTION('',(1.,0.,0.));
#5400=DIRECTION('',(1.,0.,0.));
#5401=DIRECTION('',(0.,0.,1.));
#5402=DIRECTION('',(0.,0.,1.));
#5403=DIRECTION('',(0.,1.,0.));
#5404=DIRECTION('',(0.,0.,1.));
#5405=DIRECTION('',(1.,0.,0.));
#5406=DIRECTION('',(0.,0.,1.));
#5407=DIRECTION('',(1.,0.,0.));
#5408=DIRECTION('',(0.,0.,1.));
#5409=DIRECTION('',(-1.,0.,0.));
#5410=DIRECTION('',(0.,0.,1.));
#5411=DIRECTION('',(0.,0.,1.));
#5412=DIRECTION('',(1.,0.,0.));
#5413=DIRECTION('',(0.,0.,1.));
#5414=DIRECTION('',(1.,0.,0.));
#5415=DIRECTION('',(0.,0.,1.));
#5416=DIRECTION('',(0.,-1.,0.));
#5417=DIRECTION('',(0.,0.,1.));
#5418=DIRECTION('',(0.,1.,0.));
#5419=DIRECTION('',(0.,0.,1.));
#5420=DIRECTION('',(1.,0.,0.));
#5421=DIRECTION('',(0.,0.,1.));
#5422=DIRECTION('',(0.,0.,1.));
#5423=DIRECTION('',(-1.,0.,0.));
#5424=DIRECTION('',(0.,0.,1.));
#5425=DIRECTION('',(1.,0.,0.));
#5426=DIRECTION('',(0.,0.,1.));
#5427=DIRECTION('',(0.,0.,1.));
#5428=DIRECTION('',(1.,0.,0.));
#5429=DIRECTION('',(0.,0.,1.));
#5430=DIRECTION('',(0.,0.,1.));
#5431=DIRECTION('',(1.,0.,0.));
#5432=DIRECTION('',(0.,1.,0.));
#5433=DIRECTION('',(0.,0.,1.));
#5434=DIRECTION('',(0.,0.,1.));
#5435=DIRECTION('',(1.,0.,0.));
#5436=DIRECTION('',(1.,0.,0.));
#5437=DIRECTION('',(0.,0.,1.));
#5438=DIRECTION('',(0.,0.,1.));
#5439=DIRECTION('',(0.,1.,0.));
#5440=DIRECTION('',(0.,0.,1.));
#5441=DIRECTION('',(1.,0.,0.));
#5442=DIRECTION('',(0.,0.,1.));
#5443=DIRECTION('',(1.,0.,0.));
#5444=DIRECTION('',(0.,0.,-1.));
#5445=DIRECTION('',(1.,0.,0.));
#5446=DIRECTION('',(0.,0.,-1.));
#5447=DIRECTION('',(-1.,0.,0.));
#5448=DIRECTION('',(0.,0.,-1.));
#5449=DIRECTION('',(0.,0.,-1.));
#5450=DIRECTION('',(-1.,0.,0.));
#5451=DIRECTION('',(0.,0.,1.));
#5452=DIRECTION('',(0.,0.,-1.));
#5453=DIRECTION('',(-1.,0.,0.));
#5454=DIRECTION('',(0.,0.,-1.));
#5455=DIRECTION('',(0.,0.,1.));
#5456=DIRECTION('',(-1.,0.,0.));
#5457=DIRECTION('',(0.,0.,1.));
#5458=DIRECTION('',(0.,0.,1.));
#5459=DIRECTION('',(1.,0.,0.));
#5460=DIRECTION('',(0.,0.,1.));
#5461=DIRECTION('',(1.,0.,0.));
#5462=DIRECTION('',(0.,0.,1.));
#5463=DIRECTION('',(0.,-1.,0.));
#5464=DIRECTION('',(0.,0.,1.));
#5465=DIRECTION('',(0.,1.,0.));
#5466=DIRECTION('',(0.,0.,1.));
#5467=DIRECTION('',(1.,0.,0.));
#5468=DIRECTION('',(0.,0.,1.));
#5469=DIRECTION('',(0.,0.,1.));
#5470=DIRECTION('',(-1.,0.,0.));
#5471=DIRECTION('',(0.,0.,1.));
#5472=DIRECTION('',(1.,0.,0.));
#5473=DIRECTION('',(0.,0.,1.));
#5474=DIRECTION('',(0.,0.,1.));
#5475=DIRECTION('',(1.,0.,0.));
#5476=DIRECTION('',(0.,0.,1.));
#5477=DIRECTION('',(0.,0.,1.));
#5478=DIRECTION('',(1.,0.,0.));
#5479=DIRECTION('',(0.,1.,0.));
#5480=DIRECTION('',(0.,0.,1.));
#5481=DIRECTION('',(0.,0.,1.));
#5482=DIRECTION('',(1.,0.,0.));
#5483=DIRECTION('',(1.,0.,0.));
#5484=DIRECTION('',(0.,0.,1.));
#5485=DIRECTION('',(0.,0.,1.));
#5486=DIRECTION('',(0.,1.,0.));
#5487=DIRECTION('',(0.,0.,1.));
#5488=DIRECTION('',(1.,0.,0.));
#5489=DIRECTION('',(0.,0.,1.));
#5490=DIRECTION('',(1.,0.,0.));
#5491=DIRECTION('',(0.,0.,1.));
#5492=DIRECTION('',(-1.,0.,0.));
#5493=DIRECTION('',(0.,0.,1.));
#5494=DIRECTION('',(0.,0.,1.));
#5495=DIRECTION('',(1.,0.,0.));
#5496=DIRECTION('',(0.,0.,1.));
#5497=DIRECTION('',(1.,0.,0.));
#5498=DIRECTION('',(0.,0.,1.));
#5499=DIRECTION('',(0.,-1.,0.));
#5500=DIRECTION('',(0.,0.,1.));
#5501=DIRECTION('',(0.,1.,0.));
#5502=DIRECTION('',(0.,0.,1.));
#5503=DIRECTION('',(1.,0.,0.));
#5504=DIRECTION('',(0.,0.,1.));
#5505=DIRECTION('',(0.,0.,1.));
#5506=DIRECTION('',(-1.,0.,0.));
#5507=DIRECTION('',(0.,0.,1.));
#5508=DIRECTION('',(1.,0.,0.));
#5509=DIRECTION('',(0.,0.,1.));
#5510=DIRECTION('',(0.,0.,1.));
#5511=DIRECTION('',(1.,0.,0.));
#5512=DIRECTION('',(0.,0.,1.));
#5513=DIRECTION('',(0.,0.,1.));
#5514=DIRECTION('',(1.,0.,0.));
#5515=DIRECTION('',(0.,1.,0.));
#5516=DIRECTION('',(0.,0.,1.));
#5517=DIRECTION('',(0.,0.,1.));
#5518=DIRECTION('',(1.,0.,0.));
#5519=DIRECTION('',(1.,0.,0.));
#5520=DIRECTION('',(0.,0.,1.));
#5521=DIRECTION('',(0.,0.,1.));
#5522=DIRECTION('',(0.,1.,0.));
#5523=DIRECTION('',(0.,0.,1.));
#5524=DIRECTION('',(1.,0.,0.));
#5525=DIRECTION('',(0.,0.,1.));
#5526=DIRECTION('',(1.,0.,0.));
#5527=DIRECTION('',(0.,0.,-1.));
#5528=DIRECTION('',(1.,0.,0.));
#5529=DIRECTION('',(0.,0.,-1.));
#5530=DIRECTION('',(-1.,0.,0.));
#5531=DIRECTION('',(0.,0.,-1.));
#5532=DIRECTION('',(0.,0.,-1.));
#5533=DIRECTION('',(1.,0.,0.));
#5534=DIRECTION('',(0.,0.,-1.));
#5535=DIRECTION('',(-1.,0.,0.));
#5536=DIRECTION('',(0.,0.,-1.));
#5537=DIRECTION('',(0.,0.,-1.));
#5538=DIRECTION('',(-1.,0.,0.));
#5539=DIRECTION('',(0.,0.,-1.));
#5540=DIRECTION('',(0.,0.,-1.));
#5541=DIRECTION('',(-1.,0.,0.));
#5542=DIRECTION('',(0.,0.,1.));
#5543=DIRECTION('',(0.,0.,1.));
#5544=DIRECTION('',(-1.,0.,0.));
#5545=DIRECTION('',(0.,0.,1.));
#5546=DIRECTION('',(0.,0.,1.));
#5547=DIRECTION('',(1.,0.,0.));
#5548=DIRECTION('',(0.,0.,1.));
#5549=DIRECTION('',(1.,0.,0.));
#5550=DIRECTION('',(0.,0.,1.));
#5551=DIRECTION('',(0.,-1.,0.));
#5552=DIRECTION('',(0.,0.,1.));
#5553=DIRECTION('',(0.,1.,0.));
#5554=DIRECTION('',(0.,0.,1.));
#5555=DIRECTION('',(1.,0.,0.));
#5556=DIRECTION('',(0.,0.,1.));
#5557=DIRECTION('',(0.,0.,1.));
#5558=DIRECTION('',(-1.,0.,0.));
#5559=DIRECTION('',(0.,0.,1.));
#5560=DIRECTION('',(1.,0.,0.));
#5561=DIRECTION('',(0.,0.,1.));
#5562=DIRECTION('',(0.,0.,1.));
#5563=DIRECTION('',(1.,0.,0.));
#5564=DIRECTION('',(0.,0.,1.));
#5565=DIRECTION('',(0.,0.,1.));
#5566=DIRECTION('',(1.,0.,0.));
#5567=DIRECTION('',(0.,1.,0.));
#5568=DIRECTION('',(0.,0.,1.));
#5569=DIRECTION('',(0.,0.,1.));
#5570=DIRECTION('',(1.,0.,0.));
#5571=DIRECTION('',(1.,0.,0.));
#5572=DIRECTION('',(0.,0.,1.));
#5573=DIRECTION('',(0.,0.,1.));
#5574=DIRECTION('',(0.,1.,0.));
#5575=DIRECTION('',(0.,0.,1.));
#5576=DIRECTION('',(1.,0.,0.));
#5577=DIRECTION('',(0.,0.,1.));
#5578=DIRECTION('',(1.,0.,0.));
#5579=DIRECTION('',(0.,0.,-1.));
#5580=DIRECTION('',(1.,0.,0.));
#5581=DIRECTION('',(0.,0.,-1.));
#5582=DIRECTION('',(-1.,0.,0.));
#5583=DIRECTION('',(0.,0.,-1.));
#5584=DIRECTION('',(0.,0.,-1.));
#5585=DIRECTION('',(1.,0.,0.));
#5586=DIRECTION('',(0.,0.,-1.));
#5587=DIRECTION('',(-1.,0.,0.));
#5588=DIRECTION('',(0.,0.,-1.));
#5589=DIRECTION('',(0.,0.,-1.));
#5590=DIRECTION('',(-1.,0.,0.));
#5591=DIRECTION('',(0.,0.,1.));
#5592=DIRECTION('',(0.,0.,-1.));
#5593=DIRECTION('',(-1.,0.,0.));
#5594=DIRECTION('',(0.,0.,-1.));
#5595=DIRECTION('',(0.,0.,1.));
#5596=DIRECTION('',(-1.,0.,0.));
#5597=DIRECTION('',(0.,0.,1.));
#5598=DIRECTION('',(1.,0.,0.));
#5599=DIRECTION('',(0.,0.,1.));
#5600=DIRECTION('',(0.,0.,1.));
#5601=DIRECTION('',(0.,1.,0.));
#5602=DIRECTION('',(0.,0.,1.));
#5603=DIRECTION('',(1.,0.,0.));
#5604=DIRECTION('',(1.,0.,0.));
#5605=DIRECTION('',(1.,0.,0.));
#5606=DIRECTION('',(0.,0.,1.));
#5607=DIRECTION('',(0.,0.,1.));
#5608=DIRECTION('',(1.,0.,0.));
#5609=DIRECTION('',(0.,0.,1.));
#5610=DIRECTION('',(0.,0.,1.));
#5611=DIRECTION('',(1.,0.,0.));
#5612=DIRECTION('',(1.,0.,0.));
#5613=DIRECTION('',(0.,0.,1.));
#5614=DIRECTION('',(0.,0.,1.));
#5615=DIRECTION('',(0.,1.,0.));
#5616=DIRECTION('',(0.,0.,-1.));
#5617=DIRECTION('',(0.,-1.,0.));
#5618=DIRECTION('',(0.,1.,0.));
#5619=DIRECTION('',(0.,0.,1.));
#5620=DIRECTION('',(0.,1.,0.));
#5621=DIRECTION('',(0.,-1.,0.));
#5622=DIRECTION('',(0.,0.,1.));
#5623=DIRECTION('',(1.,0.,0.));
#5624=DIRECTION('',(0.,0.,1.));
#5625=DIRECTION('',(1.,0.,0.));
#5626=DIRECTION('',(0.,0.,1.));
#5627=DIRECTION('',(0.,1.,0.));
#5628=DIRECTION('',(0.,0.,1.));
#5629=DIRECTION('',(1.,0.,0.));
#5630=DIRECTION('',(1.,0.,0.));
#5631=DIRECTION('',(1.,0.,0.));
#5632=DIRECTION('',(0.,0.,1.));
#5633=DIRECTION('',(0.,0.,1.));
#5634=DIRECTION('',(-1.,0.,0.));
#5635=DIRECTION('',(0.,0.,1.));
#5636=DIRECTION('',(0.,0.,1.));
#5637=DIRECTION('',(1.,0.,0.));
#5638=DIRECTION('',(1.,0.,0.));
#5639=DIRECTION('',(0.,0.,1.));
#5640=DIRECTION('',(0.,1.,0.));
#5641=DIRECTION('',(0.,-1.,0.));
#5642=DIRECTION('',(0.,-1.,0.));
#5643=DIRECTION('',(0.,1.,0.));
#5644=DIRECTION('',(0.,0.,1.));
#5645=DIRECTION('',(0.,-1.,0.));
#5646=DIRECTION('',(0.,0.,-1.));
#5647=DIRECTION('',(0.,0.,1.));
#5648=DIRECTION('',(1.,0.,0.));
#5649=DIRECTION('',(0.,0.,-1.));
#5650=DIRECTION('',(-1.,0.,0.));
#5651=DIRECTION('',(0.,0.,-1.));
#5652=DIRECTION('',(-1.,0.,0.));
#5653=DIRECTION('',(1.,0.,0.));
#5654=DIRECTION('',(0.,0.,1.));
#5655=DIRECTION('',(1.,0.,0.));
#5656=DIRECTION('',(0.,1.,0.));
#5657=DIRECTION('',(0.,0.,1.));
#5658=DIRECTION('',(1.,0.,0.));
#5659=DIRECTION('',(1.,0.,0.));
#5660=DIRECTION('',(0.,0.,1.));
#5661=DIRECTION('',(1.,0.,0.));
#5662=DIRECTION('',(0.,-1.,0.));
#5663=DIRECTION('',(0.,0.,1.));
#5664=DIRECTION('',(1.,0.,0.));
#5665=DIRECTION('',(1.,0.,0.));
#5666=DIRECTION('',(0.,0.,1.));
#5667=DIRECTION('',(1.,0.,0.));
#5668=DIRECTION('',(0.,1.,0.));
#5669=DIRECTION('',(0.,0.,1.));
#5670=DIRECTION('',(1.,0.,0.));
#5671=DIRECTION('',(1.,0.,0.));
#5672=DIRECTION('',(0.,0.,1.));
#5673=DIRECTION('',(1.,0.,0.));
#5674=DIRECTION('',(0.,-1.,0.));
#5675=DIRECTION('',(0.,0.,1.));
#5676=DIRECTION('',(1.,0.,0.));
#5677=DIRECTION('',(1.,0.,0.));
#5678=DIRECTION('',(0.,0.,1.));
#5679=DIRECTION('',(1.,0.,0.));
#5680=DIRECTION('',(0.,1.,0.));
#5681=DIRECTION('',(0.,0.,1.));
#5682=DIRECTION('',(1.,0.,0.));
#5683=DIRECTION('',(1.,0.,0.));
#5684=DIRECTION('',(0.,0.,1.));
#5685=DIRECTION('',(1.,0.,0.));
#5686=DIRECTION('',(0.,-1.,0.));
#5687=DIRECTION('',(0.,0.,1.));
#5688=DIRECTION('',(1.,0.,0.));
#5689=DIRECTION('',(1.,0.,0.));
#5690=DIRECTION('',(0.,0.,1.));
#5691=DIRECTION('',(1.,0.,0.));
#5692=DIRECTION('',(0.,1.,0.));
#5693=DIRECTION('',(0.,0.,1.));
#5694=DIRECTION('',(1.,0.,0.));
#5695=DIRECTION('',(1.,0.,0.));
#5696=DIRECTION('',(0.,0.,1.));
#5697=DIRECTION('',(1.,0.,0.));
#5698=DIRECTION('',(0.,-1.,0.));
#5699=DIRECTION('',(0.,0.,1.));
#5700=DIRECTION('',(1.,0.,0.));
#5701=DIRECTION('',(1.,0.,0.));
#5702=DIRECTION('',(0.,0.,1.));
#5703=DIRECTION('',(1.,0.,0.));
#5704=DIRECTION('',(0.,1.,0.));
#5705=DIRECTION('',(0.,0.,1.));
#5706=DIRECTION('',(1.,0.,0.));
#5707=DIRECTION('',(1.,0.,0.));
#5708=DIRECTION('',(0.,0.,1.));
#5709=DIRECTION('',(1.,0.,0.));
#5710=DIRECTION('',(0.,-1.,0.));
#5711=DIRECTION('',(0.,0.,1.));
#5712=DIRECTION('',(1.,0.,0.));
#5713=DIRECTION('',(0.,0.,1.));
#5714=DIRECTION('',(1.,0.,0.));
#5715=DIRECTION('',(0.,0.,1.));
#5716=DIRECTION('',(1.,0.,0.));
#5717=DIRECTION('',(0.,0.,1.));
#5718=DIRECTION('',(1.,0.,0.));
#5719=DIRECTION('',(0.,-1.,0.));
#5720=DIRECTION('',(0.,0.,1.));
#5721=DIRECTION('',(1.,0.,0.));
#5722=DIRECTION('',(1.,0.,0.));
#5723=DIRECTION('',(0.,0.,1.));
#5724=DIRECTION('',(1.,0.,0.));
#5725=DIRECTION('',(0.,1.,0.));
#5726=DIRECTION('',(0.,0.,1.));
#5727=DIRECTION('',(1.,0.,0.));
#5728=DIRECTION('',(1.,0.,0.));
#5729=DIRECTION('',(0.,0.,1.));
#5730=DIRECTION('',(1.,0.,0.));
#5731=DIRECTION('',(0.,0.,1.));
#5732=DIRECTION('',(1.,0.,0.));
#5733=DIRECTION('',(0.,-1.,0.));
#5734=DIRECTION('',(0.,0.,1.));
#5735=DIRECTION('',(1.,0.,0.));
#5736=DIRECTION('',(1.,0.,0.));
#5737=DIRECTION('',(0.,0.,1.));
#5738=DIRECTION('',(1.,0.,0.));
#5739=DIRECTION('',(0.,1.,0.));
#5740=DIRECTION('',(0.,0.,1.));
#5741=DIRECTION('',(1.,0.,0.));
#5742=DIRECTION('',(1.,0.,0.));
#5743=DIRECTION('',(0.,0.,1.));
#5744=DIRECTION('',(1.,0.,0.));
#5745=DIRECTION('',(0.,0.,1.));
#5746=DIRECTION('',(1.,0.,0.));
#5747=DIRECTION('',(0.,0.,1.));
#5748=DIRECTION('',(1.,0.,0.));
#5749=DIRECTION('',(0.,-1.,0.));
#5750=DIRECTION('',(0.,0.,1.));
#5751=DIRECTION('',(1.,0.,0.));
#5752=DIRECTION('',(1.,0.,0.));
#5753=DIRECTION('',(0.,0.,1.));
#5754=DIRECTION('',(1.,0.,0.));
#5755=DIRECTION('',(0.,1.,0.));
#5756=DIRECTION('',(0.,0.,1.));
#5757=DIRECTION('',(1.,0.,0.));
#5758=DIRECTION('',(1.,0.,0.));
#5759=DIRECTION('',(0.,0.,1.));
#5760=DIRECTION('',(1.,0.,0.));
#5761=DIRECTION('',(0.,0.,1.));
#5762=DIRECTION('',(1.,0.,0.));
#5763=DIRECTION('',(0.,-1.,0.));
#5764=DIRECTION('',(0.,0.,1.));
#5765=DIRECTION('',(1.,0.,0.));
#5766=DIRECTION('',(1.,0.,0.));
#5767=DIRECTION('',(0.,0.,1.));
#5768=DIRECTION('',(1.,0.,0.));
#5769=DIRECTION('',(0.,1.,0.));
#5770=DIRECTION('',(0.,0.,1.));
#5771=DIRECTION('',(1.,0.,0.));
#5772=DIRECTION('',(1.,0.,0.));
#5773=DIRECTION('',(0.,0.,1.));
#5774=DIRECTION('',(1.,0.,0.));
#5775=DIRECTION('',(0.,0.,1.));
#5776=DIRECTION('',(1.,0.,0.));
#5777=DIRECTION('',(0.,0.,1.));
#5778=DIRECTION('',(1.,0.,0.));
#5779=DIRECTION('',(0.,0.,1.));
#5780=DIRECTION('',(1.,0.,0.));
#5781=DIRECTION('',(0.,-1.,0.));
#5782=DIRECTION('',(0.,0.,1.));
#5783=DIRECTION('',(1.,0.,0.));
#5784=DIRECTION('',(1.,0.,0.));
#5785=DIRECTION('',(0.,0.,1.));
#5786=DIRECTION('',(1.,0.,0.));
#5787=DIRECTION('',(0.,1.,0.));
#5788=DIRECTION('',(0.,0.,1.));
#5789=DIRECTION('',(1.,0.,0.));
#5790=DIRECTION('',(1.,0.,0.));
#5791=DIRECTION('',(0.,0.,1.));
#5792=DIRECTION('',(1.,0.,0.));
#5793=DIRECTION('',(0.,0.,1.));
#5794=DIRECTION('',(1.,0.,0.));
#5795=DIRECTION('',(0.,0.,-1.));
#5796=DIRECTION('',(1.,0.,0.));
#5797=DIRECTION('',(0.,0.,-1.));
#5798=DIRECTION('',(-1.,0.,0.));
#5799=DIRECTION('',(0.,0.,1.));
#5800=DIRECTION('',(1.,0.,0.));
#5801=DIRECTION('',(0.,0.,-1.));
#5802=DIRECTION('',(1.,0.,0.));
#5803=DIRECTION('',(0.,0.,-1.));
#5804=DIRECTION('',(-1.,0.,0.));
#5805=DIRECTION('',(0.,0.,1.));
#5806=DIRECTION('',(1.,0.,0.));
#5807=DIRECTION('',(0.,0.,1.));
#5808=DIRECTION('',(-1.,0.,0.));
#5809=DIRECTION('',(0.,0.,1.));
#5810=DIRECTION('',(0.,0.,1.));
#5811=DIRECTION('',(1.,0.,0.));
#5812=DIRECTION('',(0.,0.,1.));
#5813=DIRECTION('',(0.,0.,1.));
#5814=DIRECTION('',(0.,1.,0.));
#5815=DIRECTION('',(0.,0.,1.));
#5816=DIRECTION('',(0.,0.,1.));
#5817=DIRECTION('',(0.,0.,1.));
#5818=DIRECTION('',(-1.,0.,0.));
#5819=DIRECTION('',(0.,0.,1.));
#5820=DIRECTION('',(0.,0.,1.));
#5821=DIRECTION('',(1.,0.,0.));
#5822=DIRECTION('',(0.,0.,1.));
#5823=DIRECTION('',(0.,1.,0.));
#5824=DIRECTION('',(0.,0.,1.));
#5825=DIRECTION('',(0.,0.,1.));
#5826=DIRECTION('',(1.,0.,0.));
#5827=DIRECTION('',(0.,0.,1.));
#5828=DIRECTION('',(0.,0.,1.));
#5829=DIRECTION('',(0.,0.,1.));
#5830=DIRECTION('',(1.,0.,0.));
#5831=DIRECTION('',(0.,0.,1.));
#5832=DIRECTION('',(-1.,0.,0.));
#5833=DIRECTION('',(0.,0.,1.));
#5834=DIRECTION('',(0.,0.,1.));
#5835=DIRECTION('',(1.,0.,0.));
#5836=DIRECTION('',(0.,0.,1.));
#5837=DIRECTION('',(0.,0.,1.));
#5838=DIRECTION('',(0.,1.,0.));
#5839=DIRECTION('',(0.,0.,1.));
#5840=DIRECTION('',(0.,0.,1.));
#5841=DIRECTION('',(0.,0.,1.));
#5842=DIRECTION('',(-1.,0.,0.));
#5843=DIRECTION('',(0.,0.,1.));
#5844=DIRECTION('',(0.,0.,1.));
#5845=DIRECTION('',(1.,0.,0.));
#5846=DIRECTION('',(0.,0.,1.));
#5847=DIRECTION('',(0.,1.,0.));
#5848=DIRECTION('',(0.,0.,1.));
#5849=DIRECTION('',(0.,0.,1.));
#5850=DIRECTION('',(1.,0.,0.));
#5851=DIRECTION('',(0.,0.,1.));
#5852=DIRECTION('',(0.,0.,1.));
#5853=DIRECTION('',(0.,0.,1.));
#5854=DIRECTION('',(1.,0.,0.));
#5855=DIRECTION('',(0.,0.,1.));
#5856=DIRECTION('',(-1.,0.,0.));
#5857=DIRECTION('',(0.,0.,1.));
#5858=DIRECTION('',(0.,0.,1.));
#5859=DIRECTION('',(1.,0.,0.));
#5860=DIRECTION('',(0.,0.,1.));
#5861=DIRECTION('',(0.,0.,1.));
#5862=DIRECTION('',(0.,1.,0.));
#5863=DIRECTION('',(0.,0.,1.));
#5864=DIRECTION('',(0.,0.,1.));
#5865=DIRECTION('',(0.,0.,1.));
#5866=DIRECTION('',(-1.,0.,0.));
#5867=DIRECTION('',(0.,0.,1.));
#5868=DIRECTION('',(0.,0.,1.));
#5869=DIRECTION('',(1.,0.,0.));
#5870=DIRECTION('',(0.,0.,1.));
#5871=DIRECTION('',(0.,1.,0.));
#5872=DIRECTION('',(0.,0.,1.));
#5873=DIRECTION('',(0.,0.,1.));
#5874=DIRECTION('',(1.,0.,0.));
#5875=DIRECTION('',(0.,0.,1.));
#5876=DIRECTION('',(0.,0.,1.));
#5877=DIRECTION('',(0.,0.,1.));
#5878=DIRECTION('',(1.,0.,0.));
#5879=DIRECTION('',(0.,0.,1.));
#5880=DIRECTION('',(-1.,0.,0.));
#5881=DIRECTION('',(0.,0.,1.));
#5882=DIRECTION('',(0.,0.,1.));
#5883=DIRECTION('',(1.,0.,0.));
#5884=DIRECTION('',(0.,0.,1.));
#5885=DIRECTION('',(0.,0.,1.));
#5886=DIRECTION('',(0.,1.,0.));
#5887=DIRECTION('',(0.,0.,1.));
#5888=DIRECTION('',(0.,0.,1.));
#5889=DIRECTION('',(0.,0.,1.));
#5890=DIRECTION('',(-1.,0.,0.));
#5891=DIRECTION('',(0.,0.,1.));
#5892=DIRECTION('',(0.,0.,1.));
#5893=DIRECTION('',(1.,0.,0.));
#5894=DIRECTION('',(0.,0.,1.));
#5895=DIRECTION('',(0.,1.,0.));
#5896=DIRECTION('',(0.,0.,1.));
#5897=DIRECTION('',(0.,0.,1.));
#5898=DIRECTION('',(1.,0.,0.));
#5899=DIRECTION('',(0.,0.,1.));
#5900=DIRECTION('',(0.,0.,1.));
#5901=DIRECTION('',(0.,0.,1.));
#5902=DIRECTION('',(1.,0.,0.));
#5903=DIRECTION('',(0.,0.,1.));
#5904=DIRECTION('',(-1.,0.,0.));
#5905=DIRECTION('',(0.,0.,1.));
#5906=DIRECTION('',(0.,0.,1.));
#5907=DIRECTION('',(1.,0.,0.));
#5908=DIRECTION('',(0.,0.,1.));
#5909=DIRECTION('',(0.,0.,1.));
#5910=DIRECTION('',(0.,1.,0.));
#5911=DIRECTION('',(0.,0.,1.));
#5912=DIRECTION('',(0.,0.,1.));
#5913=DIRECTION('',(0.,0.,1.));
#5914=DIRECTION('',(-1.,0.,0.));
#5915=DIRECTION('',(0.,0.,1.));
#5916=DIRECTION('',(0.,0.,1.));
#5917=DIRECTION('',(1.,0.,0.));
#5918=DIRECTION('',(0.,0.,1.));
#5919=DIRECTION('',(0.,1.,0.));
#5920=DIRECTION('',(0.,0.,1.));
#5921=DIRECTION('',(0.,0.,1.));
#5922=DIRECTION('',(1.,0.,0.));
#5923=DIRECTION('',(0.,0.,1.));
#5924=DIRECTION('',(0.,0.,1.));
#5925=DIRECTION('',(0.,0.,1.));
#5926=DIRECTION('',(1.,0.,0.));
#5927=DIRECTION('',(0.,0.,1.));
#5928=DIRECTION('',(1.,0.,0.));
#5929=DIRECTION('',(1.,0.,0.));
#5930=DIRECTION('',(0.,0.,1.));
#5931=DIRECTION('',(1.,0.,0.));
#5932=DIRECTION('',(0.,0.,-1.));
#5933=DIRECTION('',(0.,0.,1.));
#5934=DIRECTION('',(1.,0.,0.));
#5935=DIRECTION('',(0.,0.,-1.));
#5936=DIRECTION('',(0.,1.,0.));
#5937=DIRECTION('',(1.,0.,0.));
#5938=DIRECTION('',(0.,0.,-1.));
#5939=DIRECTION('',(0.,0.,1.));
#5940=DIRECTION('',(1.,0.,0.));
#5941=DIRECTION('',(0.,0.,-1.));
#5942=DIRECTION('',(0.,-1.,0.));
#5943=DIRECTION('',(0.,0.,1.));
#5944=DIRECTION('',(0.,1.,0.));
#5945=DIRECTION('',(0.,0.,1.));
#5946=DIRECTION('',(0.,-1.,0.));
#5947=DIRECTION('',(0.,0.,1.));
#5948=DIRECTION('',(1.,0.,0.));
#5949=DIRECTION('',(0.,0.,1.));
#5950=DIRECTION('',(1.,0.,0.));
#5951=DIRECTION('',(1.,0.,0.));
#5952=DIRECTION('',(0.,0.,1.));
#5953=DIRECTION('',(1.,0.,0.));
#5954=DIRECTION('',(0.,1.,0.));
#5955=DIRECTION('',(0.,0.,1.));
#5956=DIRECTION('',(1.,0.,0.));
#5957=DIRECTION('',(1.,0.,0.));
#5958=DIRECTION('',(0.,0.,1.));
#5959=DIRECTION('',(1.,0.,0.));
#5960=DIRECTION('',(1.,0.,0.));
#5961=DIRECTION('',(0.,1.,0.));
#5962=DIRECTION('',(0.,0.,-1.));
#5963=DIRECTION('',(-1.,0.,0.));
#5964=DIRECTION('',(1.,0.,0.));
#5965=DIRECTION('',(0.,0.,-1.));
#5966=DIRECTION('',(-1.,0.,0.));
#5967=DIRECTION('',(0.,-1.,0.));
#5968=DIRECTION('',(0.,0.,-1.));
#5969=DIRECTION('',(-1.,0.,0.));
#5970=DIRECTION('',(1.,0.,0.));
#5971=DIRECTION('',(0.,0.,-1.));
#5972=DIRECTION('',(-1.,0.,0.));
#5973=DIRECTION('',(0.,1.,0.));
#5974=DIRECTION('',(1.,0.,0.));
#5975=DIRECTION('',(0.,0.,-1.));
#5976=DIRECTION('',(-1.,0.,0.));
#5977=DIRECTION('',(0.,0.,-1.));
#5978=DIRECTION('',(-1.,0.,0.));
#5979=DIRECTION('',(0.,0.,-1.));
#5980=DIRECTION('',(-1.,0.,0.));
#5981=DIRECTION('',(0.,0.,-1.));
#5982=DIRECTION('',(-1.,0.,0.));
#5983=DIRECTION('',(0.,0.,1.));
#5984=DIRECTION('',(-1.,0.,0.));
#5985=DIRECTION('',(0.,0.,1.));
#5986=DIRECTION('',(1.,0.,0.));
#5987=DIRECTION('',(0.,0.,1.));
#5988=DIRECTION('',(0.,0.,1.));
#5989=DIRECTION('',(1.,0.,0.));
#5990=DIRECTION('',(0.,0.,1.));
#5991=DIRECTION('',(1.,0.,0.));
#5992=DIRECTION('',(1.,0.,0.));
#5993=DIRECTION('',(0.,0.,1.));
#5994=DIRECTION('',(1.,0.,0.));
#5995=DIRECTION('',(0.,-1.,0.));
#5996=DIRECTION('',(0.,0.,1.));
#5997=DIRECTION('',(1.,0.,0.));
#5998=DIRECTION('',(1.,0.,0.));
#5999=DIRECTION('',(0.,0.,1.));
#6000=DIRECTION('',(-1.,0.,0.));
#6001=DIRECTION('',(0.,0.,1.));
#6002=DIRECTION('',(1.,0.,0.));
#6003=DIRECTION('',(0.,1.,0.));
#6004=DIRECTION('',(1.,0.,0.));
#6005=DIRECTION('',(0.,0.,-1.));
#6006=DIRECTION('',(1.,0.,0.));
#6007=DIRECTION('',(0.,1.,0.));
#6008=DIRECTION('',(0.,0.,1.));
#6009=DIRECTION('',(0.,0.,1.));
#6010=DIRECTION('',(1.,0.,0.));
#6011=DIRECTION('',(1.,0.,0.));
#6012=DIRECTION('',(0.,1.,0.));
#6013=DIRECTION('',(1.,0.,0.));
#6014=DIRECTION('',(1.,0.,0.));
#6015=DIRECTION('',(0.,0.,-1.));
#6016=DIRECTION('',(0.,0.,1.));
#6017=DIRECTION('',(1.,0.,0.));
#6018=DIRECTION('',(1.,0.,0.));
#6019=DIRECTION('',(0.,-1.,0.));
#6020=DIRECTION('',(1.,0.,0.));
#6021=DIRECTION('',(0.,-1.,0.));
#6022=DIRECTION('',(1.,0.,0.));
#6023=DIRECTION('',(1.,0.,0.));
#6024=DIRECTION('',(0.,0.,-1.));
#6025=DIRECTION('',(0.,1.,0.));
#6026=DIRECTION('',(0.,0.,1.));
#6027=DIRECTION('',(1.,0.,0.));
#6028=DIRECTION('',(0.,0.,1.));
#6029=DIRECTION('',(1.,0.,0.));
#6030=DIRECTION('',(0.,-1.,0.));
#6031=DIRECTION('',(1.,0.,0.));
#6032=DIRECTION('',(0.,0.,-1.));
#6033=DIRECTION('',(0.,1.,0.));
#6034=DIRECTION('',(0.,0.,1.));
#6035=DIRECTION('',(0.,0.,1.));
#6036=DIRECTION('',(1.,0.,0.));
#6037=DIRECTION('',(0.,0.,1.));
#6038=DIRECTION('',(0.,0.,1.));
#6039=DIRECTION('',(0.,-1.,0.));
#6040=DIRECTION('',(0.,0.,-1.));
#6041=DIRECTION('',(0.,0.,1.));
#6042=DIRECTION('',(1.,0.,0.));
#6043=DIRECTION('',(0.,0.,1.));
#6044=DIRECTION('',(0.,0.,-1.));
#6045=DIRECTION('',(1.,0.,0.));
#6046=DIRECTION('',(0.,0.,-1.));
#6047=DIRECTION('',(0.,0.,-1.));
#6048=DIRECTION('',(-1.,0.,0.));
#6049=DIRECTION('',(1.,0.,0.));
#6050=DIRECTION('',(0.,0.,1.));
#6051=DIRECTION('',(0.,0.,1.));
#6052=DIRECTION('',(0.,1.,0.));
#6053=DIRECTION('',(0.,0.,1.));
#6054=DIRECTION('',(1.,0.,0.));
#6055=DIRECTION('',(0.,0.,1.));
#6056=DIRECTION('',(0.,0.,1.));
#6057=DIRECTION('',(1.,0.,0.));
#6058=DIRECTION('',(0.,0.,1.));
#6059=DIRECTION('',(0.,0.,-1.));
#6060=DIRECTION('',(1.,0.,0.));
#6061=DIRECTION('',(0.,0.,-1.));
#6062=DIRECTION('',(-1.,0.,0.));
#6063=DIRECTION('',(0.,0.,-1.));
#6064=DIRECTION('',(0.,1.,0.));
#6065=DIRECTION('',(0.,0.,1.));
#6066=DIRECTION('',(0.,0.,1.));
#6067=DIRECTION('',(1.,0.,0.));
#6068=DIRECTION('',(0.,0.,1.));
#6069=DIRECTION('',(1.,0.,0.));
#6070=DIRECTION('',(1.,0.,0.));
#6071=DIRECTION('',(0.,0.,1.));
#6072=DIRECTION('',(0.,0.,1.));
#6073=DIRECTION('',(0.,1.,0.));
#6074=DIRECTION('',(0.,0.,-1.));
#6075=DIRECTION('',(1.,0.,0.));
#6076=DIRECTION('',(0.,0.,-1.));
#6077=DIRECTION('',(-1.,0.,0.));
#6078=DIRECTION('',(0.,0.,-1.));
#6079=DIRECTION('',(0.,1.,0.));
#6080=DIRECTION('',(0.,0.,1.));
#6081=DIRECTION('',(0.,0.,1.));
#6082=DIRECTION('',(1.,0.,0.));
#6083=DIRECTION('',(0.,0.,-1.));
#6084=DIRECTION('',(1.,0.,0.));
#6085=DIRECTION('',(0.,0.,-1.));
#6086=DIRECTION('',(-1.,0.,0.));
#6087=DIRECTION('',(0.,0.,-1.));
#6088=DIRECTION('',(1.,0.,0.));
#6089=DIRECTION('',(0.,0.,-1.));
#6090=DIRECTION('',(-1.,0.,0.));
#6091=DIRECTION('',(0.,0.,-1.));
#6092=DIRECTION('',(0.,0.,-1.));
#6093=DIRECTION('',(1.,0.,0.));
#6094=DIRECTION('',(0.,0.,-1.));
#6095=DIRECTION('',(-1.,0.,0.));
#6096=DIRECTION('',(0.,0.,-1.));
#6097=DIRECTION('',(0.,0.,-1.));
#6098=DIRECTION('',(1.,0.,0.));
#6099=DIRECTION('',(0.,0.,-1.));
#6100=DIRECTION('',(-1.,0.,0.));
#6101=DIRECTION('',(0.,0.,-1.));
#6102=DIRECTION('',(0.,0.,-1.));
#6103=DIRECTION('',(1.,0.,0.));
#6104=DIRECTION('',(0.,0.,-1.));
#6105=DIRECTION('',(-1.,0.,0.));
#6106=DIRECTION('',(0.,0.,-1.));
#6107=DIRECTION('',(0.,0.,1.));
#6108=DIRECTION('',(1.,0.,0.));
#6109=DIRECTION('',(0.,0.,-1.));
#6110=DIRECTION('',(-1.,0.,0.));
#6111=DIRECTION('',(0.,0.,-1.));
#6112=DIRECTION('',(-1.,0.,0.));
#6113=DIRECTION('',(0.,0.,1.));
#6114=DIRECTION('',(-1.,0.,0.));
#6115=DIRECTION('',(0.,0.,1.));
#6116=DIRECTION('',(1.,0.,0.));
#6117=DIRECTION('',(0.,0.,1.));
#6118=DIRECTION('',(0.,0.,1.));
#6119=DIRECTION('',(1.,0.,0.));
#6120=DIRECTION('',(0.,0.,1.));
#6121=DIRECTION('',(1.,0.,0.));
#6122=DIRECTION('',(0.,0.,1.));
#6123=DIRECTION('',(1.,0.,0.));
#6124=DIRECTION('',(1.,0.,0.));
#6125=DIRECTION('',(0.,0.,1.));
#6126=DIRECTION('',(1.,0.,0.));
#6127=DIRECTION('',(0.,0.,1.));
#6128=DIRECTION('',(1.,0.,0.));
#6129=DIRECTION('',(0.,0.,1.));
#6130=DIRECTION('',(0.,0.,1.));
#6131=DIRECTION('',(1.,0.,0.));
#6132=DIRECTION('',(1.,0.,0.));
#6133=DIRECTION('',(0.,0.,1.));
#6134=DIRECTION('',(1.,0.,0.));
#6135=DIRECTION('',(0.,0.,1.));
#6136=DIRECTION('',(1.,0.,0.));
#6137=DIRECTION('',(0.,0.,1.));
#6138=DIRECTION('',(1.,0.,0.));
#6139=DIRECTION('',(0.,0.,1.));
#6140=DIRECTION('',(1.,0.,0.));
#6141=DIRECTION('',(0.,0.,-1.));
#6142=DIRECTION('',(1.,0.,0.));
#6143=DIRECTION('',(0.,0.,-1.));
#6144=DIRECTION('',(0.,0.,-1.));
#6145=DIRECTION('',(-1.,0.,0.));
#6146=DIRECTION('',(0.,0.,-1.));
#6147=DIRECTION('',(1.,0.,0.));
#6148=DIRECTION('',(0.,0.,-1.));
#6149=DIRECTION('',(0.,0.,-1.));
#6150=DIRECTION('',(-1.,0.,0.));
#6151=DIRECTION('',(0.,1.,0.));
#6152=DIRECTION('',(0.,0.,1.));
#6153=DIRECTION('',(0.,0.,1.));
#6154=DIRECTION('',(1.,0.,0.));
#6155=DIRECTION('',(0.,0.,-1.));
#6156=DIRECTION('',(-1.,0.,0.));
#6157=DIRECTION('',(0.,0.,1.));
#6158=DIRECTION('',(1.,0.,0.));
#6159=DIRECTION('',(0.,0.,-1.));
#6160=DIRECTION('',(-1.,0.,0.));
#6161=DIRECTION('',(0.,0.,-1.));
#6162=DIRECTION('',(1.,0.,0.));
#6163=DIRECTION('',(0.,0.,-1.));
#6164=DIRECTION('',(-1.,0.,0.));
#6165=DIRECTION('',(0.,0.,-1.));
#6166=DIRECTION('',(0.,0.,-1.));
#6167=DIRECTION('',(1.,0.,0.));
#6168=DIRECTION('',(0.,0.,-1.));
#6169=DIRECTION('',(-1.,0.,0.));
#6170=DIRECTION('',(0.,0.,-1.));
#6171=DIRECTION('',(0.,0.,1.));
#6172=DIRECTION('',(1.,0.,0.));
#6173=DIRECTION('',(0.,0.,1.));
#6174=DIRECTION('',(1.,0.,0.));
#6175=DIRECTION('',(0.,0.,1.));
#6176=DIRECTION('',(1.,0.,0.));
#6177=DIRECTION('',(1.,0.,0.));
#6178=DIRECTION('',(0.,0.,1.));
#6179=DIRECTION('',(0.,0.,1.));
#6180=DIRECTION('',(0.,1.,0.));
#6181=DIRECTION('',(0.,0.,1.));
#6182=DIRECTION('',(0.,-1.,0.));
#6183=DIRECTION('',(0.,0.,1.));
#6184=DIRECTION('',(1.,0.,0.));
#6185=DIRECTION('',(0.,0.,1.));
#6186=DIRECTION('',(1.,0.,0.));
#6187=DIRECTION('',(1.,0.,0.));
#6188=DIRECTION('',(0.,0.,1.));
#6189=DIRECTION('',(1.,0.,0.));
#6190=DIRECTION('',(0.,-1.,0.));
#6191=DIRECTION('',(0.,0.,1.));
#6192=DIRECTION('',(1.,0.,0.));
#6193=DIRECTION('',(1.,0.,0.));
#6194=DIRECTION('',(0.,0.,1.));
#6195=DIRECTION('',(1.,0.,0.));
#6196=DIRECTION('',(1.,0.,0.));
#6197=DIRECTION('',(0.,0.,1.));
#6198=DIRECTION('',(0.,1.,0.));
#6199=DIRECTION('',(0.,0.,1.));
#6200=DIRECTION('',(0.,0.,1.));
#6201=DIRECTION('',(0.,0.,1.));
#6202=DIRECTION('',(1.,0.,0.));
#6203=DIRECTION('',(0.,0.,1.));
#6204=DIRECTION('',(0.,0.,1.));
#6205=DIRECTION('',(1.,0.,0.));
#6206=DIRECTION('',(0.,0.,1.));
#6207=DIRECTION('',(1.,0.,0.));
#6208=DIRECTION('',(0.,0.,1.));
#6209=DIRECTION('',(1.,0.,0.));
#6210=DIRECTION('',(0.,0.,1.));
#6211=DIRECTION('',(0.,1.,0.));
#6212=DIRECTION('',(0.,0.,1.));
#6213=DIRECTION('',(0.,0.,1.));
#6214=DIRECTION('',(1.,0.,0.));
#6215=DIRECTION('',(0.,1.,0.));
#6216=DIRECTION('',(0.,0.,1.));
#6217=DIRECTION('',(1.,0.,0.));
#6218=DIRECTION('',(0.,0.,1.));
#6219=DIRECTION('',(0.,0.,1.));
#6220=DIRECTION('',(-1.,0.,0.));
#6221=DIRECTION('',(0.,0.,1.));
#6222=DIRECTION('',(1.,0.,0.));
#6223=DIRECTION('',(0.,0.,1.));
#6224=DIRECTION('',(-1.,0.,0.));
#6225=DIRECTION('',(0.,0.,1.));
#6226=DIRECTION('',(1.,0.,0.));
#6227=DIRECTION('',(0.,0.,1.));
#6228=DIRECTION('',(1.,0.,0.));
#6229=DIRECTION('',(0.,0.,1.));
#6230=DIRECTION('',(1.,0.,0.));
#6231=DIRECTION('',(1.,0.,0.));
#6232=DIRECTION('',(0.,0.,1.));
#6233=DIRECTION('',(0.,0.,1.));
#6234=DIRECTION('',(0.,1.,0.));
#6235=DIRECTION('',(0.,0.,1.));
#6236=DIRECTION('',(0.,-1.,0.));
#6237=DIRECTION('',(0.,0.,1.));
#6238=DIRECTION('',(1.,0.,0.));
#6239=DIRECTION('',(0.,0.,1.));
#6240=DIRECTION('',(1.,0.,0.));
#6241=DIRECTION('',(1.,0.,0.));
#6242=DIRECTION('',(0.,0.,1.));
#6243=DIRECTION('',(1.,0.,0.));
#6244=DIRECTION('',(0.,-1.,0.));
#6245=DIRECTION('',(0.,0.,1.));
#6246=DIRECTION('',(1.,0.,0.));
#6247=DIRECTION('',(1.,0.,0.));
#6248=DIRECTION('',(0.,0.,1.));
#6249=DIRECTION('',(1.,0.,0.));
#6250=DIRECTION('',(1.,0.,0.));
#6251=DIRECTION('',(0.,0.,1.));
#6252=DIRECTION('',(0.,1.,0.));
#6253=DIRECTION('',(0.,0.,1.));
#6254=DIRECTION('',(0.,0.,1.));
#6255=DIRECTION('',(0.,0.,1.));
#6256=DIRECTION('',(1.,0.,0.));
#6257=DIRECTION('',(0.,0.,1.));
#6258=DIRECTION('',(0.,0.,1.));
#6259=DIRECTION('',(1.,0.,0.));
#6260=DIRECTION('',(0.,0.,1.));
#6261=DIRECTION('',(1.,0.,0.));
#6262=DIRECTION('',(0.,0.,1.));
#6263=DIRECTION('',(1.,0.,0.));
#6264=DIRECTION('',(0.,0.,1.));
#6265=DIRECTION('',(0.,1.,0.));
#6266=DIRECTION('',(0.,0.,1.));
#6267=DIRECTION('',(0.,0.,1.));
#6268=DIRECTION('',(1.,0.,0.));
#6269=DIRECTION('',(0.,1.,0.));
#6270=DIRECTION('',(0.,0.,1.));
#6271=DIRECTION('',(1.,0.,0.));
#6272=DIRECTION('',(0.,0.,1.));
#6273=DIRECTION('',(0.,0.,1.));
#6274=DIRECTION('',(-1.,0.,0.));
#6275=DIRECTION('',(0.,0.,1.));
#6276=DIRECTION('',(1.,0.,0.));
#6277=DIRECTION('',(0.,0.,1.));
#6278=DIRECTION('',(-1.,0.,0.));
#6279=DIRECTION('',(0.,0.,1.));
#6280=DIRECTION('',(1.,0.,0.));
#6281=DIRECTION('',(0.,0.,1.));
#6282=DIRECTION('',(1.,0.,0.));
#6283=DIRECTION('',(0.,0.,1.));
#6284=DIRECTION('',(1.,0.,0.));
#6285=DIRECTION('',(0.,0.,1.));
#6286=DIRECTION('',(1.,0.,0.));
#6287=DIRECTION('',(0.,0.,1.));
#6288=DIRECTION('',(1.,0.,0.));
#6289=DIRECTION('',(0.,0.,-1.));
#6290=DIRECTION('',(-1.,0.,0.));
#6291=DIRECTION('',(0.,0.,1.));
#6292=DIRECTION('',(1.,0.,0.));
#6293=DIRECTION('',(1.,0.,0.));
#6294=DIRECTION('',(0.,0.,1.));
#6295=DIRECTION('',(1.,0.,0.));
#6296=DIRECTION('',(0.,0.,-1.));
#6297=DIRECTION('',(-1.,0.,0.));
#6298=DIRECTION('',(0.,0.,1.));
#6299=DIRECTION('',(1.,0.,0.));
#6300=DIRECTION('',(1.,0.,0.));
#6301=DIRECTION('',(0.,0.,-1.));
#6302=DIRECTION('',(-1.,0.,0.));
#6303=DIRECTION('',(0.,0.,-1.));
#6304=DIRECTION('',(-1.,0.,0.));
#6305=DIRECTION('',(0.,0.,1.));
#6306=DIRECTION('',(-1.,0.,0.));
#6307=DIRECTION('',(0.,0.,1.));
#6308=DIRECTION('',(0.,0.,1.));
#6309=DIRECTION('',(1.,0.,0.));
#6310=DIRECTION('',(0.,0.,1.));
#6311=DIRECTION('',(0.,1.,0.));
#6312=DIRECTION('',(0.,0.,1.));
#6313=DIRECTION('',(1.,0.,0.));
#6314=DIRECTION('',(0.,0.,1.));
#6315=DIRECTION('',(0.,0.,1.));
#6316=DIRECTION('',(1.,0.,0.));
#6317=DIRECTION('',(0.,0.,-1.));
#6318=DIRECTION('',(0.,0.,1.));
#6319=DIRECTION('',(1.,0.,0.));
#6320=DIRECTION('',(0.,0.,-1.));
#6321=DIRECTION('',(1.,0.,0.));
#6322=DIRECTION('',(0.,0.,1.));
#6323=DIRECTION('',(0.,0.,-1.));
#6324=DIRECTION('',(-1.,0.,0.));
#6325=DIRECTION('',(0.,0.,1.));
#6326=DIRECTION('',(1.,0.,0.));
#6327=DIRECTION('',(0.,0.,1.));
#6328=DIRECTION('',(0.,0.,1.));
#6329=DIRECTION('',(1.,0.,0.));
#6330=DIRECTION('',(0.,1.,0.));
#6331=DIRECTION('',(0.,0.,1.));
#6332=DIRECTION('',(0.,0.,1.));
#6333=DIRECTION('',(1.,0.,0.));
#6334=DIRECTION('',(0.,0.,1.));
#6335=DIRECTION('',(-1.,0.,0.));
#6336=DIRECTION('',(0.,0.,-1.));
#6337=DIRECTION('',(0.,0.,1.));
#6338=DIRECTION('',(1.,0.,0.));
#6339=DIRECTION('',(0.,0.,-1.));
#6340=DIRECTION('',(1.,0.,0.));
#6341=DIRECTION('',(0.,0.,-1.));
#6342=DIRECTION('',(-1.,0.,0.));
#6343=DIRECTION('',(0.,0.,-1.));
#6344=DIRECTION('',(1.,0.,0.));
#6345=DIRECTION('',(0.,0.,-1.));
#6346=DIRECTION('',(0.,0.,-1.));
#6347=DIRECTION('',(-1.,0.,0.));
#6348=DIRECTION('',(0.,0.,-1.));
#6349=DIRECTION('',(1.,0.,0.));
#6350=DIRECTION('',(0.,0.,-1.));
#6351=DIRECTION('',(0.,0.,-1.));
#6352=DIRECTION('',(-1.,0.,0.));
#6353=DIRECTION('',(0.,0.,1.));
#6354=DIRECTION('',(1.,0.,0.));
#6355=DIRECTION('',(0.,0.,1.));
#6356=DIRECTION('',(1.,0.,0.));
#6357=DIRECTION('',(0.,0.,1.));
#6358=DIRECTION('',(1.,0.,0.));
#6359=DIRECTION('',(0.,0.,1.));
#6360=DIRECTION('',(1.,0.,0.));
#6361=DIRECTION('',(1.,0.,0.));
#6362=DIRECTION('',(0.,0.,1.));
#6363=DIRECTION('',(0.,0.,1.));
#6364=DIRECTION('',(0.,1.,0.));
#6365=DIRECTION('',(0.,0.,1.));
#6366=DIRECTION('',(0.,-1.,0.));
#6367=DIRECTION('',(0.,0.,1.));
#6368=DIRECTION('',(1.,0.,0.));
#6369=DIRECTION('',(0.,0.,1.));
#6370=DIRECTION('',(1.,0.,0.));
#6371=DIRECTION('',(0.,0.,1.));
#6372=DIRECTION('',(1.,0.,0.));
#6373=DIRECTION('',(0.,1.,0.));
#6374=DIRECTION('',(0.,0.,1.));
#6375=DIRECTION('',(1.,0.,0.));
#6376=DIRECTION('',(0.,0.,1.));
#6377=DIRECTION('',(1.,0.,0.));
#6378=DIRECTION('',(0.,1.,0.));
#6379=DIRECTION('',(0.,0.,1.));
#6380=DIRECTION('',(1.,0.,0.));
#6381=DIRECTION('',(1.,0.,0.));
#6382=DIRECTION('',(0.,0.,1.));
#6383=DIRECTION('',(1.,0.,0.));
#6384=DIRECTION('',(0.,-1.,0.));
#6385=DIRECTION('',(0.,0.,1.));
#6386=DIRECTION('',(1.,0.,0.));
#6387=DIRECTION('',(0.,0.,1.));
#6388=DIRECTION('',(1.,0.,0.));
#6389=DIRECTION('',(0.,-1.,0.));
#6390=DIRECTION('',(0.,0.,1.));
#6391=DIRECTION('',(1.,0.,0.));
#6392=DIRECTION('',(0.,0.,1.));
#6393=DIRECTION('',(1.,0.,0.));
#6394=DIRECTION('',(0.,-1.,0.));
#6395=DIRECTION('',(0.,0.,1.));
#6396=DIRECTION('',(1.,0.,0.));
#6397=DIRECTION('',(1.,0.,0.));
#6398=DIRECTION('',(0.,0.,1.));
#6399=DIRECTION('',(1.,0.,0.));
#6400=DIRECTION('',(0.,0.,1.));
#6401=DIRECTION('',(1.,0.,0.));
#6402=DIRECTION('',(0.,1.,0.));
#6403=DIRECTION('',(0.,0.,1.));
#6404=DIRECTION('',(1.,0.,0.));
#6405=DIRECTION('',(1.,0.,0.));
#6406=DIRECTION('',(0.,0.,1.));
#6407=DIRECTION('',(1.,0.,0.));
#6408=DIRECTION('',(0.,-1.,0.));
#6409=DIRECTION('',(0.,0.,1.));
#6410=DIRECTION('',(1.,0.,0.));
#6411=DIRECTION('',(1.,0.,0.));
#6412=DIRECTION('',(0.,0.,1.));
#6413=DIRECTION('',(-1.,0.,0.));
#6414=DIRECTION('',(0.,0.,1.));
#6415=DIRECTION('',(0.,0.,1.));
#6416=DIRECTION('',(1.,0.,0.));
#6417=DIRECTION('',(0.,0.,1.));
#6418=DIRECTION('',(1.,0.,0.));
#6419=DIRECTION('',(0.,0.,1.));
#6420=DIRECTION('',(0.,0.,1.));
#6421=DIRECTION('',(0.,-1.,0.));
#6422=DIRECTION('',(0.,0.,1.));
#6423=DIRECTION('',(-1.,0.,0.));
#6424=DIRECTION('',(0.,0.,1.));
#6425=DIRECTION('',(1.,0.,0.));
#6426=DIRECTION('',(0.,0.,1.));
#6427=DIRECTION('',(0.,1.,0.));
#6428=DIRECTION('',(0.,0.,1.));
#6429=DIRECTION('',(1.,0.,0.));
#6430=DIRECTION('',(0.,0.,1.));
#6431=DIRECTION('',(0.,0.,1.));
#6432=DIRECTION('',(1.,0.,0.));
#6433=DIRECTION('',(0.,0.,1.));
#6434=DIRECTION('',(1.,0.,0.));
#6435=DIRECTION('',(0.,0.,1.));
#6436=DIRECTION('',(1.,0.,0.));
#6437=DIRECTION('',(0.,0.,1.));
#6438=DIRECTION('',(0.,1.,0.));
#6439=DIRECTION('',(0.,0.,1.));
#6440=DIRECTION('',(0.,0.,1.));
#6441=DIRECTION('',(1.,0.,0.));
#6442=DIRECTION('',(0.,0.,1.));
#6443=DIRECTION('',(1.,0.,0.));
#6444=DIRECTION('',(0.,0.,1.));
#6445=DIRECTION('',(0.,1.,0.));
#6446=DIRECTION('',(0.,0.,1.));
#6447=DIRECTION('',(1.,0.,0.));
#6448=DIRECTION('',(0.,0.,1.));
#6449=DIRECTION('',(-1.,0.,0.));
#6450=DIRECTION('',(0.,0.,1.));
#6451=DIRECTION('',(0.,0.,1.));
#6452=DIRECTION('',(1.,0.,0.));
#6453=DIRECTION('',(0.,0.,1.));
#6454=DIRECTION('',(1.,0.,0.));
#6455=DIRECTION('',(0.,0.,1.));
#6456=DIRECTION('',(0.,0.,1.));
#6457=DIRECTION('',(0.,-1.,0.));
#6458=DIRECTION('',(0.,0.,1.));
#6459=DIRECTION('',(-1.,0.,0.));
#6460=DIRECTION('',(0.,0.,1.));
#6461=DIRECTION('',(1.,0.,0.));
#6462=DIRECTION('',(0.,0.,1.));
#6463=DIRECTION('',(0.,0.,1.));
#6464=DIRECTION('',(-1.,0.,0.));
#6465=DIRECTION('',(0.,0.,1.));
#6466=DIRECTION('',(1.,0.,0.));
#6467=DIRECTION('',(0.,0.,1.));
#6468=DIRECTION('',(1.,0.,0.));
#6469=DIRECTION('',(0.,0.,1.));
#6470=DIRECTION('',(0.,0.,1.));
#6471=DIRECTION('',(0.,-1.,0.));
#6472=DIRECTION('',(0.,0.,1.));
#6473=DIRECTION('',(-1.,0.,0.));
#6474=DIRECTION('',(0.,0.,1.));
#6475=DIRECTION('',(1.,0.,0.));
#6476=DIRECTION('',(0.,0.,1.));
#6477=DIRECTION('',(0.,1.,0.));
#6478=DIRECTION('',(0.,0.,1.));
#6479=DIRECTION('',(1.,0.,0.));
#6480=DIRECTION('',(0.,0.,1.));
#6481=DIRECTION('',(0.,0.,1.));
#6482=DIRECTION('',(1.,0.,0.));
#6483=DIRECTION('',(0.,0.,1.));
#6484=DIRECTION('',(1.,0.,0.));
#6485=DIRECTION('',(0.,0.,1.));
#6486=DIRECTION('',(1.,0.,0.));
#6487=DIRECTION('',(0.,0.,1.));
#6488=DIRECTION('',(0.,1.,0.));
#6489=DIRECTION('',(0.,0.,1.));
#6490=DIRECTION('',(0.,0.,1.));
#6491=DIRECTION('',(1.,0.,0.));
#6492=DIRECTION('',(0.,0.,1.));
#6493=DIRECTION('',(1.,0.,0.));
#6494=DIRECTION('',(0.,0.,1.));
#6495=DIRECTION('',(0.,0.,1.));
#6496=DIRECTION('',(1.,0.,0.));
#6497=DIRECTION('',(0.,0.,1.));
#6498=DIRECTION('',(1.,0.,0.));
#6499=DIRECTION('',(0.,0.,1.));
#6500=DIRECTION('',(1.,0.,0.));
#6501=DIRECTION('',(0.,0.,1.));
#6502=DIRECTION('',(0.,1.,0.));
#6503=DIRECTION('',(0.,0.,1.));
#6504=DIRECTION('',(0.,0.,1.));
#6505=DIRECTION('',(1.,0.,0.));
#6506=DIRECTION('',(0.,0.,1.));
#6507=DIRECTION('',(1.,0.,0.));
#6508=DIRECTION('',(0.,0.,1.));
#6509=DIRECTION('',(0.,0.,1.));
#6510=DIRECTION('',(1.,0.,0.));
#6511=DIRECTION('',(0.,0.,1.));
#6512=DIRECTION('',(1.,0.,0.));
#6513=DIRECTION('',(0.,0.,1.));
#6514=DIRECTION('',(1.,0.,0.));
#6515=DIRECTION('',(0.,0.,1.));
#6516=DIRECTION('',(0.,1.,0.));
#6517=DIRECTION('',(0.,0.,1.));
#6518=DIRECTION('',(0.,0.,1.));
#6519=DIRECTION('',(1.,0.,0.));
#6520=DIRECTION('',(0.,0.,1.));
#6521=DIRECTION('',(1.,0.,0.));
#6522=DIRECTION('',(0.,0.,1.));
#6523=DIRECTION('',(0.,1.,0.));
#6524=DIRECTION('',(0.,0.,1.));
#6525=DIRECTION('',(1.,0.,0.));
#6526=DIRECTION('',(0.,0.,1.));
#6527=DIRECTION('',(0.,0.,1.));
#6528=DIRECTION('',(-1.,0.,0.));
#6529=DIRECTION('',(0.,0.,1.));
#6530=DIRECTION('',(1.,0.,0.));
#6531=DIRECTION('',(0.,0.,1.));
#6532=DIRECTION('',(-1.,0.,0.));
#6533=DIRECTION('',(0.,0.,1.));
#6534=DIRECTION('',(1.,0.,0.));
#6535=DIRECTION('',(0.,0.,1.));
#6536=DIRECTION('',(1.,0.,0.));
#6537=DIRECTION('',(0.,0.,1.));
#6538=DIRECTION('',(1.,0.,0.));
#6539=DIRECTION('',(1.,0.,0.));
#6540=DIRECTION('',(0.,0.,1.));
#6541=DIRECTION('',(0.,0.,1.));
#6542=DIRECTION('',(0.,1.,0.));
#6543=DIRECTION('',(0.,0.,1.));
#6544=DIRECTION('',(0.,-1.,0.));
#6545=DIRECTION('',(0.,0.,1.));
#6546=DIRECTION('',(1.,0.,0.));
#6547=DIRECTION('',(0.,0.,1.));
#6548=DIRECTION('',(1.,0.,0.));
#6549=DIRECTION('',(1.,0.,0.));
#6550=DIRECTION('',(0.,0.,1.));
#6551=DIRECTION('',(1.,0.,0.));
#6552=DIRECTION('',(0.,-1.,0.));
#6553=DIRECTION('',(0.,0.,1.));
#6554=DIRECTION('',(1.,0.,0.));
#6555=DIRECTION('',(1.,0.,0.));
#6556=DIRECTION('',(0.,0.,1.));
#6557=DIRECTION('',(1.,0.,0.));
#6558=DIRECTION('',(1.,0.,0.));
#6559=DIRECTION('',(0.,0.,1.));
#6560=DIRECTION('',(0.,1.,0.));
#6561=DIRECTION('',(0.,0.,1.));
#6562=DIRECTION('',(0.,0.,1.));
#6563=DIRECTION('',(0.,0.,1.));
#6564=DIRECTION('',(1.,0.,0.));
#6565=DIRECTION('',(0.,0.,1.));
#6566=DIRECTION('',(0.,0.,1.));
#6567=DIRECTION('',(1.,0.,0.));
#6568=DIRECTION('',(0.,0.,1.));
#6569=DIRECTION('',(1.,0.,0.));
#6570=DIRECTION('',(0.,0.,1.));
#6571=DIRECTION('',(1.,0.,0.));
#6572=DIRECTION('',(0.,0.,1.));
#6573=DIRECTION('',(0.,1.,0.));
#6574=DIRECTION('',(0.,0.,1.));
#6575=DIRECTION('',(0.,0.,1.));
#6576=DIRECTION('',(1.,0.,0.));
#6577=DIRECTION('',(0.,1.,0.));
#6578=DIRECTION('',(0.,0.,1.));
#6579=DIRECTION('',(1.,0.,0.));
#6580=DIRECTION('',(0.,0.,1.));
#6581=DIRECTION('',(0.,0.,1.));
#6582=DIRECTION('',(-1.,0.,0.));
#6583=DIRECTION('',(0.,0.,1.));
#6584=DIRECTION('',(1.,0.,0.));
#6585=DIRECTION('',(0.,0.,1.));
#6586=DIRECTION('',(-1.,0.,0.));
#6587=DIRECTION('',(0.,0.,1.));
#6588=DIRECTION('',(1.,0.,0.));
#6589=DIRECTION('',(0.,0.,1.));
#6590=DIRECTION('',(1.,0.,0.));
#6591=DIRECTION('',(0.,0.,1.));
#6592=DIRECTION('',(1.,0.,0.));
#6593=DIRECTION('',(1.,0.,0.));
#6594=DIRECTION('',(0.,0.,1.));
#6595=DIRECTION('',(0.,0.,1.));
#6596=DIRECTION('',(0.,1.,0.));
#6597=DIRECTION('',(0.,0.,1.));
#6598=DIRECTION('',(0.,-1.,0.));
#6599=DIRECTION('',(0.,0.,1.));
#6600=DIRECTION('',(1.,0.,0.));
#6601=DIRECTION('',(0.,0.,1.));
#6602=DIRECTION('',(1.,0.,0.));
#6603=DIRECTION('',(1.,0.,0.));
#6604=DIRECTION('',(0.,0.,1.));
#6605=DIRECTION('',(1.,0.,0.));
#6606=DIRECTION('',(0.,-1.,0.));
#6607=DIRECTION('',(0.,0.,1.));
#6608=DIRECTION('',(1.,0.,0.));
#6609=DIRECTION('',(1.,0.,0.));
#6610=DIRECTION('',(0.,0.,1.));
#6611=DIRECTION('',(1.,0.,0.));
#6612=DIRECTION('',(1.,0.,0.));
#6613=DIRECTION('',(0.,0.,1.));
#6614=DIRECTION('',(0.,1.,0.));
#6615=DIRECTION('',(0.,0.,1.));
#6616=DIRECTION('',(0.,0.,1.));
#6617=DIRECTION('',(0.,0.,1.));
#6618=DIRECTION('',(1.,0.,0.));
#6619=DIRECTION('',(0.,0.,1.));
#6620=DIRECTION('',(0.,0.,1.));
#6621=DIRECTION('',(1.,0.,0.));
#6622=DIRECTION('',(0.,0.,1.));
#6623=DIRECTION('',(1.,0.,0.));
#6624=DIRECTION('',(0.,0.,1.));
#6625=DIRECTION('',(1.,0.,0.));
#6626=DIRECTION('',(0.,0.,1.));
#6627=DIRECTION('',(0.,1.,0.));
#6628=DIRECTION('',(0.,0.,1.));
#6629=DIRECTION('',(0.,0.,1.));
#6630=DIRECTION('',(1.,0.,0.));
#6631=DIRECTION('',(0.,1.,0.));
#6632=DIRECTION('',(0.,0.,1.));
#6633=DIRECTION('',(1.,0.,0.));
#6634=DIRECTION('',(0.,0.,1.));
#6635=DIRECTION('',(0.,0.,1.));
#6636=DIRECTION('',(-1.,0.,0.));
#6637=DIRECTION('',(0.,0.,1.));
#6638=DIRECTION('',(1.,0.,0.));
#6639=DIRECTION('',(0.,0.,1.));
#6640=DIRECTION('',(-1.,0.,0.));
#6641=DIRECTION('',(0.,0.,1.));
#6642=DIRECTION('',(1.,0.,0.));
#6643=DIRECTION('',(0.,0.,1.));
#6644=DIRECTION('',(1.,0.,0.));
#6645=DIRECTION('',(0.,0.,1.));
#6646=DIRECTION('',(1.,0.,0.));
#6647=CARTESIAN_POINT('',(0.,0.,0.));
#6648=CARTESIAN_POINT('',(0.,0.,0.));
#6649=CARTESIAN_POINT('',(0.,0.0605806,0.));
#6650=CARTESIAN_POINT('',(-4.33680868994202E-19,0.0605806,0.));
#6651=CARTESIAN_POINT('',(0.,0.0605806,0.01));
#6652=CARTESIAN_POINT('',(-4.4408920985005E-19,0.,0.));
#6653=CARTESIAN_POINT('',(-4.33680868994202E-19,0.004,0.));
#6654=CARTESIAN_POINT('',(0.,0.004,0.));
#6655=CARTESIAN_POINT('',(0.,0.004,0.01));
#6656=CARTESIAN_POINT('',(0.,0.,0.01));
#6657=CARTESIAN_POINT('',(0.,0.,0.01));
#6658=CARTESIAN_POINT('',(0.004,0.004,0.01));
#6659=CARTESIAN_POINT('',(0.004,-4.33680868994202E-19,0.01));
#6660=CARTESIAN_POINT('',(0.,-4.4408920985005E-19,0.01));
#6661=CARTESIAN_POINT('',(0.1033796,-4.33680868994202E-19,0.01));
#6662=CARTESIAN_POINT('',(0.1033796,0.004,0.01));
#6663=CARTESIAN_POINT('',(0.1073796,0.004,0.01));
#6664=CARTESIAN_POINT('',(0.1073796,0.,0.01));
#6665=CARTESIAN_POINT('',(0.1073796,0.0605806,0.01));
#6666=CARTESIAN_POINT('',(0.1033796,0.0605806,0.01));
#6667=CARTESIAN_POINT('',(0.1033796,0.0645806,0.01));
#6668=CARTESIAN_POINT('',(0.,0.0645806,0.01));
#6669=CARTESIAN_POINT('',(0.004,0.0645806,0.01));
#6670=CARTESIAN_POINT('',(0.004,0.0605806,0.01));
#6671=CARTESIAN_POINT('',(0.0042,0.0042,0.01));
#6672=CARTESIAN_POINT('',(0.0073,0.0042,0.01));
#6673=CARTESIAN_POINT('',(0.0171024,0.0117246,0.01));
#6674=CARTESIAN_POINT('',(0.0157524,0.0117246,0.01));
#6675=CARTESIAN_POINT('',(0.0171024,0.0103746,0.01));
#6676=CARTESIAN_POINT('',(0.0157524,0.,0.01));
#6677=CARTESIAN_POINT('',(0.0157524,0.0263246,0.01));
#6678=CARTESIAN_POINT('',(0.0171024,0.0263246,0.01));
#6679=CARTESIAN_POINT('',(0.0171024,0.0276746,0.01));
#6680=CARTESIAN_POINT('',(0.0157524,0.0276746,0.01));
#6681=CARTESIAN_POINT('',(0.0317024,0.0276746,0.01));
#6682=CARTESIAN_POINT('',(0.0317024,0.0263246,0.01));
#6683=CARTESIAN_POINT('',(0.0330524,0.0263246,0.01));
#6684=CARTESIAN_POINT('',(0.0330524,0.0103746,0.01));
#6685=CARTESIAN_POINT('',(0.0330524,0.0117246,0.01));
#6686=CARTESIAN_POINT('',(0.0317024,0.0117246,0.01));
#6687=CARTESIAN_POINT('',(0.0317024,0.0103746,0.01));
#6688=CARTESIAN_POINT('',(0.,0.0103746,0.01));
#6689=CARTESIAN_POINT('',(0.0362024,0.0117246,0.01));
#6690=CARTESIAN_POINT('',(0.0348524,0.0117246,0.01));
#6691=CARTESIAN_POINT('',(0.0362024,0.0103746,0.01));
#6692=CARTESIAN_POINT('',(0.0348524,0.,0.01));
#6693=CARTESIAN_POINT('',(0.0348524,0.0263246,0.01));
#6694=CARTESIAN_POINT('',(0.0362024,0.0263246,0.01));
#6695=CARTESIAN_POINT('',(0.0362024,0.0276746,0.01));
#6696=CARTESIAN_POINT('',(0.0348524,0.0276746,0.01));
#6697=CARTESIAN_POINT('',(0.0508024,0.0276746,0.01));
#6698=CARTESIAN_POINT('',(0.0508024,0.0263246,0.01));
#6699=CARTESIAN_POINT('',(0.0521524,0.0263246,0.01));
#6700=CARTESIAN_POINT('',(0.0521524,0.0103746,0.01));
#6701=CARTESIAN_POINT('',(0.0521524,0.0117246,0.01));
#6702=CARTESIAN_POINT('',(0.0508024,0.0117246,0.01));
#6703=CARTESIAN_POINT('',(0.0508024,0.0103746,0.01));
#6704=CARTESIAN_POINT('',(0.,0.0103746,0.01));
#6705=CARTESIAN_POINT('',(0.1031796,0.0042,0.01));
#6706=CARTESIAN_POINT('',(0.1062796,0.0042,0.01));
#6707=CARTESIAN_POINT('',(0.0553524,0.0117246,0.01));
#6708=CARTESIAN_POINT('',(0.0540024,0.0117246,0.01));
#6709=CARTESIAN_POINT('',(0.0553524,0.0103746,0.01));
#6710=CARTESIAN_POINT('',(0.0540024,0.,0.01));
#6711=CARTESIAN_POINT('',(0.0540024,0.0263246,0.01));
#6712=CARTESIAN_POINT('',(0.0553524,0.0263246,0.01));
#6713=CARTESIAN_POINT('',(0.0553524,0.0276746,0.01));
#6714=CARTESIAN_POINT('',(0.0540024,0.0276746,0.01));
#6715=CARTESIAN_POINT('',(0.0699524,0.0276746,0.01));
#6716=CARTESIAN_POINT('',(0.0699524,0.0263246,0.01));
#6717=CARTESIAN_POINT('',(0.0713024,0.0263246,0.01));
#6718=CARTESIAN_POINT('',(0.0713024,0.0103746,0.01));
#6719=CARTESIAN_POINT('',(0.0713024,0.0117246,0.01));
#6720=CARTESIAN_POINT('',(0.0699524,0.0117246,0.01));
#6721=CARTESIAN_POINT('',(0.0699524,0.0103746,0.01));
#6722=CARTESIAN_POINT('',(0.,0.0103746,0.01));
#6723=CARTESIAN_POINT('',(0.0743724,0.0117246,0.01));
#6724=CARTESIAN_POINT('',(0.0730224,0.0117246,0.01));
#6725=CARTESIAN_POINT('',(0.0743724,0.0103746,0.01));
#6726=CARTESIAN_POINT('',(0.0730224,0.,0.01));
#6727=CARTESIAN_POINT('',(0.0730224,0.0263246,0.01));
#6728=CARTESIAN_POINT('',(0.0743724,0.0263246,0.01));
#6729=CARTESIAN_POINT('',(0.0743724,0.0276746,0.01));
#6730=CARTESIAN_POINT('',(0.0730224,0.0276746,0.01));
#6731=CARTESIAN_POINT('',(0.0889724,0.0276746,0.01));
#6732=CARTESIAN_POINT('',(0.0889724,0.0263246,0.01));
#6733=CARTESIAN_POINT('',(0.0903224,0.0263246,0.01));
#6734=CARTESIAN_POINT('',(0.0903224,0.0103746,0.01));
#6735=CARTESIAN_POINT('',(0.0903224,0.0117246,0.01));
#6736=CARTESIAN_POINT('',(0.0889724,0.0117246,0.01));
#6737=CARTESIAN_POINT('',(0.0889724,0.0103746,0.01));
#6738=CARTESIAN_POINT('',(0.,0.0103746,0.01));
#6739=CARTESIAN_POINT('',(0.0055,0.0378,0.01));
#6740=CARTESIAN_POINT('',(0.0074,0.0378,0.01));
#6741=CARTESIAN_POINT('',(0.0042,0.0603806,0.01));
#6742=CARTESIAN_POINT('',(0.0073,0.0603806,0.01));
#6743=CARTESIAN_POINT('',(0.0259898,0.03035,0.01));
#6744=CARTESIAN_POINT('',(0.0249398,0.03035,0.01));
#6745=CARTESIAN_POINT('',(0.0259898,0.0293,0.01));
#6746=CARTESIAN_POINT('',(0.0249398,0.,0.01));
#6747=CARTESIAN_POINT('',(0.0249398,0.04525,0.01));
#6748=CARTESIAN_POINT('',(0.0259898,0.04525,0.01));
#6749=CARTESIAN_POINT('',(0.0259898,0.0463,0.01));
#6750=CARTESIAN_POINT('',(0.0249398,0.0463,0.01));
#6751=CARTESIAN_POINT('',(0.0813898,0.0463,0.01));
#6752=CARTESIAN_POINT('',(0.0813898,0.04525,0.01));
#6753=CARTESIAN_POINT('',(0.0824398,0.04525,0.01));
#6754=CARTESIAN_POINT('',(0.0824398,0.0293,0.01));
#6755=CARTESIAN_POINT('',(0.0824398,0.03035,0.01));
#6756=CARTESIAN_POINT('',(0.0813898,0.03035,0.01));
#6757=CARTESIAN_POINT('',(0.0813898,0.0293,0.01));
#6758=CARTESIAN_POINT('',(0.,0.0293,0.01));
#6759=CARTESIAN_POINT('',(0.1018796,0.0378,0.01));
#6760=CARTESIAN_POINT('',(0.1037796,0.0378,0.01));
#6761=CARTESIAN_POINT('',(0.1031796,0.0603806,0.01));
#6762=CARTESIAN_POINT('',(0.1062796,0.0603806,0.01));
#6763=CARTESIAN_POINT('',(0.004,0.004,0.));
#6764=CARTESIAN_POINT('',(0.004,0.004,0.));
#6765=CARTESIAN_POINT('',(0.004,0.,0.));
#6766=CARTESIAN_POINT('',(0.004,0.,0.));
#6767=CARTESIAN_POINT('',(0.004,0.0605806,0.));
#6768=CARTESIAN_POINT('',(0.004,0.0645806,0.));
#6769=CARTESIAN_POINT('',(0.004,0.0645806,0.));
#6770=CARTESIAN_POINT('',(0.004,0.0605806,0.));
#6771=CARTESIAN_POINT('',(0.,0.,0.));
#6772=CARTESIAN_POINT('',(0.,0.0645806,0.));
#6773=CARTESIAN_POINT('',(0.1033796,0.0645806,0.));
#6774=CARTESIAN_POINT('',(0.1033796,0.0605806,0.));
#6775=CARTESIAN_POINT('',(0.1073796,0.0605806,0.));
#6776=CARTESIAN_POINT('',(0.1073796,0.,0.));
#6777=CARTESIAN_POINT('',(0.1073796,0.004,0.));
#6778=CARTESIAN_POINT('',(0.1033796,0.004,0.));
#6779=CARTESIAN_POINT('',(0.1033796,0.,0.));
#6780=CARTESIAN_POINT('',(0.,0.,0.));
#6781=CARTESIAN_POINT('',(0.,0.0024,0.));
#6782=CARTESIAN_POINT('',(0.0042,0.0024,0.));
#6783=CARTESIAN_POINT('',(0.1031796,0.0024,0.));
#6784=CARTESIAN_POINT('',(0.1031796,0.0042,0.));
#6785=CARTESIAN_POINT('',(0.1049796,0.0042,0.));
#6786=CARTESIAN_POINT('',(0.1049796,0.,0.));
#6787=CARTESIAN_POINT('',(0.1049796,0.0603806,0.));
#6788=CARTESIAN_POINT('',(0.1031796,0.0603806,0.));
#6789=CARTESIAN_POINT('',(0.1031796,0.0621806,0.));
#6790=CARTESIAN_POINT('',(0.0024,0.0621806,0.));
#6791=CARTESIAN_POINT('',(0.0042,0.0621806,0.));
#6792=CARTESIAN_POINT('',(0.0042,0.0603806,0.));
#6793=CARTESIAN_POINT('',(0.0024,0.0603806,0.));
#6794=CARTESIAN_POINT('',(0.0024,0.0024,0.));
#6795=CARTESIAN_POINT('',(0.0024,0.0042,0.));
#6796=CARTESIAN_POINT('',(0.0042,0.0042,0.));
#6797=CARTESIAN_POINT('',(0.,0.,0.));
#6798=CARTESIAN_POINT('',(0.1033796,0.,0.));
#6799=CARTESIAN_POINT('',(0.,0.0645806,0.));
#6800=CARTESIAN_POINT('',(0.1033796,0.0645806,0.));
#6801=CARTESIAN_POINT('',(0.1033796,0.004,0.));
#6802=CARTESIAN_POINT('',(0.1073796,0.004,0.));
#6803=CARTESIAN_POINT('',(0.1033796,0.0605806,0.));
#6804=CARTESIAN_POINT('',(0.1073796,0.0605806,0.));
#6805=CARTESIAN_POINT('',(0.1073796,0.,0.));
#6806=CARTESIAN_POINT('',(0.0042,0.0042,0.0068));
#6807=CARTESIAN_POINT('',(0.0042,0.0042,0.0076));
#6808=CARTESIAN_POINT('',(0.00240000000000002,0.00672388589282491,0.0076));
#6809=CARTESIAN_POINT('',(0.0073,0.0042,0.0076));
#6810=CARTESIAN_POINT('',(0.0073,0.0042,0.0068));
#6811=CARTESIAN_POINT('',(0.0042,0.0042,0.0076));
#6812=CARTESIAN_POINT('',(0.00672388589282483,0.00240000000000005,0.0076));
#6813=CARTESIAN_POINT('',(0.00672388589282486,0.0024000000000001,0.0068));
#6814=CARTESIAN_POINT('',(0.00672388589282483,0.00240000000000005,0.0068));
#6815=CARTESIAN_POINT('',(0.0042,0.0042,0.0068));
#6816=CARTESIAN_POINT('',(0.0024,0.0067238858928249,0.0068));
#6817=CARTESIAN_POINT('',(0.0024,0.006723885892825,0.));
#6818=CARTESIAN_POINT('',(0.0171024,0.0117246,0.0094));
#6819=CARTESIAN_POINT('',(0.0171024,0.0103746,0.0094));
#6820=CARTESIAN_POINT('',(0.0171024,0.0103746,0.0094));
#6821=CARTESIAN_POINT('',(0.0171024,0.0117246,0.0094));
#6822=CARTESIAN_POINT('',(0.0157524,0.0117246,0.0094));
#6823=CARTESIAN_POINT('',(0.0157524,0.0117246,0.0094));
#6824=CARTESIAN_POINT('',(0.0157524,0.0103746,0.0094));
#6825=CARTESIAN_POINT('',(0.0157524,0.0103746,0.0094));
#6826=CARTESIAN_POINT('',(0.0157524,0.0263246,0.0094));
#6827=CARTESIAN_POINT('',(0.0157524,0.0263246,0.0094));
#6828=CARTESIAN_POINT('',(0.0157524,0.0103746,0.0094));
#6829=CARTESIAN_POINT('',(0.0157524,0.0103746,0.0094));
#6830=CARTESIAN_POINT('',(0.0317024,0.0103746,0.0094));
#6831=CARTESIAN_POINT('',(0.0317024,0.0103746,0.0094));
#6832=CARTESIAN_POINT('',(0.0171024,0.0263246,0.0094));
#6833=CARTESIAN_POINT('',(0.0171024,0.0263246,0.0094));
#6834=CARTESIAN_POINT('',(0.0171024,0.0276746,0.0094));
#6835=CARTESIAN_POINT('',(0.0171024,0.0276746,0.0094));
#6836=CARTESIAN_POINT('',(0.0317024,0.0117246,0.0094));
#6837=CARTESIAN_POINT('',(0.0330524,0.0117246,0.0094));
#6838=CARTESIAN_POINT('',(0.0330524,0.0117246,0.0094));
#6839=CARTESIAN_POINT('',(0.0317024,0.0117246,0.0094));
#6840=CARTESIAN_POINT('',(0.0157524,0.0276746,0.0094));
#6841=CARTESIAN_POINT('',(0.0317024,0.0276746,0.0094));
#6842=CARTESIAN_POINT('',(0.0317024,0.0276746,0.0094));
#6843=CARTESIAN_POINT('',(0.0157524,0.0276746,0.0094));
#6844=CARTESIAN_POINT('',(0.0330524,0.0103746,0.0094));
#6845=CARTESIAN_POINT('',(0.0330524,0.0263246,0.0094));
#6846=CARTESIAN_POINT('',(0.0330524,0.0263246,0.0094));
#6847=CARTESIAN_POINT('',(0.0330524,0.0103746,0.0094));
#6848=CARTESIAN_POINT('',(0.0317024,0.0263246,0.0094));
#6849=CARTESIAN_POINT('',(0.0317024,0.0263246,0.0094));
#6850=CARTESIAN_POINT('',(0.0362024,0.0117246,0.0094));
#6851=CARTESIAN_POINT('',(0.0362024,0.0103746,0.0094));
#6852=CARTESIAN_POINT('',(0.0362024,0.0103746,0.0094));
#6853=CARTESIAN_POINT('',(0.0362024,0.0117246,0.0094));
#6854=CARTESIAN_POINT('',(0.0348524,0.0117246,0.0094));
#6855=CARTESIAN_POINT('',(0.0348524,0.0117246,0.0094));
#6856=CARTESIAN_POINT('',(0.0348524,0.0103746,0.0094));
#6857=CARTESIAN_POINT('',(0.0348524,0.0103746,0.0094));
#6858=CARTESIAN_POINT('',(0.0348524,0.0263246,0.0094));
#6859=CARTESIAN_POINT('',(0.0348524,0.0263246,0.0094));
#6860=CARTESIAN_POINT('',(0.0348524,0.0103746,0.0094));
#6861=CARTESIAN_POINT('',(0.0348524,0.0103746,0.0094));
#6862=CARTESIAN_POINT('',(0.0508024,0.0103746,0.0094));
#6863=CARTESIAN_POINT('',(0.0508024,0.0103746,0.0094));
#6864=CARTESIAN_POINT('',(0.0362024,0.0263246,0.0094));
#6865=CARTESIAN_POINT('',(0.0362024,0.0263246,0.0094));
#6866=CARTESIAN_POINT('',(0.0362024,0.0276746,0.0094));
#6867=CARTESIAN_POINT('',(0.0362024,0.0276746,0.0094));
#6868=CARTESIAN_POINT('',(0.0508024,0.0117246,0.0094));
#6869=CARTESIAN_POINT('',(0.0521524,0.0117246,0.0094));
#6870=CARTESIAN_POINT('',(0.0521524,0.0117246,0.0094));
#6871=CARTESIAN_POINT('',(0.0508024,0.0117246,0.0094));
#6872=CARTESIAN_POINT('',(0.0348524,0.0276746,0.0094));
#6873=CARTESIAN_POINT('',(0.0508024,0.0276746,0.0094));
#6874=CARTESIAN_POINT('',(0.0508024,0.0276746,0.0094));
#6875=CARTESIAN_POINT('',(0.0348524,0.0276746,0.0094));
#6876=CARTESIAN_POINT('',(0.0521524,0.0103746,0.0094));
#6877=CARTESIAN_POINT('',(0.0521524,0.0263246,0.0094));
#6878=CARTESIAN_POINT('',(0.0521524,0.0263246,0.0094));
#6879=CARTESIAN_POINT('',(0.0521524,0.0103746,0.0094));
#6880=CARTESIAN_POINT('',(0.0508024,0.0263246,0.0094));
#6881=CARTESIAN_POINT('',(0.0508024,0.0263246,0.0094));
#6882=CARTESIAN_POINT('',(0.1031796,0.0042,0.0068));
#6883=CARTESIAN_POINT('',(0.1031796,0.0042,0.0068));
#6884=CARTESIAN_POINT('',(0.1062796,0.0042,0.0068));
#6885=CARTESIAN_POINT('',(0.1049796,0.00672388589282484,0.0068));
#6886=CARTESIAN_POINT('',(0.1062796,0.0042,0.0068));
#6887=CARTESIAN_POINT('',(0.1031796,0.0042,0.0068));
#6888=CARTESIAN_POINT('',(0.100655714107173,0.0024,0.0068));
#6889=CARTESIAN_POINT('',(0.10065571410717,0.0024,0.));
#6890=CARTESIAN_POINT('',(0.100655714107173,0.0024,0.0076));
#6891=CARTESIAN_POINT('',(0.1031796,0.0042,0.0076));
#6892=CARTESIAN_POINT('',(0.1049796,0.00672388589282482,0.0076));
#6893=CARTESIAN_POINT('',(0.1049796,0.00672388589282486,0.0068));
#6894=CARTESIAN_POINT('',(0.0553524,0.0117246,0.0094));
#6895=CARTESIAN_POINT('',(0.0553524,0.0103746,0.0094));
#6896=CARTESIAN_POINT('',(0.0553524,0.0103746,0.0094));
#6897=CARTESIAN_POINT('',(0.0553524,0.0117246,0.0094));
#6898=CARTESIAN_POINT('',(0.0540024,0.0117246,0.0094));
#6899=CARTESIAN_POINT('',(0.0540024,0.0117246,0.0094));
#6900=CARTESIAN_POINT('',(0.0540024,0.0103746,0.0094));
#6901=CARTESIAN_POINT('',(0.0540024,0.0103746,0.0094));
#6902=CARTESIAN_POINT('',(0.0540024,0.0263246,0.0094));
#6903=CARTESIAN_POINT('',(0.0540024,0.0263246,0.0094));
#6904=CARTESIAN_POINT('',(0.0540024,0.0103746,0.0094));
#6905=CARTESIAN_POINT('',(0.0540024,0.0103746,0.0094));
#6906=CARTESIAN_POINT('',(0.0699524,0.0103746,0.0094));
#6907=CARTESIAN_POINT('',(0.0699524,0.0103746,0.0094));
#6908=CARTESIAN_POINT('',(0.0553524,0.0263246,0.0094));
#6909=CARTESIAN_POINT('',(0.0553524,0.0263246,0.0094));
#6910=CARTESIAN_POINT('',(0.0553524,0.0276746,0.0094));
#6911=CARTESIAN_POINT('',(0.0553524,0.0276746,0.0094));
#6912=CARTESIAN_POINT('',(0.0699524,0.0117246,0.0094));
#6913=CARTESIAN_POINT('',(0.0713024,0.0117246,0.0094));
#6914=CARTESIAN_POINT('',(0.0713024,0.0117246,0.0094));
#6915=CARTESIAN_POINT('',(0.0699524,0.0117246,0.0094));
#6916=CARTESIAN_POINT('',(0.0540024,0.0276746,0.0094));
#6917=CARTESIAN_POINT('',(0.0699524,0.0276746,0.0094));
#6918=CARTESIAN_POINT('',(0.0699524,0.0276746,0.0094));
#6919=CARTESIAN_POINT('',(0.0540024,0.0276746,0.0094));
#6920=CARTESIAN_POINT('',(0.0713024,0.0103746,0.0094));
#6921=CARTESIAN_POINT('',(0.0713024,0.0263246,0.0094));
#6922=CARTESIAN_POINT('',(0.0713024,0.0263246,0.0094));
#6923=CARTESIAN_POINT('',(0.0713024,0.0103746,0.0094));
#6924=CARTESIAN_POINT('',(0.0699524,0.0263246,0.0094));
#6925=CARTESIAN_POINT('',(0.0699524,0.0263246,0.0094));
#6926=CARTESIAN_POINT('',(0.0743724,0.0117246,0.0094));
#6927=CARTESIAN_POINT('',(0.0743724,0.0103746,0.0094));
#6928=CARTESIAN_POINT('',(0.0743724,0.0103746,0.0094));
#6929=CARTESIAN_POINT('',(0.0743724,0.0117246,0.0094));
#6930=CARTESIAN_POINT('',(0.0730224,0.0117246,0.0094));
#6931=CARTESIAN_POINT('',(0.0730224,0.0117246,0.0094));
#6932=CARTESIAN_POINT('',(0.0730224,0.0103746,0.0094));
#6933=CARTESIAN_POINT('',(0.0730224,0.0103746,0.0094));
#6934=CARTESIAN_POINT('',(0.0730224,0.0263246,0.0094));
#6935=CARTESIAN_POINT('',(0.0730224,0.0263246,0.0094));
#6936=CARTESIAN_POINT('',(0.0730224,0.0103746,0.0094));
#6937=CARTESIAN_POINT('',(0.0730224,0.0103746,0.0094));
#6938=CARTESIAN_POINT('',(0.0889724,0.0103746,0.0094));
#6939=CARTESIAN_POINT('',(0.0889724,0.0103746,0.0094));
#6940=CARTESIAN_POINT('',(0.0743724,0.0263246,0.0094));
#6941=CARTESIAN_POINT('',(0.0743724,0.0263246,0.0094));
#6942=CARTESIAN_POINT('',(0.0743724,0.0276746,0.0094));
#6943=CARTESIAN_POINT('',(0.0743724,0.0276746,0.0094));
#6944=CARTESIAN_POINT('',(0.0889724,0.0117246,0.0094));
#6945=CARTESIAN_POINT('',(0.0903224,0.0117246,0.0094));
#6946=CARTESIAN_POINT('',(0.0903224,0.0117246,0.0094));
#6947=CARTESIAN_POINT('',(0.0889724,0.0117246,0.0094));
#6948=CARTESIAN_POINT('',(0.0730224,0.0276746,0.0094));
#6949=CARTESIAN_POINT('',(0.0889724,0.0276746,0.0094));
#6950=CARTESIAN_POINT('',(0.0889724,0.0276746,0.0094));
#6951=CARTESIAN_POINT('',(0.0730224,0.0276746,0.0094));
#6952=CARTESIAN_POINT('',(0.0903224,0.0103746,0.0094));
#6953=CARTESIAN_POINT('',(0.0903224,0.0263246,0.0094));
#6954=CARTESIAN_POINT('',(0.0903224,0.0263246,0.0094));
#6955=CARTESIAN_POINT('',(0.0903224,0.0103746,0.0094));
#6956=CARTESIAN_POINT('',(0.0889724,0.0263246,0.0094));
#6957=CARTESIAN_POINT('',(0.0889724,0.0263246,0.0094));
#6958=CARTESIAN_POINT('',(0.0055,0.0378,0.0051));
#6959=CARTESIAN_POINT('',(0.0055,0.0378,0.0051));
#6960=CARTESIAN_POINT('',(0.0074,0.0378,0.0051));
#6961=CARTESIAN_POINT('',(0.0074,0.0378,0.0051));
#6962=CARTESIAN_POINT('',(0.0042,0.0603806,0.0068));
#6963=CARTESIAN_POINT('',(0.0042,0.0603806,0.0076));
#6964=CARTESIAN_POINT('',(0.00672388589282491,0.0621806,0.0076));
#6965=CARTESIAN_POINT('',(0.0073,0.0603806,0.0076));
#6966=CARTESIAN_POINT('',(0.0073,0.0603806,0.0068));
#6967=CARTESIAN_POINT('',(0.0042,0.0603806,0.0076));
#6968=CARTESIAN_POINT('',(0.0024000000000001,0.0578567141071751,0.0076));
#6969=CARTESIAN_POINT('',(0.0024000000000001,0.0578567141071751,0.0068));
#6970=CARTESIAN_POINT('',(0.00240000000000005,0.0578567141071752,0.0068));
#6971=CARTESIAN_POINT('',(0.0042,0.0603806,0.0068));
#6972=CARTESIAN_POINT('',(0.0067238858928249,0.0621806,0.0068));
#6973=CARTESIAN_POINT('',(0.006723885892825,0.0621806,0.));
#6974=CARTESIAN_POINT('',(0.0259898,0.03035,0.0093));
#6975=CARTESIAN_POINT('',(0.0259898,0.0293,0.0093));
#6976=CARTESIAN_POINT('',(0.0259898,0.0293,0.0093));
#6977=CARTESIAN_POINT('',(0.0259898,0.03035,0.0093));
#6978=CARTESIAN_POINT('',(0.0249398,0.03035,0.0093));
#6979=CARTESIAN_POINT('',(0.0249398,0.03035,0.0093));
#6980=CARTESIAN_POINT('',(0.0249398,0.0293,0.0093));
#6981=CARTESIAN_POINT('',(0.0249398,0.0293,0.0093));
#6982=CARTESIAN_POINT('',(0.0249398,0.04525,0.0093));
#6983=CARTESIAN_POINT('',(0.0249398,0.04525,0.0093));
#6984=CARTESIAN_POINT('',(0.0249398,0.0293,0.0093));
#6985=CARTESIAN_POINT('',(0.0249398,0.0293,0.0093));
#6986=CARTESIAN_POINT('',(0.0813898,0.0293,0.0093));
#6987=CARTESIAN_POINT('',(0.0813898,0.0293,0.0093));
#6988=CARTESIAN_POINT('',(0.0259898,0.04525,0.0093));
#6989=CARTESIAN_POINT('',(0.0259898,0.04525,0.0093));
#6990=CARTESIAN_POINT('',(0.0259898,0.0463,0.0093));
#6991=CARTESIAN_POINT('',(0.0259898,0.0463,0.0093));
#6992=CARTESIAN_POINT('',(0.0813898,0.03035,0.0093));
#6993=CARTESIAN_POINT('',(0.0824398,0.03035,0.0093));
#6994=CARTESIAN_POINT('',(0.0824398,0.03035,0.0093));
#6995=CARTESIAN_POINT('',(0.0813898,0.03035,0.0093));
#6996=CARTESIAN_POINT('',(0.0249398,0.0463,0.0093));
#6997=CARTESIAN_POINT('',(0.0813898,0.0463,0.0093));
#6998=CARTESIAN_POINT('',(0.0813898,0.0463,0.0093));
#6999=CARTESIAN_POINT('',(0.0249398,0.0463,0.0093));
#7000=CARTESIAN_POINT('',(0.0824398,0.0293,0.0093));
#7001=CARTESIAN_POINT('',(0.0824398,0.04525,0.0093));
#7002=CARTESIAN_POINT('',(0.0824398,0.04525,0.0093));
#7003=CARTESIAN_POINT('',(0.0824398,0.0293,0.0093));
#7004=CARTESIAN_POINT('',(0.0813898,0.04525,0.0093));
#7005=CARTESIAN_POINT('',(0.0813898,0.04525,0.0093));
#7006=CARTESIAN_POINT('',(0.1018796,0.0378,0.0051));
#7007=CARTESIAN_POINT('',(0.1018796,0.0378,0.0051));
#7008=CARTESIAN_POINT('',(0.1037796,0.0378,0.0051));
#7009=CARTESIAN_POINT('',(0.1037796,0.0378,0.0051));
#7010=CARTESIAN_POINT('',(0.1031796,0.0603806,0.0068));
#7011=CARTESIAN_POINT('',(0.1031796,0.0603806,0.0068));
#7012=CARTESIAN_POINT('',(0.1062796,0.0603806,0.0068));
#7013=CARTESIAN_POINT('',(0.100655714107174,0.0621805999999982,0.0068));
#7014=CARTESIAN_POINT('',(0.1062796,0.0603806,0.0068));
#7015=CARTESIAN_POINT('',(0.1031796,0.0603806,0.0068));
#7016=CARTESIAN_POINT('',(0.1049796,0.0578567141071751,0.0068));
#7017=CARTESIAN_POINT('',(0.1049796,0.057856714107175,0.));
#7018=CARTESIAN_POINT('',(0.1049796,0.0578567141071751,0.0076));
#7019=CARTESIAN_POINT('',(0.1031796,0.0603806,0.0076));
#7020=CARTESIAN_POINT('',(0.100655714107174,0.0621805999999988,0.0076));
#7021=CARTESIAN_POINT('',(0.100655714107173,0.0621805999999975,0.0068));
#7022=CARTESIAN_POINT('',(0.0042,0.0042,0.));
#7023=CARTESIAN_POINT('',(0.0042,0.0042,0.0068));
#7024=CARTESIAN_POINT('',(0.0024,0.0042,0.0068));
#7025=CARTESIAN_POINT('',(0.0042,0.0024,0.0068));
#7026=CARTESIAN_POINT('',(0.0042,0.0024,0.));
#7027=CARTESIAN_POINT('',(0.0024,0.0042,0.));
#7028=CARTESIAN_POINT('',(0.0024,0.0024,0.));
#7029=CARTESIAN_POINT('',(0.0024,0.0024,0.0068));
#7030=CARTESIAN_POINT('',(0.0024,0.0024,0.0076));
#7031=CARTESIAN_POINT('',(0.0024,0.0024,0.0068));
#7032=CARTESIAN_POINT('',(0.1031796,0.0024,0.0068));
#7033=CARTESIAN_POINT('',(0.1031796,0.0024,0.));
#7034=CARTESIAN_POINT('',(0.1031796,0.0042,0.));
#7035=CARTESIAN_POINT('',(0.1049796,0.0042,0.));
#7036=CARTESIAN_POINT('',(0.1049796,0.0042,0.0068));
#7037=CARTESIAN_POINT('',(0.1031796,0.0042,0.0068));
#7038=CARTESIAN_POINT('',(0.1049796,0.0024,0.));
#7039=CARTESIAN_POINT('',(0.1049796,0.035602273902416,0.));
#7040=CARTESIAN_POINT('',(0.1049796,0.0356022739024162,0.0076));
#7041=CARTESIAN_POINT('',(0.1049796,0.0356022739024162,0.005));
#7042=CARTESIAN_POINT('',(0.1049796,0.0378,0.005));
#7043=CARTESIAN_POINT('',(0.1049796,0.0399977260975838,0.005));
#7044=CARTESIAN_POINT('',(0.1049796,0.0399977260975838,0.005));
#7045=CARTESIAN_POINT('',(0.1049796,0.0399977260975837,0.0076));
#7046=CARTESIAN_POINT('',(0.1049796,0.0024,0.0076));
#7047=CARTESIAN_POINT('',(0.1049796,0.0603806,0.0068));
#7048=CARTESIAN_POINT('',(0.1049796,0.0603806,0.0068));
#7049=CARTESIAN_POINT('',(0.1049796,0.0603806,0.));
#7050=CARTESIAN_POINT('',(0.1049796,0.0042,0.0068));
#7051=CARTESIAN_POINT('',(0.1049796,0.0024,0.0076));
#7052=CARTESIAN_POINT('',(0.1031796,0.0603806,0.));
#7053=CARTESIAN_POINT('',(0.1031796,0.0603806,0.0068));
#7054=CARTESIAN_POINT('',(0.1031796,0.0621806,0.0068));
#7055=CARTESIAN_POINT('',(0.1031796,0.0621806,0.));
#7056=CARTESIAN_POINT('',(0.0024,0.0621806,0.));
#7057=CARTESIAN_POINT('',(0.1031796,0.0621805999999988,0.0068));
#7058=CARTESIAN_POINT('',(0.0024,0.0621806,0.0076));
#7059=CARTESIAN_POINT('',(0.0042,0.0621806,0.0068));
#7060=CARTESIAN_POINT('',(0.0042,0.0621806,0.0068));
#7061=CARTESIAN_POINT('',(0.0042,0.0621806,0.));
#7062=CARTESIAN_POINT('',(0.0042,0.0603806,0.));
#7063=CARTESIAN_POINT('',(0.0024,0.0603806,0.));
#7064=CARTESIAN_POINT('',(0.0024,0.0603806,0.0068));
#7065=CARTESIAN_POINT('',(0.0042,0.0603806,0.0068));
#7066=CARTESIAN_POINT('',(0.0024,0.0024,0.));
#7067=CARTESIAN_POINT('',(0.00240000000000005,0.0024,0.0076));
#7068=CARTESIAN_POINT('',(0.0024,0.0356022739024164,0.0076));
#7069=CARTESIAN_POINT('',(0.0024,0.0024,0.0068));
#7070=CARTESIAN_POINT('',(0.0024,0.0024,0.0068));
#7071=CARTESIAN_POINT('',(0.0024000000000001,0.0024,0.0076));
#7072=CARTESIAN_POINT('',(0.00240000000000005,0.0399977260975838,0.0076));
#7073=CARTESIAN_POINT('',(0.0024,0.039997726097584,0.));
#7074=CARTESIAN_POINT('',(0.0024,0.0399977260975838,0.005));
#7075=CARTESIAN_POINT('',(0.0024,0.0024,0.005));
#7076=CARTESIAN_POINT('',(0.00239999999999997,0.0356022739024165,0.005));
#7077=CARTESIAN_POINT('',(0.00239999999999995,0.0356022739024165,0.005));
#7078=CARTESIAN_POINT('',(0.0024,0.0024,0.0076));
#7079=CARTESIAN_POINT('',(0.0055,0.0378,0.0076));
#7080=CARTESIAN_POINT('',(0.1018796,0.0378,0.0076));
#7081=CARTESIAN_POINT('',(0.0164024,0.0110246,0.0076));
#7082=CARTESIAN_POINT('',(0.0312524,0.0110246,0.0076));
#7083=CARTESIAN_POINT('',(0.0175524,0.0110246,0.0076));
#7084=CARTESIAN_POINT('',(0.0312524,0.0121746,0.0076));
#7085=CARTESIAN_POINT('',(0.0324024,0.0121746,0.0076));
#7086=CARTESIAN_POINT('',(0.0324024,0.0024,0.0076));
#7087=CARTESIAN_POINT('',(0.0324024,0.0258746,0.0076));
#7088=CARTESIAN_POINT('',(0.0312524,0.0258746,0.0076));
#7089=CARTESIAN_POINT('',(0.0312524,0.0270246,0.0076));
#7090=CARTESIAN_POINT('',(0.0024,0.0270246,0.0076));
#7091=CARTESIAN_POINT('',(0.0175524,0.0270246,0.0076));
#7092=CARTESIAN_POINT('',(0.0175524,0.0258746,0.0076));
#7093=CARTESIAN_POINT('',(0.0164024,0.0258746,0.0076));
#7094=CARTESIAN_POINT('',(0.0164024,0.0110246,0.0076));
#7095=CARTESIAN_POINT('',(0.0164024,0.0121746,0.0076));
#7096=CARTESIAN_POINT('',(0.0175524,0.0121746,0.0076));
#7097=CARTESIAN_POINT('',(0.0355024,0.0110246,0.0076));
#7098=CARTESIAN_POINT('',(0.0503524,0.0110246,0.0076));
#7099=CARTESIAN_POINT('',(0.0366524,0.0110246,0.0076));
#7100=CARTESIAN_POINT('',(0.0503524,0.0121746,0.0076));
#7101=CARTESIAN_POINT('',(0.0515024,0.0121746,0.0076));
#7102=CARTESIAN_POINT('',(0.0515024,0.0024,0.0076));
#7103=CARTESIAN_POINT('',(0.0515024,0.0258746,0.0076));
#7104=CARTESIAN_POINT('',(0.0503524,0.0258746,0.0076));
#7105=CARTESIAN_POINT('',(0.0503524,0.0270246,0.0076));
#7106=CARTESIAN_POINT('',(0.0024,0.0270246,0.0076));
#7107=CARTESIAN_POINT('',(0.0366524,0.0270246,0.0076));
#7108=CARTESIAN_POINT('',(0.0366524,0.0258746,0.0076));
#7109=CARTESIAN_POINT('',(0.0355024,0.0258746,0.0076));
#7110=CARTESIAN_POINT('',(0.0355024,0.0110246,0.0076));
#7111=CARTESIAN_POINT('',(0.0355024,0.0121746,0.0076));
#7112=CARTESIAN_POINT('',(0.0366524,0.0121746,0.0076));
#7113=CARTESIAN_POINT('',(0.0546524,0.0110246,0.0076));
#7114=CARTESIAN_POINT('',(0.0695024,0.0110246,0.0076));
#7115=CARTESIAN_POINT('',(0.0558024,0.0110246,0.0076));
#7116=CARTESIAN_POINT('',(0.0695024,0.0121746,0.0076));
#7117=CARTESIAN_POINT('',(0.0706524,0.0121746,0.0076));
#7118=CARTESIAN_POINT('',(0.0706524,0.0024,0.0076));
#7119=CARTESIAN_POINT('',(0.0706524,0.0258746,0.0076));
#7120=CARTESIAN_POINT('',(0.0695024,0.0258746,0.0076));
#7121=CARTESIAN_POINT('',(0.0695024,0.0270246,0.0076));
#7122=CARTESIAN_POINT('',(0.0024,0.0270246,0.0076));
#7123=CARTESIAN_POINT('',(0.0558024,0.0270246,0.0076));
#7124=CARTESIAN_POINT('',(0.0558024,0.0258746,0.0076));
#7125=CARTESIAN_POINT('',(0.0546524,0.0258746,0.0076));
#7126=CARTESIAN_POINT('',(0.0546524,0.0110246,0.0076));
#7127=CARTESIAN_POINT('',(0.0546524,0.0121746,0.0076));
#7128=CARTESIAN_POINT('',(0.0558024,0.0121746,0.0076));
#7129=CARTESIAN_POINT('',(0.0736724,0.0110246,0.0076));
#7130=CARTESIAN_POINT('',(0.0885224,0.0110246,0.0076));
#7131=CARTESIAN_POINT('',(0.0748224,0.0110246,0.0076));
#7132=CARTESIAN_POINT('',(0.0885224,0.0121746,0.0076));
#7133=CARTESIAN_POINT('',(0.0896724,0.0121746,0.0076));
#7134=CARTESIAN_POINT('',(0.0896724,0.0024,0.0076));
#7135=CARTESIAN_POINT('',(0.0896724,0.0258746,0.0076));
#7136=CARTESIAN_POINT('',(0.0885224,0.0258746,0.0076));
#7137=CARTESIAN_POINT('',(0.0885224,0.0270246,0.0076));
#7138=CARTESIAN_POINT('',(0.0024,0.0270246,0.0076));
#7139=CARTESIAN_POINT('',(0.0748224,0.0270246,0.0076));
#7140=CARTESIAN_POINT('',(0.0748224,0.0258746,0.0076));
#7141=CARTESIAN_POINT('',(0.0736724,0.0258746,0.0076));
#7142=CARTESIAN_POINT('',(0.0736724,0.0110246,0.0076));
#7143=CARTESIAN_POINT('',(0.0736724,0.0121746,0.0076));
#7144=CARTESIAN_POINT('',(0.0748224,0.0121746,0.0076));
#7145=CARTESIAN_POINT('',(0.0255398,0.0299,0.0076));
#7146=CARTESIAN_POINT('',(0.0810398,0.0299,0.0076));
#7147=CARTESIAN_POINT('',(0.0263398,0.0299,0.0076));
#7148=CARTESIAN_POINT('',(0.0810398,0.0307,0.0076));
#7149=CARTESIAN_POINT('',(0.0818398,0.0307,0.0076));
#7150=CARTESIAN_POINT('',(0.0818398,0.0024,0.0076));
#7151=CARTESIAN_POINT('',(0.0818398,0.0449,0.0076));
#7152=CARTESIAN_POINT('',(0.0810398,0.0449,0.0076));
#7153=CARTESIAN_POINT('',(0.0810398,0.0457,0.0076));
#7154=CARTESIAN_POINT('',(0.0024,0.0457,0.0076));
#7155=CARTESIAN_POINT('',(0.0263398,0.0457,0.0076));
#7156=CARTESIAN_POINT('',(0.0263398,0.0449,0.0076));
#7157=CARTESIAN_POINT('',(0.0255398,0.0449,0.0076));
#7158=CARTESIAN_POINT('',(0.0255398,0.0299,0.0076));
#7159=CARTESIAN_POINT('',(0.0255398,0.0307,0.0076));
#7160=CARTESIAN_POINT('',(0.0263398,0.0307,0.0076));
#7161=CARTESIAN_POINT('',(0.0042,0.0042,0.0068));
#7162=CARTESIAN_POINT('',(0.0157524,0.0103746,0.0094));
#7163=CARTESIAN_POINT('',(0.0175524,0.0121746,0.0094));
#7164=CARTESIAN_POINT('',(0.0164024,0.0121746,0.0094));
#7165=CARTESIAN_POINT('',(0.0175524,0.0110246,0.0094));
#7166=CARTESIAN_POINT('',(0.0164024,0.0110246,0.0094));
#7167=CARTESIAN_POINT('',(0.0164024,0.0258746,0.0094));
#7168=CARTESIAN_POINT('',(0.0175524,0.0258746,0.0094));
#7169=CARTESIAN_POINT('',(0.0175524,0.0270246,0.0094));
#7170=CARTESIAN_POINT('',(0.0157524,0.0270246,0.0094));
#7171=CARTESIAN_POINT('',(0.0312524,0.0270246,0.0094));
#7172=CARTESIAN_POINT('',(0.0312524,0.0258746,0.0094));
#7173=CARTESIAN_POINT('',(0.0324024,0.0258746,0.0094));
#7174=CARTESIAN_POINT('',(0.0324024,0.0103746,0.0094));
#7175=CARTESIAN_POINT('',(0.0324024,0.0121746,0.0094));
#7176=CARTESIAN_POINT('',(0.0312524,0.0121746,0.0094));
#7177=CARTESIAN_POINT('',(0.0312524,0.0110246,0.0094));
#7178=CARTESIAN_POINT('',(0.0164024,0.0110246,0.0094));
#7179=CARTESIAN_POINT('',(0.0348524,0.0103746,0.0094));
#7180=CARTESIAN_POINT('',(0.0366524,0.0121746,0.0094));
#7181=CARTESIAN_POINT('',(0.0355024,0.0121746,0.0094));
#7182=CARTESIAN_POINT('',(0.0366524,0.0110246,0.0094));
#7183=CARTESIAN_POINT('',(0.0355024,0.0110246,0.0094));
#7184=CARTESIAN_POINT('',(0.0355024,0.0258746,0.0094));
#7185=CARTESIAN_POINT('',(0.0366524,0.0258746,0.0094));
#7186=CARTESIAN_POINT('',(0.0366524,0.0270246,0.0094));
#7187=CARTESIAN_POINT('',(0.0348524,0.0270246,0.0094));
#7188=CARTESIAN_POINT('',(0.0503524,0.0270246,0.0094));
#7189=CARTESIAN_POINT('',(0.0503524,0.0258746,0.0094));
#7190=CARTESIAN_POINT('',(0.0515024,0.0258746,0.0094));
#7191=CARTESIAN_POINT('',(0.0515024,0.0103746,0.0094));
#7192=CARTESIAN_POINT('',(0.0515024,0.0121746,0.0094));
#7193=CARTESIAN_POINT('',(0.0503524,0.0121746,0.0094));
#7194=CARTESIAN_POINT('',(0.0503524,0.0110246,0.0094));
#7195=CARTESIAN_POINT('',(0.0355024,0.0110246,0.0094));
#7196=CARTESIAN_POINT('',(0.1031796,0.0042,0.0068));
#7197=CARTESIAN_POINT('',(0.0540024,0.0103746,0.0094));
#7198=CARTESIAN_POINT('',(0.0558024,0.0121746,0.0094));
#7199=CARTESIAN_POINT('',(0.0546524,0.0121746,0.0094));
#7200=CARTESIAN_POINT('',(0.0558024,0.0110246,0.0094));
#7201=CARTESIAN_POINT('',(0.0546524,0.0110246,0.0094));
#7202=CARTESIAN_POINT('',(0.0546524,0.0258746,0.0094));
#7203=CARTESIAN_POINT('',(0.0558024,0.0258746,0.0094));
#7204=CARTESIAN_POINT('',(0.0558024,0.0270246,0.0094));
#7205=CARTESIAN_POINT('',(0.0540024,0.0270246,0.0094));
#7206=CARTESIAN_POINT('',(0.0695024,0.0270246,0.0094));
#7207=CARTESIAN_POINT('',(0.0695024,0.0258746,0.0094));
#7208=CARTESIAN_POINT('',(0.0706524,0.0258746,0.0094));
#7209=CARTESIAN_POINT('',(0.0706524,0.0103746,0.0094));
#7210=CARTESIAN_POINT('',(0.0706524,0.0121746,0.0094));
#7211=CARTESIAN_POINT('',(0.0695024,0.0121746,0.0094));
#7212=CARTESIAN_POINT('',(0.0695024,0.0110246,0.0094));
#7213=CARTESIAN_POINT('',(0.0546524,0.0110246,0.0094));
#7214=CARTESIAN_POINT('',(0.0730224,0.0103746,0.0094));
#7215=CARTESIAN_POINT('',(0.0748224,0.0121746,0.0094));
#7216=CARTESIAN_POINT('',(0.0736724,0.0121746,0.0094));
#7217=CARTESIAN_POINT('',(0.0748224,0.0110246,0.0094));
#7218=CARTESIAN_POINT('',(0.0736724,0.0110246,0.0094));
#7219=CARTESIAN_POINT('',(0.0736724,0.0258746,0.0094));
#7220=CARTESIAN_POINT('',(0.0748224,0.0258746,0.0094));
#7221=CARTESIAN_POINT('',(0.0748224,0.0270246,0.0094));
#7222=CARTESIAN_POINT('',(0.0730224,0.0270246,0.0094));
#7223=CARTESIAN_POINT('',(0.0885224,0.0270246,0.0094));
#7224=CARTESIAN_POINT('',(0.0885224,0.0258746,0.0094));
#7225=CARTESIAN_POINT('',(0.0896724,0.0258746,0.0094));
#7226=CARTESIAN_POINT('',(0.0896724,0.0103746,0.0094));
#7227=CARTESIAN_POINT('',(0.0896724,0.0121746,0.0094));
#7228=CARTESIAN_POINT('',(0.0885224,0.0121746,0.0094));
#7229=CARTESIAN_POINT('',(0.0885224,0.0110246,0.0094));
#7230=CARTESIAN_POINT('',(0.0736724,0.0110246,0.0094));
#7231=CARTESIAN_POINT('',(0.0055,0.0378,0.0051));
#7232=CARTESIAN_POINT('',(0.0042,0.0603806,0.0068));
#7233=CARTESIAN_POINT('',(0.0249398,0.0293,0.0093));
#7234=CARTESIAN_POINT('',(0.0263398,0.0307,0.0093));
#7235=CARTESIAN_POINT('',(0.0255398,0.0307,0.0093));
#7236=CARTESIAN_POINT('',(0.0263398,0.0299,0.0093));
#7237=CARTESIAN_POINT('',(0.0255398,0.0299,0.0093));
#7238=CARTESIAN_POINT('',(0.0255398,0.0449,0.0093));
#7239=CARTESIAN_POINT('',(0.0263398,0.0449,0.0093));
#7240=CARTESIAN_POINT('',(0.0263398,0.0457,0.0093));
#7241=CARTESIAN_POINT('',(0.0249398,0.0457,0.0093));
#7242=CARTESIAN_POINT('',(0.0810398,0.0457,0.0093));
#7243=CARTESIAN_POINT('',(0.0810398,0.0449,0.0093));
#7244=CARTESIAN_POINT('',(0.0818398,0.0449,0.0093));
#7245=CARTESIAN_POINT('',(0.0818398,0.0293,0.0093));
#7246=CARTESIAN_POINT('',(0.0818398,0.0307,0.0093));
#7247=CARTESIAN_POINT('',(0.0810398,0.0307,0.0093));
#7248=CARTESIAN_POINT('',(0.0810398,0.0299,0.0093));
#7249=CARTESIAN_POINT('',(0.0255398,0.0299,0.0093));
#7250=CARTESIAN_POINT('',(0.1018796,0.0378,0.0051));
#7251=CARTESIAN_POINT('',(0.1031796,0.0603806,0.0068));
#7252=CARTESIAN_POINT('',(0.1018796,0.0378,0.005));
#7253=CARTESIAN_POINT('',(0.1018796,0.0378,0.005));
#7254=CARTESIAN_POINT('',(0.1018796,0.0378,0.005));
#7255=CARTESIAN_POINT('',(0.0055,0.0378,0.005));
#7256=CARTESIAN_POINT('',(0.0055,0.0378,0.005));
#7257=CARTESIAN_POINT('',(0.0055,0.0378,0.005));
#7258=CARTESIAN_POINT('',(0.0175524,0.0121746,-0.0005));
#7259=CARTESIAN_POINT('',(0.0175524,0.0110246,-0.0005));
#7260=CARTESIAN_POINT('',(0.0164024,0.0121746,-0.0005));
#7261=CARTESIAN_POINT('',(0.0164024,0.0110246,-0.0005));
#7262=CARTESIAN_POINT('',(0.0164024,0.0258746,-0.0005));
#7263=CARTESIAN_POINT('',(0.0164024,0.0110246,-0.0005));
#7264=CARTESIAN_POINT('',(0.0312524,0.0110246,-0.0005));
#7265=CARTESIAN_POINT('',(0.0175524,0.0258746,-0.0005));
#7266=CARTESIAN_POINT('',(0.0175524,0.0270246,-0.0005));
#7267=CARTESIAN_POINT('',(0.0312524,0.0121746,-0.0005));
#7268=CARTESIAN_POINT('',(0.0324024,0.0121746,-0.0005));
#7269=CARTESIAN_POINT('',(0.0164024,0.0270246,-0.0005));
#7270=CARTESIAN_POINT('',(0.0312524,0.0270246,-0.0005));
#7271=CARTESIAN_POINT('',(0.0324024,0.0110246,-0.0005));
#7272=CARTESIAN_POINT('',(0.0324024,0.0258746,-0.0005));
#7273=CARTESIAN_POINT('',(0.0312524,0.0258746,-0.0005));
#7274=CARTESIAN_POINT('',(0.0366524,0.0121746,-0.0005));
#7275=CARTESIAN_POINT('',(0.0366524,0.0110246,-0.0005));
#7276=CARTESIAN_POINT('',(0.0355024,0.0121746,-0.0005));
#7277=CARTESIAN_POINT('',(0.0355024,0.0110246,-0.0005));
#7278=CARTESIAN_POINT('',(0.0355024,0.0258746,-0.0005));
#7279=CARTESIAN_POINT('',(0.0355024,0.0110246,-0.0005));
#7280=CARTESIAN_POINT('',(0.0503524,0.0110246,-0.0005));
#7281=CARTESIAN_POINT('',(0.0366524,0.0258746,-0.0005));
#7282=CARTESIAN_POINT('',(0.0366524,0.0270246,-0.0005));
#7283=CARTESIAN_POINT('',(0.0503524,0.0121746,-0.0005));
#7284=CARTESIAN_POINT('',(0.0515024,0.0121746,-0.0005));
#7285=CARTESIAN_POINT('',(0.0355024,0.0270246,-0.0005));
#7286=CARTESIAN_POINT('',(0.0503524,0.0270246,-0.0005));
#7287=CARTESIAN_POINT('',(0.0515024,0.0110246,-0.0005));
#7288=CARTESIAN_POINT('',(0.0515024,0.0258746,-0.0005));
#7289=CARTESIAN_POINT('',(0.0503524,0.0258746,-0.0005));
#7290=CARTESIAN_POINT('',(0.0558024,0.0121746,-0.0005));
#7291=CARTESIAN_POINT('',(0.0558024,0.0110246,-0.0005));
#7292=CARTESIAN_POINT('',(0.0546524,0.0121746,-0.0005));
#7293=CARTESIAN_POINT('',(0.0546524,0.0110246,-0.0005));
#7294=CARTESIAN_POINT('',(0.0546524,0.0258746,-0.0005));
#7295=CARTESIAN_POINT('',(0.0546524,0.0110246,-0.0005));
#7296=CARTESIAN_POINT('',(0.0695024,0.0110246,-0.0005));
#7297=CARTESIAN_POINT('',(0.0558024,0.0258746,-0.0005));
#7298=CARTESIAN_POINT('',(0.0558024,0.0270246,-0.0005));
#7299=CARTESIAN_POINT('',(0.0695024,0.0121746,-0.0005));
#7300=CARTESIAN_POINT('',(0.0706524,0.0121746,-0.0005));
#7301=CARTESIAN_POINT('',(0.0546524,0.0270246,-0.0005));
#7302=CARTESIAN_POINT('',(0.0695024,0.0270246,-0.0005));
#7303=CARTESIAN_POINT('',(0.0706524,0.0110246,-0.0005));
#7304=CARTESIAN_POINT('',(0.0706524,0.0258746,-0.0005));
#7305=CARTESIAN_POINT('',(0.0695024,0.0258746,-0.0005));
#7306=CARTESIAN_POINT('',(0.0748224,0.0121746,-0.0005));
#7307=CARTESIAN_POINT('',(0.0748224,0.0110246,-0.0005));
#7308=CARTESIAN_POINT('',(0.0736724,0.0121746,-0.0005));
#7309=CARTESIAN_POINT('',(0.0736724,0.0110246,-0.0005));
#7310=CARTESIAN_POINT('',(0.0736724,0.0258746,-0.0005));
#7311=CARTESIAN_POINT('',(0.0736724,0.0110246,-0.0005));
#7312=CARTESIAN_POINT('',(0.0885224,0.0110246,-0.0005));
#7313=CARTESIAN_POINT('',(0.0748224,0.0258746,-0.0005));
#7314=CARTESIAN_POINT('',(0.0748224,0.0270246,-0.0005));
#7315=CARTESIAN_POINT('',(0.0885224,0.0121746,-0.0005));
#7316=CARTESIAN_POINT('',(0.0896724,0.0121746,-0.0005));
#7317=CARTESIAN_POINT('',(0.0736724,0.0270246,-0.0005));
#7318=CARTESIAN_POINT('',(0.0885224,0.0270246,-0.0005));
#7319=CARTESIAN_POINT('',(0.0896724,0.0110246,-0.0005));
#7320=CARTESIAN_POINT('',(0.0896724,0.0258746,-0.0005));
#7321=CARTESIAN_POINT('',(0.0885224,0.0258746,-0.0005));
#7322=CARTESIAN_POINT('',(0.0263398,0.0307,-0.0005));
#7323=CARTESIAN_POINT('',(0.0263398,0.0299,-0.0005));
#7324=CARTESIAN_POINT('',(0.0255398,0.0307,-0.0005));
#7325=CARTESIAN_POINT('',(0.0255398,0.0299,-0.0005));
#7326=CARTESIAN_POINT('',(0.0255398,0.0449,-0.0005));
#7327=CARTESIAN_POINT('',(0.0255398,0.0299,-0.0005));
#7328=CARTESIAN_POINT('',(0.0810398,0.0299,-0.0005));
#7329=CARTESIAN_POINT('',(0.0263398,0.0449,-0.0005));
#7330=CARTESIAN_POINT('',(0.0263398,0.0457,-0.0005));
#7331=CARTESIAN_POINT('',(0.0810398,0.0307,-0.0005));
#7332=CARTESIAN_POINT('',(0.0818398,0.0307,-0.0005));
#7333=CARTESIAN_POINT('',(0.0255398,0.0457,-0.0005));
#7334=CARTESIAN_POINT('',(0.0810398,0.0457,-0.0005));
#7335=CARTESIAN_POINT('',(0.0818398,0.0299,-0.0005));
#7336=CARTESIAN_POINT('',(0.0818398,0.0449,-0.0005));
#7337=CARTESIAN_POINT('',(0.0810398,0.0449,-0.0005));
#7338=CARTESIAN_POINT('',(0.,0.,0.));
#7339=CARTESIAN_POINT('',(0.,0.,0.));
#7340=CARTESIAN_POINT('',(0.,0.0448676,0.01465));
#7341=CARTESIAN_POINT('',(0.,0.0445847572875255,0.015));
#7342=CARTESIAN_POINT('',(0.,0.0444176,0.01465));
#7343=CARTESIAN_POINT('',(0.,0.0444176,0.));
#7344=CARTESIAN_POINT('',(0.,0.0444176,0.00295));
#7345=CARTESIAN_POINT('',(0.,0.0448676,0.00295));
#7346=CARTESIAN_POINT('',(0.,0.0448676,0.0025));
#7347=CARTESIAN_POINT('',(0.,0.0444176,0.0025));
#7348=CARTESIAN_POINT('',(0.,0.0451176,0.0025));
#7349=CARTESIAN_POINT('',(0.,0.0451176,0.00295));
#7350=CARTESIAN_POINT('',(0.,0.0455676,0.00295));
#7351=CARTESIAN_POINT('',(0.,0.0455676,0.));
#7352=CARTESIAN_POINT('',(0.,0.0455676,0.01465));
#7353=CARTESIAN_POINT('',(0.,0.0451176,0.01465));
#7354=CARTESIAN_POINT('',(0.,0.0454004427124742,0.015));
#7355=CARTESIAN_POINT('',(0.,0.,0.015));
#7356=CARTESIAN_POINT('',(0.,0.0605806,0.015));
#7357=CARTESIAN_POINT('',(0.,0.0605806,0.));
#7358=CARTESIAN_POINT('',(-4.33680868994202E-19,0.0605806,0.));
#7359=CARTESIAN_POINT('',(-4.4408920985005E-19,0.,0.));
#7360=CARTESIAN_POINT('',(-4.33680868994202E-19,0.004,0.));
#7361=CARTESIAN_POINT('',(0.,0.004,0.));
#7362=CARTESIAN_POINT('',(0.,0.004,0.015));
#7363=CARTESIAN_POINT('',(0.,0.,0.015));
#7364=CARTESIAN_POINT('',(0.,0.,0.015));
#7365=CARTESIAN_POINT('',(0.004,0.004,0.015));
#7366=CARTESIAN_POINT('',(0.004,-4.33680868994202E-19,0.015));
#7367=CARTESIAN_POINT('',(0.,-4.4408920985005E-19,0.015));
#7368=CARTESIAN_POINT('',(0.1033796,-4.33680868994202E-19,0.015));
#7369=CARTESIAN_POINT('',(0.1033796,0.004,0.015));
#7370=CARTESIAN_POINT('',(0.1073796,0.004,0.015));
#7371=CARTESIAN_POINT('',(0.1073796,0.,0.015));
#7372=CARTESIAN_POINT('',(0.1073796,0.0605806,0.015));
#7373=CARTESIAN_POINT('',(0.1033796,0.0605806,0.015));
#7374=CARTESIAN_POINT('',(0.1033796,0.0645806,0.015));
#7375=CARTESIAN_POINT('',(0.,0.0645806,0.015));
#7376=CARTESIAN_POINT('',(0.004,0.0645806,0.015));
#7377=CARTESIAN_POINT('',(0.004,0.0605806,0.015));
#7378=CARTESIAN_POINT('',(0.,0.045400442712474,0.015));
#7379=CARTESIAN_POINT('',(0.0024,0.0454004427124743,0.015));
#7380=CARTESIAN_POINT('',(0.0024,0.,0.015));
#7381=CARTESIAN_POINT('',(0.00240000000000031,0.0570339598938635,0.015));
#7382=CARTESIAN_POINT('',(0.0042,0.0603806,0.015));
#7383=CARTESIAN_POINT('',(0.00754664010613615,0.0621806,0.015));
#7384=CARTESIAN_POINT('',(0.0024,0.0621806,0.015));
#7385=CARTESIAN_POINT('',(0.0998329598938637,0.0621806,0.015));
#7386=CARTESIAN_POINT('',(0.1031796,0.0603806,0.015));
#7387=CARTESIAN_POINT('',(0.1049796,0.0570339598938639,0.015));
#7388=CARTESIAN_POINT('',(0.1049796,0.0024,0.015));
#7389=CARTESIAN_POINT('',(0.1049796,0.00754664010613626,0.015));
#7390=CARTESIAN_POINT('',(0.1031796,0.0042,0.015));
#7391=CARTESIAN_POINT('',(0.0998329598938639,0.00239999999999997,0.015));
#7392=CARTESIAN_POINT('',(0.,0.00239999999999993,0.015));
#7393=CARTESIAN_POINT('',(0.00754664010613625,0.0023999999999999,0.015));
#7394=CARTESIAN_POINT('',(0.0042,0.0042,0.015));
#7395=CARTESIAN_POINT('',(0.00239999999999997,0.00754664010613613,0.015));
#7396=CARTESIAN_POINT('',(0.00239999999999993,0.,0.015));
#7397=CARTESIAN_POINT('',(0.0024,0.0445847572875255,0.015));
#7398=CARTESIAN_POINT('',(-0.001,0.0445847572875257,0.0150000000000003));
#7399=CARTESIAN_POINT('',(0.0042,0.0042,0.015));
#7400=CARTESIAN_POINT('',(0.0061,0.0042,0.015));
#7401=CARTESIAN_POINT('',(0.1031796,0.0042,0.015));
#7402=CARTESIAN_POINT('',(0.1050796,0.0042,0.015));
#7403=CARTESIAN_POINT('',(0.0042,0.0603806,0.015));
#7404=CARTESIAN_POINT('',(0.0061,0.0603806,0.015));
#7405=CARTESIAN_POINT('',(0.1031796,0.0603806,0.015));
#7406=CARTESIAN_POINT('',(0.1050796,0.0603806,0.015));
#7407=CARTESIAN_POINT('',(0.004,0.004,0.));
#7408=CARTESIAN_POINT('',(0.004,0.004,0.));
#7409=CARTESIAN_POINT('',(0.004,0.,0.));
#7410=CARTESIAN_POINT('',(0.004,0.,0.));
#7411=CARTESIAN_POINT('',(0.,0.,0.));
#7412=CARTESIAN_POINT('',(0.004,0.0605806,0.));
#7413=CARTESIAN_POINT('',(0.004,0.0645806,0.));
#7414=CARTESIAN_POINT('',(0.,0.0645806,0.));
#7415=CARTESIAN_POINT('',(0.1033796,0.0645806,0.));
#7416=CARTESIAN_POINT('',(0.1033796,0.0605806,0.));
#7417=CARTESIAN_POINT('',(0.1073796,0.0605806,0.));
#7418=CARTESIAN_POINT('',(0.1073796,0.,0.));
#7419=CARTESIAN_POINT('',(0.1073796,0.004,0.));
#7420=CARTESIAN_POINT('',(0.1033796,0.004,0.));
#7421=CARTESIAN_POINT('',(0.1033796,0.,0.));
#7422=CARTESIAN_POINT('',(0.,0.,0.));
#7423=CARTESIAN_POINT('',(0.004,0.0605806,0.));
#7424=CARTESIAN_POINT('',(0.004,0.0645806,0.));
#7425=CARTESIAN_POINT('',(-0.001,0.0451176,0.01465));
#7426=CARTESIAN_POINT('',(0.0024,0.0451176,0.01465));
#7427=CARTESIAN_POINT('',(0.0024,0.0455676,0.01465));
#7428=CARTESIAN_POINT('',(-0.001,0.0455676,0.01465));
#7429=CARTESIAN_POINT('',(-0.001,0.0455676,0.0025));
#7430=CARTESIAN_POINT('',(0.0024,0.0455676,0.0025));
#7431=CARTESIAN_POINT('',(0.0024,0.0455676,0.00295));
#7432=CARTESIAN_POINT('',(-0.001,0.0455676,0.00295));
#7433=CARTESIAN_POINT('',(-0.001,0.0451176,0.00295));
#7434=CARTESIAN_POINT('',(-0.001,0.0451176,0.0025));
#7435=CARTESIAN_POINT('',(0.0024,0.0451176,0.0025));
#7436=CARTESIAN_POINT('',(0.0024,0.0451176,0.00295));
#7437=CARTESIAN_POINT('',(-0.001,0.0444176,0.0025));
#7438=CARTESIAN_POINT('',(-0.001,0.0448676,0.0025));
#7439=CARTESIAN_POINT('',(0.0024,0.0448676,0.0025));
#7440=CARTESIAN_POINT('',(0.0024,0.0024,0.0025));
#7441=CARTESIAN_POINT('',(-0.001,0.0448676,0.00295));
#7442=CARTESIAN_POINT('',(-0.001,0.0444176,0.00295));
#7443=CARTESIAN_POINT('',(0.0024,0.0444176,0.00295));
#7444=CARTESIAN_POINT('',(0.0024,0.0448676,0.00295));
#7445=CARTESIAN_POINT('',(-0.001,0.0444176,0.0091));
#7446=CARTESIAN_POINT('',(-0.001,0.0444176,0.01465));
#7447=CARTESIAN_POINT('',(0.0024,0.0444176,0.01465));
#7448=CARTESIAN_POINT('',(0.0024,0.0444176,0.0091));
#7449=CARTESIAN_POINT('',(-0.001,0.0448676,0.01465));
#7450=CARTESIAN_POINT('',(0.0024,0.0448676,0.01465));
#7451=CARTESIAN_POINT('',(0.,0.,0.));
#7452=CARTESIAN_POINT('',(0.1033796,0.,0.));
#7453=CARTESIAN_POINT('',(0.0024,0.0024,0.0024));
#7454=CARTESIAN_POINT('',(0.0024,0.007546640106136,0.0024));
#7455=CARTESIAN_POINT('',(0.0024,0.00754664010613615,0.0024));
#7456=CARTESIAN_POINT('',(0.0024,0.0024,0.0024));
#7457=CARTESIAN_POINT('',(0.00240000000000031,0.0570339598938635,0.0024));
#7458=CARTESIAN_POINT('',(0.00240000000000063,0.0570339598938634,0.));
#7459=CARTESIAN_POINT('',(0.1033796,0.004,0.));
#7460=CARTESIAN_POINT('',(0.1073796,0.004,0.));
#7461=CARTESIAN_POINT('',(0.0042,0.0042,0.));
#7462=CARTESIAN_POINT('',(0.00754664010613623,0.00239999999999987,0.));
#7463=CARTESIAN_POINT('',(0.00754664010613625,0.0023999999999999,0.0024));
#7464=CARTESIAN_POINT('',(0.0042,0.0042,0.0024));
#7465=CARTESIAN_POINT('',(0.1073796,0.,0.));
#7466=CARTESIAN_POINT('',(0.1073796,0.0605806,0.));
#7467=CARTESIAN_POINT('',(0.0024,0.0024,0.0024));
#7468=CARTESIAN_POINT('',(0.0024,0.00239999999999993,0.0024));
#7469=CARTESIAN_POINT('',(0.0998329598938639,0.00239999999999997,0.0024));
#7470=CARTESIAN_POINT('',(0.099832959893864,0.0024,0.0024));
#7471=CARTESIAN_POINT('',(0.1033796,0.0605806,0.));
#7472=CARTESIAN_POINT('',(0.1033796,0.0645806,0.));
#7473=CARTESIAN_POINT('',(0.1031796,0.0042,0.));
#7474=CARTESIAN_POINT('',(0.1031796,0.0042,0.0024));
#7475=CARTESIAN_POINT('',(0.1049796,0.00754664010613629,0.0024));
#7476=CARTESIAN_POINT('',(0.1049796,0.00754664010613623,0.));
#7477=CARTESIAN_POINT('',(0.,0.0645806,0.));
#7478=CARTESIAN_POINT('',(0.076057,0.0645806,0.0051));
#7479=CARTESIAN_POINT('',(0.076057,0.0645806,0.0051));
#7480=CARTESIAN_POINT('',(0.076057,0.0645806,0.0109));
#7481=CARTESIAN_POINT('',(0.,0.0645806,0.0051));
#7482=CARTESIAN_POINT('',(0.086257,0.0645806,0.0051));
#7483=CARTESIAN_POINT('',(0.086257,0.0645806,0.));
#7484=CARTESIAN_POINT('',(0.086257,0.0645806,0.0109));
#7485=CARTESIAN_POINT('',(0.076057,0.0645806,0.0109));
#7486=CARTESIAN_POINT('',(0.1049796,0.0024,0.0024));
#7487=CARTESIAN_POINT('',(0.1049796,0.057033959893864,0.0024));
#7488=CARTESIAN_POINT('',(0.1049796,0.0570339598938638,0.0024));
#7489=CARTESIAN_POINT('',(0.1049796,0.0024,0.0024));
#7490=CARTESIAN_POINT('',(0.1031796,0.0603806,0.));
#7491=CARTESIAN_POINT('',(0.1031796,0.0603806,0.0024));
#7492=CARTESIAN_POINT('',(0.0998329598938637,0.0621806,0.0024));
#7493=CARTESIAN_POINT('',(0.0998329598938638,0.0621806,0.));
#7494=CARTESIAN_POINT('',(0.0024,0.0621806,0.0024));
#7495=CARTESIAN_POINT('',(0.007546640106136,0.0621806,0.0024));
#7496=CARTESIAN_POINT('',(0.00754664010613615,0.0621806,0.0024));
#7497=CARTESIAN_POINT('',(0.0024,0.0621806,0.0024));
#7498=CARTESIAN_POINT('',(0.0042,0.0603806,0.));
#7499=CARTESIAN_POINT('',(0.0042,0.0603806,0.0024));
#7500=CARTESIAN_POINT('',(0.0042,0.0042,0.0101));
#7501=CARTESIAN_POINT('',(0.0042,0.0042,0.0101));
#7502=CARTESIAN_POINT('',(0.0061,0.0042,0.0101));
#7503=CARTESIAN_POINT('',(0.0061,0.0042,0.0101));
#7504=CARTESIAN_POINT('',(0.1031796,0.0042,0.0101));
#7505=CARTESIAN_POINT('',(0.1031796,0.0042,0.0101));
#7506=CARTESIAN_POINT('',(0.1050796,0.0042,0.0101));
#7507=CARTESIAN_POINT('',(0.1050796,0.0042,0.0101));
#7508=CARTESIAN_POINT('',(0.0042,0.0603806,0.0101));
#7509=CARTESIAN_POINT('',(0.0042,0.0603806,0.0101));
#7510=CARTESIAN_POINT('',(0.0061,0.0603806,0.0101));
#7511=CARTESIAN_POINT('',(0.0061,0.0603806,0.0101));
#7512=CARTESIAN_POINT('',(0.1031796,0.0603806,0.0101));
#7513=CARTESIAN_POINT('',(0.1031796,0.0603806,0.0101));
#7514=CARTESIAN_POINT('',(0.1050796,0.0603806,0.0101));
#7515=CARTESIAN_POINT('',(0.1050796,0.0603806,0.0101));
#7516=CARTESIAN_POINT('',(0.0024,0.0024,0.0024));
#7517=CARTESIAN_POINT('',(0.0111448,0.0319982,0.0024));
#7518=CARTESIAN_POINT('',(0.0149448,0.0319982,0.0024));
#7519=CARTESIAN_POINT('',(0.0966924,0.0319982,0.0024));
#7520=CARTESIAN_POINT('',(0.1004924,0.0319982,0.0024));
#7521=CARTESIAN_POINT('',(0.077057,0.0645806,0.0051));
#7522=CARTESIAN_POINT('',(0.077057,0.0645806,0.0109));
#7523=CARTESIAN_POINT('',(0.077057,0.0635806,0.0109));
#7524=CARTESIAN_POINT('',(0.077057,0.0635806,0.0051));
#7525=CARTESIAN_POINT('',(0.077057,0.0635806,0.0051));
#7526=CARTESIAN_POINT('',(0.077057,0.0645806,0.0051));
#7527=CARTESIAN_POINT('',(0.076057,0.0635806,0.0109));
#7528=CARTESIAN_POINT('',(0.085257,0.0645806,0.0109));
#7529=CARTESIAN_POINT('',(0.085257,0.0635806,0.0109));
#7530=CARTESIAN_POINT('',(0.076057,0.0635806,0.0109));
#7531=CARTESIAN_POINT('',(0.085257,0.0645806,0.0051));
#7532=CARTESIAN_POINT('',(0.085257,0.0645806,0.0051));
#7533=CARTESIAN_POINT('',(0.085257,0.0635806,0.0051));
#7534=CARTESIAN_POINT('',(0.085257,0.0635806,0.0051));
#7535=CARTESIAN_POINT('',(0.076057,0.0635806,0.0051));
#7536=CARTESIAN_POINT('',(0.076057,0.0635806,0.0051));
#7537=CARTESIAN_POINT('',(0.0042,0.0042,0.0101));
#7538=CARTESIAN_POINT('',(0.1031796,0.0042,0.0101));
#7539=CARTESIAN_POINT('',(0.0042,0.0603806,0.0101));
#7540=CARTESIAN_POINT('',(0.1031796,0.0603806,0.0101));
#7541=CARTESIAN_POINT('',(0.0111448,0.0319982,0.0022));
#7542=CARTESIAN_POINT('',(0.0149448,0.0319982,0.0022));
#7543=CARTESIAN_POINT('',(0.0149448,0.0319982,0.0128));
#7544=CARTESIAN_POINT('',(0.0111448,0.0319982,0.0128));
#7545=CARTESIAN_POINT('',(0.0966924,0.0319982,0.0022));
#7546=CARTESIAN_POINT('',(0.1004924,0.0319982,0.0022));
#7547=CARTESIAN_POINT('',(0.1004924,0.0319982,0.0128));
#7548=CARTESIAN_POINT('',(0.0966924,0.0319982,0.0128));
#7549=CARTESIAN_POINT('',(0.076057,0.0635806,0.0051));
#7550=CARTESIAN_POINT('',(0.0111448,0.0319982,0.0128));
#7551=CARTESIAN_POINT('',(0.0111448,0.0319982,0.0128));
#7552=CARTESIAN_POINT('',(0.0130448,0.0319982,0.0128));
#7553=CARTESIAN_POINT('',(0.0966924,0.0319982,0.0128));
#7554=CARTESIAN_POINT('',(0.0966924,0.0319982,0.0128));
#7555=CARTESIAN_POINT('',(0.0985924,0.0319982,0.0128));
#7556=CARTESIAN_POINT('',(0.0111448,0.0319982,0.0079));
#7557=CARTESIAN_POINT('',(0.0111448,0.0319982,0.0079));
#7558=CARTESIAN_POINT('',(0.0130448,0.0319982,0.0079));
#7559=CARTESIAN_POINT('',(0.0130448,0.0319982,0.0079));
#7560=CARTESIAN_POINT('',(0.0966924,0.0319982,0.0079));
#7561=CARTESIAN_POINT('',(0.0966924,0.0319982,0.0079));
#7562=CARTESIAN_POINT('',(0.0985924,0.0319982,0.0079));
#7563=CARTESIAN_POINT('',(0.0985924,0.0319982,0.0079));
#7564=CARTESIAN_POINT('',(0.0111448,0.0319982,0.0079));
#7565=CARTESIAN_POINT('',(0.0966924,0.0319982,0.0079));
#7566=CARTESIAN_POINT('',(0.,0.,-0.014986));
#7567=CARTESIAN_POINT('',(0.0827648,0.04134,0.0043));
#7568=CARTESIAN_POINT('',(0.0827648,0.04654,0.0043));
#7569=CARTESIAN_POINT('',(0.0827648,0.04654,0.0043));
#7570=CARTESIAN_POINT('',(0.0827648,0.04654,0.00605));
#7571=CARTESIAN_POINT('',(0.0827648,0.04134,0.0043));
#7572=CARTESIAN_POINT('',(0.0827648,0.04214,0.0043));
#7573=CARTESIAN_POINT('',(0.0827648,0.04214,0.0043));
#7574=CARTESIAN_POINT('',(0.0827648,0.04214,0.00605));
#7575=CARTESIAN_POINT('',(0.0827648,0.04134,0.00605));
#7576=CARTESIAN_POINT('',(0.0827648,0.04134,0.0043));
#7577=CARTESIAN_POINT('',(0.0835648,0.04654,0.0043));
#7578=CARTESIAN_POINT('',(0.0835648,0.04734,0.0043));
#7579=CARTESIAN_POINT('',(0.0827648,0.04734,0.0043));
#7580=CARTESIAN_POINT('',(0.0879648,0.04734,0.0043));
#7581=CARTESIAN_POINT('',(0.0879648,0.04654,0.0043));
#7582=CARTESIAN_POINT('',(0.0887648,0.04654,0.0043));
#7583=CARTESIAN_POINT('',(0.0887648,0.04134,0.0043));
#7584=CARTESIAN_POINT('',(0.0887648,0.04214,0.0043));
#7585=CARTESIAN_POINT('',(0.0879648,0.04214,0.0043));
#7586=CARTESIAN_POINT('',(0.0879648,0.04134,0.0043));
#7587=CARTESIAN_POINT('',(0.0827648,0.04134,0.0043));
#7588=CARTESIAN_POINT('',(0.0835648,0.04134,0.0043));
#7589=CARTESIAN_POINT('',(0.0835648,0.04214,0.0043));
#7590=CARTESIAN_POINT('',(0.0887648,0.04134,0.0043));
#7591=CARTESIAN_POINT('',(0.0887648,0.04134,0.00605));
#7592=CARTESIAN_POINT('',(0.0887648,0.04214,0.00605));
#7593=CARTESIAN_POINT('',(0.0887648,0.04654,0.00605));
#7594=CARTESIAN_POINT('',(0.0887648,0.04214,0.0043));
#7595=CARTESIAN_POINT('',(0.0887648,0.04654,0.0043));
#7596=CARTESIAN_POINT('',(0.0879648,0.04654,0.0043));
#7597=CARTESIAN_POINT('',(0.0879648,0.04734,0.0043));
#7598=CARTESIAN_POINT('',(0.0879648,0.04734,0.00605));
#7599=CARTESIAN_POINT('',(0.0879648,0.04654,0.00605));
#7600=CARTESIAN_POINT('',(0.0879648,0.04214,0.0043));
#7601=CARTESIAN_POINT('',(0.0879648,0.04214,0.00605));
#7602=CARTESIAN_POINT('',(0.0879648,0.04134,0.00605));
#7603=CARTESIAN_POINT('',(0.0879648,0.04134,0.0043));
#7604=CARTESIAN_POINT('',(0.0827648,0.04734,0.0043));
#7605=CARTESIAN_POINT('',(0.0835648,0.04734,0.0043));
#7606=CARTESIAN_POINT('',(0.0835648,0.04734,0.00605));
#7607=CARTESIAN_POINT('',(0.0827648,0.04734,0.00605));
#7608=CARTESIAN_POINT('',(0.0827648,0.04134,0.0043));
#7609=CARTESIAN_POINT('',(0.0827648,0.04134,0.00605));
#7610=CARTESIAN_POINT('',(0.0835648,0.04134,0.00605));
#7611=CARTESIAN_POINT('',(0.0835648,0.04134,0.0043));
#7612=CARTESIAN_POINT('',(0.0835648,0.04654,0.0043));
#7613=CARTESIAN_POINT('',(0.0835648,0.04654,0.00605));
#7614=CARTESIAN_POINT('',(0.0835648,0.04214,0.0043));
#7615=CARTESIAN_POINT('',(0.0835648,0.04214,0.00605));
#7616=CARTESIAN_POINT('',(0.0827648,0.04134,0.00605));
#7617=CARTESIAN_POINT('',(0.,0.,0.));
#7618=CARTESIAN_POINT('',(0.0827648,0.02826,0.0043));
#7619=CARTESIAN_POINT('',(0.0827648,0.03346,0.0043));
#7620=CARTESIAN_POINT('',(0.0827648,0.03346,0.0043));
#7621=CARTESIAN_POINT('',(0.0827648,0.03346,0.00605));
#7622=CARTESIAN_POINT('',(0.0827648,0.02826,0.0043));
#7623=CARTESIAN_POINT('',(0.0827648,0.02906,0.0043));
#7624=CARTESIAN_POINT('',(0.0827648,0.02906,0.0043));
#7625=CARTESIAN_POINT('',(0.0827648,0.02906,0.00605));
#7626=CARTESIAN_POINT('',(0.0827648,0.02826,0.00605));
#7627=CARTESIAN_POINT('',(0.0827648,0.02826,0.0043));
#7628=CARTESIAN_POINT('',(0.0835648,0.03346,0.0043));
#7629=CARTESIAN_POINT('',(0.0835648,0.03426,0.0043));
#7630=CARTESIAN_POINT('',(0.0827648,0.03426,0.0043));
#7631=CARTESIAN_POINT('',(0.0879648,0.03426,0.0043));
#7632=CARTESIAN_POINT('',(0.0879648,0.03346,0.0043));
#7633=CARTESIAN_POINT('',(0.0887648,0.03346,0.0043));
#7634=CARTESIAN_POINT('',(0.0887648,0.02826,0.0043));
#7635=CARTESIAN_POINT('',(0.0887648,0.02906,0.0043));
#7636=CARTESIAN_POINT('',(0.0879648,0.02906,0.0043));
#7637=CARTESIAN_POINT('',(0.0879648,0.02826,0.0043));
#7638=CARTESIAN_POINT('',(0.0827648,0.02826,0.0043));
#7639=CARTESIAN_POINT('',(0.0835648,0.02826,0.0043));
#7640=CARTESIAN_POINT('',(0.0835648,0.02906,0.0043));
#7641=CARTESIAN_POINT('',(0.0887648,0.02826,0.0043));
#7642=CARTESIAN_POINT('',(0.0887648,0.02826,0.00605));
#7643=CARTESIAN_POINT('',(0.0887648,0.02906,0.00605));
#7644=CARTESIAN_POINT('',(0.0887648,0.03346,0.00605));
#7645=CARTESIAN_POINT('',(0.0887648,0.02906,0.0043));
#7646=CARTESIAN_POINT('',(0.0887648,0.03346,0.0043));
#7647=CARTESIAN_POINT('',(0.0879648,0.03346,0.0043));
#7648=CARTESIAN_POINT('',(0.0879648,0.03426,0.0043));
#7649=CARTESIAN_POINT('',(0.0879648,0.03426,0.00605));
#7650=CARTESIAN_POINT('',(0.0879648,0.03346,0.00605));
#7651=CARTESIAN_POINT('',(0.0879648,0.02906,0.0043));
#7652=CARTESIAN_POINT('',(0.0879648,0.02906,0.00605));
#7653=CARTESIAN_POINT('',(0.0879648,0.02826,0.00605));
#7654=CARTESIAN_POINT('',(0.0879648,0.02826,0.0043));
#7655=CARTESIAN_POINT('',(0.0827648,0.03426,0.0043));
#7656=CARTESIAN_POINT('',(0.0835648,0.03426,0.0043));
#7657=CARTESIAN_POINT('',(0.0835648,0.03426,0.00605));
#7658=CARTESIAN_POINT('',(0.0827648,0.03426,0.00605));
#7659=CARTESIAN_POINT('',(0.0827648,0.02826,0.0043));
#7660=CARTESIAN_POINT('',(0.0827648,0.02826,0.00605));
#7661=CARTESIAN_POINT('',(0.0835648,0.02826,0.00605));
#7662=CARTESIAN_POINT('',(0.0835648,0.02826,0.0043));
#7663=CARTESIAN_POINT('',(0.0835648,0.03346,0.0043));
#7664=CARTESIAN_POINT('',(0.0835648,0.03346,0.00605));
#7665=CARTESIAN_POINT('',(0.0835648,0.02906,0.0043));
#7666=CARTESIAN_POINT('',(0.0835648,0.02906,0.00605));
#7667=CARTESIAN_POINT('',(0.0827648,0.02826,0.00605));
#7668=CARTESIAN_POINT('',(0.,0.,0.));
#7669=CARTESIAN_POINT('',(0.0055,0.036,0.002));
#7670=CARTESIAN_POINT('',(0.0065,0.0386,0.002));
#7671=CARTESIAN_POINT('',(0.0059830163044389,0.0394559952444518,0.002));
#7672=CARTESIAN_POINT('',(0.0065,0.0396,0.002));
#7673=CARTESIAN_POINT('',(0.0055,0.0378,0.002));
#7674=CARTESIAN_POINT('',(0.00598301630443879,0.0361440047555484,0.002));
#7675=CARTESIAN_POINT('',(0.0065,0.037,0.002));
#7676=CARTESIAN_POINT('',(0.0065,0.036,0.002));
#7677=CARTESIAN_POINT('',(0.0055,0.036,0.002));
#7678=CARTESIAN_POINT('',(0.1008796,0.036,0.002));
#7679=CARTESIAN_POINT('',(0.1008796,0.037,0.002));
#7680=CARTESIAN_POINT('',(0.101396583695561,0.0361440047555481,0.002));
#7681=CARTESIAN_POINT('',(0.1018796,0.0378,0.002));
#7682=CARTESIAN_POINT('',(0.101396583695561,0.0394559952444515,0.002));
#7683=CARTESIAN_POINT('',(0.1008796,0.0386,0.002));
#7684=CARTESIAN_POINT('',(0.1008796,0.0396,0.002));
#7685=CARTESIAN_POINT('',(0.0055,0.0396,0.002));
#7686=CARTESIAN_POINT('',(0.0216148,0.0378,0.002));
#7687=CARTESIAN_POINT('',(0.0229148,0.0378,0.002));
#7688=CARTESIAN_POINT('',(0.0857648,0.0378,0.002));
#7689=CARTESIAN_POINT('',(0.0870648,0.0378,0.002));
#7690=CARTESIAN_POINT('',(0.0065,0.0386,0.));
#7691=CARTESIAN_POINT('',(0.0065,0.0396,0.));
#7692=CARTESIAN_POINT('',(0.0065,0.0396,0.));
#7693=CARTESIAN_POINT('',(0.0065,0.0386,0.));
#7694=CARTESIAN_POINT('',(0.0059830163044389,0.0394559952444518,0.));
#7695=CARTESIAN_POINT('',(0.00598301630443909,0.0394559952444519,0.));
#7696=CARTESIAN_POINT('',(0.0055,0.0396,0.));
#7697=CARTESIAN_POINT('',(0.0055,0.0396,0.));
#7698=CARTESIAN_POINT('',(0.1008796,0.0396,0.));
#7699=CARTESIAN_POINT('',(0.1008796,0.0396,0.));
#7700=CARTESIAN_POINT('',(0.1008796,0.0386,0.));
#7701=CARTESIAN_POINT('',(0.10139658369556,0.0394559952444513,-0.0001));
#7702=CARTESIAN_POINT('',(0.101396583695561,0.0394559952444515,0.));
#7703=CARTESIAN_POINT('',(0.1008796,0.0386,0.));
#7704=CARTESIAN_POINT('',(0.1018796,0.0378,-0.0001));
#7705=CARTESIAN_POINT('',(0.10139658369556,0.0361440047555477,0.));
#7706=CARTESIAN_POINT('',(0.101396583695561,0.0361440047555481,0.));
#7707=CARTESIAN_POINT('',(0.1018796,0.0378,0.));
#7708=CARTESIAN_POINT('',(0.1008796,0.037,0.));
#7709=CARTESIAN_POINT('',(0.1008796,0.036,0.));
#7710=CARTESIAN_POINT('',(0.1008796,0.036,0.));
#7711=CARTESIAN_POINT('',(0.1008796,0.037,0.));
#7712=CARTESIAN_POINT('',(0.0055,0.036,0.));
#7713=CARTESIAN_POINT('',(0.0065,0.036,0.));
#7714=CARTESIAN_POINT('',(0.0065,0.036,0.));
#7715=CARTESIAN_POINT('',(0.0055,0.036,0.));
#7716=CARTESIAN_POINT('',(0.0065,0.037,0.));
#7717=CARTESIAN_POINT('',(0.00598301630443888,0.0361440047555485,-0.0001));
#7718=CARTESIAN_POINT('',(0.00598301630443879,0.0361440047555484,0.));
#7719=CARTESIAN_POINT('',(0.0065,0.037,0.));
#7720=CARTESIAN_POINT('',(0.0055,0.0378,-0.0001));
#7721=CARTESIAN_POINT('',(0.0055,0.0378,0.));
#7722=CARTESIAN_POINT('',(0.0216148,0.0378,0.002));
#7723=CARTESIAN_POINT('',(0.0229148,0.0378,0.002));
#7724=CARTESIAN_POINT('',(0.0229148,0.0378,0.0022));
#7725=CARTESIAN_POINT('',(0.0216148,0.0378,0.0022));
#7726=CARTESIAN_POINT('',(0.0857648,0.0378,0.002));
#7727=CARTESIAN_POINT('',(0.0870648,0.0378,0.002));
#7728=CARTESIAN_POINT('',(0.0870648,0.0378,0.0022));
#7729=CARTESIAN_POINT('',(0.0857648,0.0378,0.0022));
#7730=CARTESIAN_POINT('',(0.0055,0.036,0.));
#7731=CARTESIAN_POINT('',(0.0216148,0.0378,0.0022));
#7732=CARTESIAN_POINT('',(0.0857648,0.0378,0.0022));
#7733=CARTESIAN_POINT('',(0.,0.,0.003048));
#7734=CARTESIAN_POINT('',(0.0156148,0.02576,0.0043));
#7735=CARTESIAN_POINT('',(0.0156148,0.02661,0.0043));
#7736=CARTESIAN_POINT('',(0.0156148,0.02661,0.0043));
#7737=CARTESIAN_POINT('',(0.0156148,0.02661,0.00605));
#7738=CARTESIAN_POINT('',(0.0156148,0.02576,0.0043));
#7739=CARTESIAN_POINT('',(0.0156148,0.02611,0.0043));
#7740=CARTESIAN_POINT('',(0.0156148,0.02611,0.0043));
#7741=CARTESIAN_POINT('',(0.0156148,0.02611,0.00605));
#7742=CARTESIAN_POINT('',(0.0156148,0.02576,0.00605));
#7743=CARTESIAN_POINT('',(0.0156148,0.02576,0.0043));
#7744=CARTESIAN_POINT('',(0.0159648,0.02661,0.0043));
#7745=CARTESIAN_POINT('',(0.0159648,0.02696,0.0043));
#7746=CARTESIAN_POINT('',(0.0159648,0.02731,0.0043));
#7747=CARTESIAN_POINT('',(0.0156148,0.02731,0.0043));
#7748=CARTESIAN_POINT('',(0.0156148,0.02576,0.0043));
#7749=CARTESIAN_POINT('',(0.0156148,0.04829,0.0043));
#7750=CARTESIAN_POINT('',(0.0159648,0.04829,0.0043));
#7751=CARTESIAN_POINT('',(0.0159648,0.04864,0.0043));
#7752=CARTESIAN_POINT('',(0.0159648,0.04899,0.0043));
#7753=CARTESIAN_POINT('',(0.0156148,0.04899,0.0043));
#7754=CARTESIAN_POINT('',(0.0156148,0.02576,0.0043));
#7755=CARTESIAN_POINT('',(0.0156148,0.04949,0.0043));
#7756=CARTESIAN_POINT('',(0.0159648,0.04949,0.0043));
#7757=CARTESIAN_POINT('',(0.0159648,0.04984,0.0043));
#7758=CARTESIAN_POINT('',(0.0156148,0.04984,0.0043));
#7759=CARTESIAN_POINT('',(0.0914148,0.04984,0.0043));
#7760=CARTESIAN_POINT('',(0.0914148,0.04949,0.0043));
#7761=CARTESIAN_POINT('',(0.0917648,0.04949,0.0043));
#7762=CARTESIAN_POINT('',(0.0917648,0.04864,0.0043));
#7763=CARTESIAN_POINT('',(0.0917648,0.04899,0.0043));
#7764=CARTESIAN_POINT('',(0.0914148,0.04899,0.0043));
#7765=CARTESIAN_POINT('',(0.0914148,0.04864,0.0043));
#7766=CARTESIAN_POINT('',(0.0914148,0.04829,0.0043));
#7767=CARTESIAN_POINT('',(0.0917648,0.04829,0.0043));
#7768=CARTESIAN_POINT('',(0.0917648,0.02696,0.0043));
#7769=CARTESIAN_POINT('',(0.0917648,0.02731,0.0043));
#7770=CARTESIAN_POINT('',(0.0914148,0.02731,0.0043));
#7771=CARTESIAN_POINT('',(0.0914148,0.02696,0.0043));
#7772=CARTESIAN_POINT('',(0.0914148,0.02661,0.0043));
#7773=CARTESIAN_POINT('',(0.0917648,0.02661,0.0043));
#7774=CARTESIAN_POINT('',(0.0917648,0.02576,0.0043));
#7775=CARTESIAN_POINT('',(0.0917648,0.02611,0.0043));
#7776=CARTESIAN_POINT('',(0.0914148,0.02611,0.0043));
#7777=CARTESIAN_POINT('',(0.0914148,0.02576,0.0043));
#7778=CARTESIAN_POINT('',(0.0156148,0.02576,0.0043));
#7779=CARTESIAN_POINT('',(0.0159648,0.02576,0.0043));
#7780=CARTESIAN_POINT('',(0.0159648,0.02611,0.0043));
#7781=CARTESIAN_POINT('',(0.0909148,0.02731,0.0043));
#7782=CARTESIAN_POINT('',(0.0905648,0.02731,0.0043));
#7783=CARTESIAN_POINT('',(0.0909148,0.02696,0.0043));
#7784=CARTESIAN_POINT('',(0.0905648,0.02576,0.0043));
#7785=CARTESIAN_POINT('',(0.0905648,0.04829,0.0043));
#7786=CARTESIAN_POINT('',(0.0909148,0.04829,0.0043));
#7787=CARTESIAN_POINT('',(0.0909148,0.04864,0.0043));
#7788=CARTESIAN_POINT('',(0.0156148,0.04864,0.0043));
#7789=CARTESIAN_POINT('',(0.0164648,0.04864,0.0043));
#7790=CARTESIAN_POINT('',(0.0164648,0.04829,0.0043));
#7791=CARTESIAN_POINT('',(0.0168148,0.04829,0.0043));
#7792=CARTESIAN_POINT('',(0.0168148,0.02696,0.0043));
#7793=CARTESIAN_POINT('',(0.0168148,0.02731,0.0043));
#7794=CARTESIAN_POINT('',(0.0164648,0.02731,0.0043));
#7795=CARTESIAN_POINT('',(0.0164648,0.02696,0.0043));
#7796=CARTESIAN_POINT('',(0.0156148,0.02696,0.0043));
#7797=CARTESIAN_POINT('',(0.0909148,0.02731,0.0043));
#7798=CARTESIAN_POINT('',(0.0909148,0.02696,0.0043));
#7799=CARTESIAN_POINT('',(0.0909148,0.02696,0.00605));
#7800=CARTESIAN_POINT('',(0.0909148,0.02731,0.00605));
#7801=CARTESIAN_POINT('',(0.0905648,0.02731,0.00605));
#7802=CARTESIAN_POINT('',(0.0905648,0.02731,0.0043));
#7803=CARTESIAN_POINT('',(0.0905648,0.02696,0.0043));
#7804=CARTESIAN_POINT('',(0.0905648,0.04829,0.0043));
#7805=CARTESIAN_POINT('',(0.0905648,0.04829,0.00605));
#7806=CARTESIAN_POINT('',(0.0905648,0.02696,0.00605));
#7807=CARTESIAN_POINT('',(0.0909148,0.04829,0.0043));
#7808=CARTESIAN_POINT('',(0.0909148,0.04829,0.00605));
#7809=CARTESIAN_POINT('',(0.0909148,0.04864,0.00605));
#7810=CARTESIAN_POINT('',(0.0909148,0.04864,0.0043));
#7811=CARTESIAN_POINT('',(0.0156148,0.04864,0.0043));
#7812=CARTESIAN_POINT('',(0.0156148,0.04864,0.00605));
#7813=CARTESIAN_POINT('',(0.0164648,0.04864,0.00605));
#7814=CARTESIAN_POINT('',(0.0164648,0.04864,0.0043));
#7815=CARTESIAN_POINT('',(0.0164648,0.04829,0.0043));
#7816=CARTESIAN_POINT('',(0.0164648,0.04829,0.00605));
#7817=CARTESIAN_POINT('',(0.0168148,0.04829,0.00605));
#7818=CARTESIAN_POINT('',(0.0168148,0.04829,0.0043));
#7819=CARTESIAN_POINT('',(0.0168148,0.02696,0.0043));
#7820=CARTESIAN_POINT('',(0.0168148,0.02576,0.00605));
#7821=CARTESIAN_POINT('',(0.0168148,0.02731,0.00605));
#7822=CARTESIAN_POINT('',(0.0168148,0.02731,0.0043));
#7823=CARTESIAN_POINT('',(0.0164648,0.02731,0.0043));
#7824=CARTESIAN_POINT('',(0.0164648,0.02731,0.00605));
#7825=CARTESIAN_POINT('',(0.0164648,0.02696,0.00605));
#7826=CARTESIAN_POINT('',(0.0164648,0.02696,0.0043));
#7827=CARTESIAN_POINT('',(0.0156148,0.02696,0.0043));
#7828=CARTESIAN_POINT('',(0.0156148,0.02696,0.00605));
#7829=CARTESIAN_POINT('',(0.0159648,0.02731,0.0043));
#7830=CARTESIAN_POINT('',(0.0159648,0.02696,0.0043));
#7831=CARTESIAN_POINT('',(0.0159648,0.02696,0.00605));
#7832=CARTESIAN_POINT('',(0.0159648,0.02731,0.00605));
#7833=CARTESIAN_POINT('',(0.0156148,0.02731,0.00605));
#7834=CARTESIAN_POINT('',(0.0156148,0.02731,0.0043));
#7835=CARTESIAN_POINT('',(0.0156148,0.02696,0.0043));
#7836=CARTESIAN_POINT('',(0.0156148,0.04829,0.0043));
#7837=CARTESIAN_POINT('',(0.0156148,0.04829,0.00605));
#7838=CARTESIAN_POINT('',(0.0156148,0.02696,0.00605));
#7839=CARTESIAN_POINT('',(0.0159648,0.04829,0.0043));
#7840=CARTESIAN_POINT('',(0.0159648,0.04829,0.00605));
#7841=CARTESIAN_POINT('',(0.0159648,0.04864,0.00605));
#7842=CARTESIAN_POINT('',(0.0159648,0.04864,0.0043));
#7843=CARTESIAN_POINT('',(0.0159648,0.04899,0.0043));
#7844=CARTESIAN_POINT('',(0.0159648,0.04899,0.00605));
#7845=CARTESIAN_POINT('',(0.0156148,0.04899,0.00605));
#7846=CARTESIAN_POINT('',(0.0156148,0.04899,0.0043));
#7847=CARTESIAN_POINT('',(0.0156148,0.04864,0.0043));
#7848=CARTESIAN_POINT('',(0.0156148,0.04949,0.0043));
#7849=CARTESIAN_POINT('',(0.0156148,0.04949,0.00605));
#7850=CARTESIAN_POINT('',(0.0156148,0.04864,0.00605));
#7851=CARTESIAN_POINT('',(0.0159648,0.04949,0.0043));
#7852=CARTESIAN_POINT('',(0.0159648,0.04949,0.00605));
#7853=CARTESIAN_POINT('',(0.0159648,0.04984,0.00605));
#7854=CARTESIAN_POINT('',(0.0159648,0.04984,0.0043));
#7855=CARTESIAN_POINT('',(0.0156148,0.04984,0.0043));
#7856=CARTESIAN_POINT('',(0.0156148,0.04984,0.00605));
#7857=CARTESIAN_POINT('',(0.0914148,0.04984,0.00605));
#7858=CARTESIAN_POINT('',(0.0914148,0.04984,0.0043));
#7859=CARTESIAN_POINT('',(0.0914148,0.04949,0.0043));
#7860=CARTESIAN_POINT('',(0.0914148,0.04949,0.00605));
#7861=CARTESIAN_POINT('',(0.0917648,0.04949,0.00605));
#7862=CARTESIAN_POINT('',(0.0917648,0.04949,0.0043));
#7863=CARTESIAN_POINT('',(0.0917648,0.04864,0.0043));
#7864=CARTESIAN_POINT('',(0.0917648,0.02576,0.00605));
#7865=CARTESIAN_POINT('',(0.0917648,0.04899,0.00605));
#7866=CARTESIAN_POINT('',(0.0917648,0.04899,0.0043));
#7867=CARTESIAN_POINT('',(0.0914148,0.04899,0.0043));
#7868=CARTESIAN_POINT('',(0.0914148,0.04899,0.00605));
#7869=CARTESIAN_POINT('',(0.0914148,0.04864,0.00605));
#7870=CARTESIAN_POINT('',(0.0914148,0.04864,0.0043));
#7871=CARTESIAN_POINT('',(0.0914148,0.04829,0.0043));
#7872=CARTESIAN_POINT('',(0.0914148,0.04829,0.00605));
#7873=CARTESIAN_POINT('',(0.0917648,0.04829,0.00605));
#7874=CARTESIAN_POINT('',(0.0917648,0.04829,0.0043));
#7875=CARTESIAN_POINT('',(0.0917648,0.02696,0.0043));
#7876=CARTESIAN_POINT('',(0.0917648,0.02576,0.00605));
#7877=CARTESIAN_POINT('',(0.0917648,0.02731,0.00605));
#7878=CARTESIAN_POINT('',(0.0917648,0.02731,0.0043));
#7879=CARTESIAN_POINT('',(0.0914148,0.02731,0.0043));
#7880=CARTESIAN_POINT('',(0.0914148,0.02731,0.00605));
#7881=CARTESIAN_POINT('',(0.0914148,0.02696,0.00605));
#7882=CARTESIAN_POINT('',(0.0914148,0.02696,0.0043));
#7883=CARTESIAN_POINT('',(0.0914148,0.02661,0.0043));
#7884=CARTESIAN_POINT('',(0.0914148,0.02661,0.00605));
#7885=CARTESIAN_POINT('',(0.0917648,0.02661,0.00605));
#7886=CARTESIAN_POINT('',(0.0917648,0.02661,0.0043));
#7887=CARTESIAN_POINT('',(0.0917648,0.02576,0.0043));
#7888=CARTESIAN_POINT('',(0.0917648,0.02576,0.00605));
#7889=CARTESIAN_POINT('',(0.0917648,0.02611,0.00605));
#7890=CARTESIAN_POINT('',(0.0917648,0.02611,0.0043));
#7891=CARTESIAN_POINT('',(0.0914148,0.02611,0.0043));
#7892=CARTESIAN_POINT('',(0.0914148,0.02611,0.00605));
#7893=CARTESIAN_POINT('',(0.0914148,0.02576,0.00605));
#7894=CARTESIAN_POINT('',(0.0914148,0.02576,0.0043));
#7895=CARTESIAN_POINT('',(0.0156148,0.02576,0.0043));
#7896=CARTESIAN_POINT('',(0.0156148,0.02576,0.00605));
#7897=CARTESIAN_POINT('',(0.0159648,0.02576,0.00605));
#7898=CARTESIAN_POINT('',(0.0159648,0.02576,0.0043));
#7899=CARTESIAN_POINT('',(0.0159648,0.02661,0.0043));
#7900=CARTESIAN_POINT('',(0.0159648,0.02661,0.00605));
#7901=CARTESIAN_POINT('',(0.0159648,0.02611,0.0043));
#7902=CARTESIAN_POINT('',(0.0159648,0.02611,0.00605));
#7903=CARTESIAN_POINT('',(0.0156148,0.02576,0.00605));
#7904=CARTESIAN_POINT('',(0.,0.,0.));
#7905=CARTESIAN_POINT('',(0.0186148,0.04134,0.0043));
#7906=CARTESIAN_POINT('',(0.0186148,0.04654,0.0043));
#7907=CARTESIAN_POINT('',(0.0186148,0.04654,0.0043));
#7908=CARTESIAN_POINT('',(0.0186148,0.04654,0.00605));
#7909=CARTESIAN_POINT('',(0.0186148,0.04134,0.0043));
#7910=CARTESIAN_POINT('',(0.0186148,0.04214,0.0043));
#7911=CARTESIAN_POINT('',(0.0186148,0.04214,0.0043));
#7912=CARTESIAN_POINT('',(0.0186148,0.04214,0.00605));
#7913=CARTESIAN_POINT('',(0.0186148,0.04134,0.00605));
#7914=CARTESIAN_POINT('',(0.0186148,0.04134,0.0043));
#7915=CARTESIAN_POINT('',(0.0194148,0.04654,0.0043));
#7916=CARTESIAN_POINT('',(0.0194148,0.04734,0.0043));
#7917=CARTESIAN_POINT('',(0.0186148,0.04734,0.0043));
#7918=CARTESIAN_POINT('',(0.0238148,0.04734,0.0043));
#7919=CARTESIAN_POINT('',(0.0238148,0.04654,0.0043));
#7920=CARTESIAN_POINT('',(0.0246148,0.04654,0.0043));
#7921=CARTESIAN_POINT('',(0.0246148,0.04134,0.0043));
#7922=CARTESIAN_POINT('',(0.0246148,0.04214,0.0043));
#7923=CARTESIAN_POINT('',(0.0238148,0.04214,0.0043));
#7924=CARTESIAN_POINT('',(0.0238148,0.04134,0.0043));
#7925=CARTESIAN_POINT('',(0.0186148,0.04134,0.0043));
#7926=CARTESIAN_POINT('',(0.0194148,0.04134,0.0043));
#7927=CARTESIAN_POINT('',(0.0194148,0.04214,0.0043));
#7928=CARTESIAN_POINT('',(0.0246148,0.04134,0.0043));
#7929=CARTESIAN_POINT('',(0.0246148,0.04134,0.00605));
#7930=CARTESIAN_POINT('',(0.0246148,0.04214,0.00605));
#7931=CARTESIAN_POINT('',(0.0246148,0.04654,0.00605));
#7932=CARTESIAN_POINT('',(0.0246148,0.04214,0.0043));
#7933=CARTESIAN_POINT('',(0.0246148,0.04654,0.0043));
#7934=CARTESIAN_POINT('',(0.0238148,0.04654,0.0043));
#7935=CARTESIAN_POINT('',(0.0238148,0.04734,0.0043));
#7936=CARTESIAN_POINT('',(0.0238148,0.04734,0.00605));
#7937=CARTESIAN_POINT('',(0.0238148,0.04654,0.00605));
#7938=CARTESIAN_POINT('',(0.0238148,0.04214,0.0043));
#7939=CARTESIAN_POINT('',(0.0238148,0.04214,0.00605));
#7940=CARTESIAN_POINT('',(0.0238148,0.04134,0.00605));
#7941=CARTESIAN_POINT('',(0.0238148,0.04134,0.0043));
#7942=CARTESIAN_POINT('',(0.0186148,0.04734,0.0043));
#7943=CARTESIAN_POINT('',(0.0194148,0.04734,0.0043));
#7944=CARTESIAN_POINT('',(0.0194148,0.04734,0.00605));
#7945=CARTESIAN_POINT('',(0.0186148,0.04734,0.00605));
#7946=CARTESIAN_POINT('',(0.0186148,0.04134,0.0043));
#7947=CARTESIAN_POINT('',(0.0186148,0.04134,0.00605));
#7948=CARTESIAN_POINT('',(0.0194148,0.04134,0.00605));
#7949=CARTESIAN_POINT('',(0.0194148,0.04134,0.0043));
#7950=CARTESIAN_POINT('',(0.0194148,0.04654,0.0043));
#7951=CARTESIAN_POINT('',(0.0194148,0.04654,0.00605));
#7952=CARTESIAN_POINT('',(0.0194148,0.04214,0.0043));
#7953=CARTESIAN_POINT('',(0.0194148,0.04214,0.00605));
#7954=CARTESIAN_POINT('',(0.0186148,0.04134,0.00605));
#7955=CARTESIAN_POINT('',(0.,0.,0.));
#7956=CARTESIAN_POINT('',(0.0186148,0.02826,0.0043));
#7957=CARTESIAN_POINT('',(0.0186148,0.03346,0.0043));
#7958=CARTESIAN_POINT('',(0.0186148,0.03346,0.0043));
#7959=CARTESIAN_POINT('',(0.0186148,0.03346,0.00605));
#7960=CARTESIAN_POINT('',(0.0186148,0.02826,0.0043));
#7961=CARTESIAN_POINT('',(0.0186148,0.02906,0.0043));
#7962=CARTESIAN_POINT('',(0.0186148,0.02906,0.0043));
#7963=CARTESIAN_POINT('',(0.0186148,0.02906,0.00605));
#7964=CARTESIAN_POINT('',(0.0186148,0.02826,0.00605));
#7965=CARTESIAN_POINT('',(0.0186148,0.02826,0.0043));
#7966=CARTESIAN_POINT('',(0.0194148,0.03346,0.0043));
#7967=CARTESIAN_POINT('',(0.0194148,0.03426,0.0043));
#7968=CARTESIAN_POINT('',(0.0186148,0.03426,0.0043));
#7969=CARTESIAN_POINT('',(0.0238148,0.03426,0.0043));
#7970=CARTESIAN_POINT('',(0.0238148,0.03346,0.0043));
#7971=CARTESIAN_POINT('',(0.0246148,0.03346,0.0043));
#7972=CARTESIAN_POINT('',(0.0246148,0.02826,0.0043));
#7973=CARTESIAN_POINT('',(0.0246148,0.02906,0.0043));
#7974=CARTESIAN_POINT('',(0.0238148,0.02906,0.0043));
#7975=CARTESIAN_POINT('',(0.0238148,0.02826,0.0043));
#7976=CARTESIAN_POINT('',(0.0186148,0.02826,0.0043));
#7977=CARTESIAN_POINT('',(0.0194148,0.02826,0.0043));
#7978=CARTESIAN_POINT('',(0.0194148,0.02906,0.0043));
#7979=CARTESIAN_POINT('',(0.0246148,0.02826,0.0043));
#7980=CARTESIAN_POINT('',(0.0246148,0.02826,0.00605));
#7981=CARTESIAN_POINT('',(0.0246148,0.02906,0.00605));
#7982=CARTESIAN_POINT('',(0.0246148,0.03346,0.00605));
#7983=CARTESIAN_POINT('',(0.0246148,0.02906,0.0043));
#7984=CARTESIAN_POINT('',(0.0246148,0.03346,0.0043));
#7985=CARTESIAN_POINT('',(0.0238148,0.03346,0.0043));
#7986=CARTESIAN_POINT('',(0.0238148,0.03426,0.0043));
#7987=CARTESIAN_POINT('',(0.0238148,0.03426,0.00605));
#7988=CARTESIAN_POINT('',(0.0238148,0.03346,0.00605));
#7989=CARTESIAN_POINT('',(0.0238148,0.02906,0.0043));
#7990=CARTESIAN_POINT('',(0.0238148,0.02906,0.00605));
#7991=CARTESIAN_POINT('',(0.0238148,0.02826,0.00605));
#7992=CARTESIAN_POINT('',(0.0238148,0.02826,0.0043));
#7993=CARTESIAN_POINT('',(0.0186148,0.03426,0.0043));
#7994=CARTESIAN_POINT('',(0.0194148,0.03426,0.0043));
#7995=CARTESIAN_POINT('',(0.0194148,0.03426,0.00605));
#7996=CARTESIAN_POINT('',(0.0186148,0.03426,0.00605));
#7997=CARTESIAN_POINT('',(0.0186148,0.02826,0.0043));
#7998=CARTESIAN_POINT('',(0.0186148,0.02826,0.00605));
#7999=CARTESIAN_POINT('',(0.0194148,0.02826,0.00605));
#8000=CARTESIAN_POINT('',(0.0194148,0.02826,0.0043));
#8001=CARTESIAN_POINT('',(0.0194148,0.03346,0.0043));
#8002=CARTESIAN_POINT('',(0.0194148,0.03346,0.00605));
#8003=CARTESIAN_POINT('',(0.0194148,0.02906,0.0043));
#8004=CARTESIAN_POINT('',(0.0194148,0.02906,0.00605));
#8005=CARTESIAN_POINT('',(0.0186148,0.02826,0.00605));
#8006=CARTESIAN_POINT('',(0.,0.,0.));
#8007=MECHANICAL_DESIGN_GEOMETRIC_PRESENTATION_REPRESENTATION('',(#4636,
#4637,#4638,#4639,#4640,#4641,#4642,#4643),#8008);
#8008=(
GEOMETRIC_REPRESENTATION_CONTEXT(3)
GLOBAL_UNCERTAINTY_ASSIGNED_CONTEXT((#8017))
GLOBAL_UNIT_ASSIGNED_CONTEXT((#8028,#8027,#8026))
REPRESENTATION_CONTEXT('Nova-clock Final Assembly',
'TOP_LEVEL_ASSEMBLY_PART')
);
#8009=(
GEOMETRIC_REPRESENTATION_CONTEXT(3)
GLOBAL_UNCERTAINTY_ASSIGNED_CONTEXT((#8018))
GLOBAL_UNIT_ASSIGNED_CONTEXT((#8028,#8027,#8026))
REPRESENTATION_CONTEXT('Open CASCADE STEP translator 7.9 2.1',
'COMPONENT_PART')
);
#8010=(
GEOMETRIC_REPRESENTATION_CONTEXT(3)
GLOBAL_UNCERTAINTY_ASSIGNED_CONTEXT((#8019))
GLOBAL_UNIT_ASSIGNED_CONTEXT((#8028,#8027,#8026))
REPRESENTATION_CONTEXT('Part 1','COMPONENT_PART')
);
#8011=(
GEOMETRIC_REPRESENTATION_CONTEXT(3)
GLOBAL_UNCERTAINTY_ASSIGNED_CONTEXT((#8020))
GLOBAL_UNIT_ASSIGNED_CONTEXT((#8028,#8027,#8026))
REPRESENTATION_CONTEXT('Open CASCADE STEP translator 7.9 2.6',
'COMPONENT_PART')
);
#8012=(
GEOMETRIC_REPRESENTATION_CONTEXT(3)
GLOBAL_UNCERTAINTY_ASSIGNED_CONTEXT((#8021))
GLOBAL_UNIT_ASSIGNED_CONTEXT((#8028,#8027,#8026))
REPRESENTATION_CONTEXT('Open CASCADE STEP translator 7.9 2.5',
'COMPONENT_PART')
);
#8013=(
GEOMETRIC_REPRESENTATION_CONTEXT(3)
GLOBAL_UNCERTAINTY_ASSIGNED_CONTEXT((#8022))
GLOBAL_UNIT_ASSIGNED_CONTEXT((#8028,#8027,#8026))
REPRESENTATION_CONTEXT('Part 1','COMPONENT_PART')
);
#8014=(
GEOMETRIC_REPRESENTATION_CONTEXT(3)
GLOBAL_UNCERTAINTY_ASSIGNED_CONTEXT((#8023))
GLOBAL_UNIT_ASSIGNED_CONTEXT((#8028,#8027,#8026))
REPRESENTATION_CONTEXT('Open CASCADE STEP translator 7.9 2.2',
'COMPONENT_PART')
);
#8015=(
GEOMETRIC_REPRESENTATION_CONTEXT(3)
GLOBAL_UNCERTAINTY_ASSIGNED_CONTEXT((#8024))
GLOBAL_UNIT_ASSIGNED_CONTEXT((#8028,#8027,#8026))
REPRESENTATION_CONTEXT('Open CASCADE STEP translator 7.9 2.4',
'COMPONENT_PART')
);
#8016=(
GEOMETRIC_REPRESENTATION_CONTEXT(3)
GLOBAL_UNCERTAINTY_ASSIGNED_CONTEXT((#8025))
GLOBAL_UNIT_ASSIGNED_CONTEXT((#8028,#8027,#8026))
REPRESENTATION_CONTEXT('Open CASCADE STEP translator 7.9 2.3',
'COMPONENT_PART')
);
#8017=UNCERTAINTY_MEASURE_WITH_UNIT(LENGTH_MEASURE(1.E-8),#8028,
'DISTANCE_ACCURACY_VALUE','Maximum Tolerance applied to model');
#8018=UNCERTAINTY_MEASURE_WITH_UNIT(LENGTH_MEASURE(1.E-8),#8028,
'DISTANCE_ACCURACY_VALUE','Maximum Tolerance applied to model');
#8019=UNCERTAINTY_MEASURE_WITH_UNIT(LENGTH_MEASURE(1.E-8),#8028,
'DISTANCE_ACCURACY_VALUE','Maximum Tolerance applied to model');
#8020=UNCERTAINTY_MEASURE_WITH_UNIT(LENGTH_MEASURE(1.E-8),#8028,
'DISTANCE_ACCURACY_VALUE','Maximum Tolerance applied to model');
#8021=UNCERTAINTY_MEASURE_WITH_UNIT(LENGTH_MEASURE(1.E-8),#8028,
'DISTANCE_ACCURACY_VALUE','Maximum Tolerance applied to model');
#8022=UNCERTAINTY_MEASURE_WITH_UNIT(LENGTH_MEASURE(1.E-8),#8028,
'DISTANCE_ACCURACY_VALUE','Maximum Tolerance applied to model');
#8023=UNCERTAINTY_MEASURE_WITH_UNIT(LENGTH_MEASURE(1.E-8),#8028,
'DISTANCE_ACCURACY_VALUE','Maximum Tolerance applied to model');
#8024=UNCERTAINTY_MEASURE_WITH_UNIT(LENGTH_MEASURE(1.E-8),#8028,
'DISTANCE_ACCURACY_VALUE','Maximum Tolerance applied to model');
#8025=UNCERTAINTY_MEASURE_WITH_UNIT(LENGTH_MEASURE(1.E-8),#8028,
'DISTANCE_ACCURACY_VALUE','Maximum Tolerance applied to model');
#8026=(
NAMED_UNIT(*)
SI_UNIT($,.STERADIAN.)
SOLID_ANGLE_UNIT()
);
#8027=(
NAMED_UNIT(*)
PLANE_ANGLE_UNIT()
SI_UNIT($,.RADIAN.)
);
#8028=(
LENGTH_UNIT()
NAMED_UNIT(*)
SI_UNIT($,.METRE.)
);
#8029=PRODUCT_DEFINITION_SHAPE('','',#8046);
#8030=PRODUCT_DEFINITION_SHAPE('','',#8047);
#8031=PRODUCT_DEFINITION_SHAPE(' ','NAUO PRDDFN',#18);
#8032=PRODUCT_DEFINITION_SHAPE('','',#8048);
#8033=PRODUCT_DEFINITION_SHAPE(' ','NAUO PRDDFN',#19);
#8034=PRODUCT_DEFINITION_SHAPE('','',#8049);
#8035=PRODUCT_DEFINITION_SHAPE(' ','NAUO PRDDFN',#20);
#8036=PRODUCT_DEFINITION_SHAPE('','',#8050);
#8037=PRODUCT_DEFINITION_SHAPE(' ','NAUO PRDDFN',#21);
#8038=PRODUCT_DEFINITION_SHAPE('','',#8051);
#8039=PRODUCT_DEFINITION_SHAPE(' ','NAUO PRDDFN',#22);
#8040=PRODUCT_DEFINITION_SHAPE('','',#8052);
#8041=PRODUCT_DEFINITION_SHAPE(' ','NAUO PRDDFN',#23);
#8042=PRODUCT_DEFINITION_SHAPE('','',#8053);
#8043=PRODUCT_DEFINITION_SHAPE(' ','NAUO PRDDFN',#24);
#8044=PRODUCT_DEFINITION_SHAPE('','',#8054);
#8045=PRODUCT_DEFINITION_SHAPE(' ','NAUO PRDDFN',#25);
#8046=PRODUCT_DEFINITION('','',#8064,#8055);
#8047=PRODUCT_DEFINITION('','',#8065,#8056);
#8048=PRODUCT_DEFINITION('','',#8066,#8057);
#8049=PRODUCT_DEFINITION('','',#8067,#8058);
#8050=PRODUCT_DEFINITION('','',#8068,#8059);
#8051=PRODUCT_DEFINITION('','',#8069,#8060);
#8052=PRODUCT_DEFINITION('','',#8070,#8061);
#8053=PRODUCT_DEFINITION('','',#8071,#8062);
#8054=PRODUCT_DEFINITION('','',#8072,#8063);
#8055=PRODUCT_DEFINITION_CONTEXT('',#8110,'design');
#8056=PRODUCT_DEFINITION_CONTEXT('',#8110,'design');
#8057=PRODUCT_DEFINITION_CONTEXT('',#8110,'design');
#8058=PRODUCT_DEFINITION_CONTEXT('',#8110,'design');
#8059=PRODUCT_DEFINITION_CONTEXT('',#8110,'design');
#8060=PRODUCT_DEFINITION_CONTEXT('',#8110,'design');
#8061=PRODUCT_DEFINITION_CONTEXT('',#8110,'design');
#8062=PRODUCT_DEFINITION_CONTEXT('',#8110,'design');
#8063=PRODUCT_DEFINITION_CONTEXT('',#8110,'design');
#8064=PRODUCT_DEFINITION_FORMATION_WITH_SPECIFIED_SOURCE('','',#8082,
 .NOT_KNOWN.);
#8065=PRODUCT_DEFINITION_FORMATION_WITH_SPECIFIED_SOURCE('','',#8083,
 .NOT_KNOWN.);
#8066=PRODUCT_DEFINITION_FORMATION_WITH_SPECIFIED_SOURCE('','',#8084,
 .NOT_KNOWN.);
#8067=PRODUCT_DEFINITION_FORMATION_WITH_SPECIFIED_SOURCE('','',#8085,
 .NOT_KNOWN.);
#8068=PRODUCT_DEFINITION_FORMATION_WITH_SPECIFIED_SOURCE('','',#8086,
 .NOT_KNOWN.);
#8069=PRODUCT_DEFINITION_FORMATION_WITH_SPECIFIED_SOURCE('','',#8087,
 .NOT_KNOWN.);
#8070=PRODUCT_DEFINITION_FORMATION_WITH_SPECIFIED_SOURCE('','',#8088,
 .NOT_KNOWN.);
#8071=PRODUCT_DEFINITION_FORMATION_WITH_SPECIFIED_SOURCE('','',#8089,
 .NOT_KNOWN.);
#8072=PRODUCT_DEFINITION_FORMATION_WITH_SPECIFIED_SOURCE('','',#8090,
 .NOT_KNOWN.);
#8073=PRODUCT_RELATED_PRODUCT_CATEGORY('','',(#8082));
#8074=PRODUCT_RELATED_PRODUCT_CATEGORY('','',(#8083));
#8075=PRODUCT_RELATED_PRODUCT_CATEGORY('','',(#8084));
#8076=PRODUCT_RELATED_PRODUCT_CATEGORY('','',(#8085));
#8077=PRODUCT_RELATED_PRODUCT_CATEGORY('','',(#8086));
#8078=PRODUCT_RELATED_PRODUCT_CATEGORY('','',(#8087));
#8079=PRODUCT_RELATED_PRODUCT_CATEGORY('','',(#8088));
#8080=PRODUCT_RELATED_PRODUCT_CATEGORY('','',(#8089));
#8081=PRODUCT_RELATED_PRODUCT_CATEGORY('','',(#8090));
#8082=PRODUCT('Nova-clock Final Assembly','Nova-clock Final Assembly',
'Nova-clock Final Assembly',(#8100));
#8083=PRODUCT('Open CASCADE STEP translator 7.9 2.1',
'Open CASCADE STEP translator 7.9 2.1',
'Open CASCADE STEP translator 7.9 2.1',(#8101));
#8084=PRODUCT('Part 1','Part 1','Part 1',(#8102));
#8085=PRODUCT('Open CASCADE STEP translator 7.9 2.6',
'Open CASCADE STEP translator 7.9 2.6',
'Open CASCADE STEP translator 7.9 2.6',(#8103));
#8086=PRODUCT('Open CASCADE STEP translator 7.9 2.5',
'Open CASCADE STEP translator 7.9 2.5',
'Open CASCADE STEP translator 7.9 2.5',(#8104));
#8087=PRODUCT('Part 1','Part 1','Part 1',(#8105));
#8088=PRODUCT('Open CASCADE STEP translator 7.9 2.2',
'Open CASCADE STEP translator 7.9 2.2',
'Open CASCADE STEP translator 7.9 2.2',(#8106));
#8089=PRODUCT('Open CASCADE STEP translator 7.9 2.4',
'Open CASCADE STEP translator 7.9 2.4',
'Open CASCADE STEP translator 7.9 2.4',(#8107));
#8090=PRODUCT('Open CASCADE STEP translator 7.9 2.3',
'Open CASCADE STEP translator 7.9 2.3',
'Open CASCADE STEP translator 7.9 2.3',(#8108));
#8091=PRODUCT_CATEGORY('','');
#8092=PRODUCT_CATEGORY('','');
#8093=PRODUCT_CATEGORY('','');
#8094=PRODUCT_CATEGORY('','');
#8095=PRODUCT_CATEGORY('','');
#8096=PRODUCT_CATEGORY('','');
#8097=PRODUCT_CATEGORY('','');
#8098=PRODUCT_CATEGORY('','');
#8099=PRODUCT_CATEGORY('','');
#8100=PRODUCT_CONTEXT('',#8110,'mechanical');
#8101=PRODUCT_CONTEXT('',#8110,'mechanical');
#8102=PRODUCT_CONTEXT('',#8110,'mechanical');
#8103=PRODUCT_CONTEXT('',#8110,'mechanical');
#8104=PRODUCT_CONTEXT('',#8110,'mechanical');
#8105=PRODUCT_CONTEXT('',#8110,'mechanical');
#8106=PRODUCT_CONTEXT('',#8110,'mechanical');
#8107=PRODUCT_CONTEXT('',#8110,'mechanical');
#8108=PRODUCT_CONTEXT('',#8110,'mechanical');
#8109=APPLICATION_PROTOCOL_DEFINITION('international standard',
'ap242_managed_model_based_3d_engineering',2020,#8110);
#8110=APPLICATION_CONTEXT('managed model based 3d engineering');
ENDSEC;
END-ISO-10303-21;
